plate	well	row	column	evo_hist	strainID	streptomycin_ug_ml	carbon_source	plate_file	class
Plate 1	A01	A	1	ANC	H0403	0	leucine	Carbon_sources_5_1_06-heinä-2026 09-01-04.txt	amino_acid
Plate 1	A02	A	2	EVO	H0403	0	leucine	Carbon_sources_5_1_06-heinä-2026 09-01-04.txt	amino_acid
Plate 1	A03	A	3	ANC	H1896	0	leucine	Carbon_sources_5_1_06-heinä-2026 09-01-04.txt	amino_acid
Plate 1	A04	A	4	EVO	H1896	0	leucine	Carbon_sources_5_1_06-heinä-2026 09-01-04.txt	amino_acid
Plate 1	A05	A	5	ANC	H0403	0	sucrose	Carbon_sources_5_1_06-heinä-2026 09-01-04.txt	sugar
Plate 1	A06	A	6	EVO	H0403	0	sucrose	Carbon_sources_5_1_06-heinä-2026 09-01-04.txt	sugar
Plate 1	A07	A	7	ANC	H1896	0	sucrose	Carbon_sources_5_1_06-heinä-2026 09-01-04.txt	sugar
Plate 1	A08	A	8	EVO	H1896	0	sucrose	Carbon_sources_5_1_06-heinä-2026 09-01-04.txt	sugar
Plate 1	A09	A	9	ANC	H0403	0	glucose	Carbon_sources_5_1_06-heinä-2026 09-01-04.txt	sugar
Plate 1	A10	A	10	EVO	H0403	0	glucose	Carbon_sources_5_1_06-heinä-2026 09-01-04.txt	sugar
Plate 1	A11	A	11	ANC	H1896	0	glucose	Carbon_sources_5_1_06-heinä-2026 09-01-04.txt	sugar
Plate 1	A12	A	12	EVO	H1896	0	glucose	Carbon_sources_5_1_06-heinä-2026 09-01-04.txt	sugar
Plate 1	B01	B	1	ANC	H0403	0	leucine	Carbon_sources_5_1_06-heinä-2026 09-01-04.txt	amino_acid
Plate 1	B02	B	2	EVO	H0403	0	leucine	Carbon_sources_5_1_06-heinä-2026 09-01-04.txt	amino_acid
Plate 1	B03	B	3	ANC	H1896	0	leucine	Carbon_sources_5_1_06-heinä-2026 09-01-04.txt	amino_acid
Plate 1	B04	B	4	EVO	H1896	0	leucine	Carbon_sources_5_1_06-heinä-2026 09-01-04.txt	amino_acid
Plate 1	B05	B	5	ANC	H0403	0	sucrose	Carbon_sources_5_1_06-heinä-2026 09-01-04.txt	sugar
Plate 1	B06	B	6	EVO	H0403	0	sucrose	Carbon_sources_5_1_06-heinä-2026 09-01-04.txt	sugar
Plate 1	B07	B	7	ANC	H1896	0	sucrose	Carbon_sources_5_1_06-heinä-2026 09-01-04.txt	sugar
Plate 1	B08	B	8	EVO	H1896	0	sucrose	Carbon_sources_5_1_06-heinä-2026 09-01-04.txt	sugar
Plate 1	B09	B	9	ANC	H0403	0	glucose	Carbon_sources_5_1_06-heinä-2026 09-01-04.txt	sugar
Plate 1	B10	B	10	EVO	H0403	0	glucose	Carbon_sources_5_1_06-heinä-2026 09-01-04.txt	sugar
Plate 1	B11	B	11	ANC	H1896	0	glucose	Carbon_sources_5_1_06-heinä-2026 09-01-04.txt	sugar
Plate 1	B12	B	12	EVO	H1896	0	glucose	Carbon_sources_5_1_06-heinä-2026 09-01-04.txt	sugar
Plate 1	C01	C	1	ANC	H0403	0	leucine	Carbon_sources_5_1_06-heinä-2026 09-01-04.txt	amino_acid
Plate 1	C02	C	2	EVO	H0403	0	leucine	Carbon_sources_5_1_06-heinä-2026 09-01-04.txt	amino_acid
Plate 1	C03	C	3	ANC	H1896	0	leucine	Carbon_sources_5_1_06-heinä-2026 09-01-04.txt	amino_acid
Plate 1	C04	C	4	EVO	H1896	0	leucine	Carbon_sources_5_1_06-heinä-2026 09-01-04.txt	amino_acid
Plate 1	C05	C	5	ANC	H0403	0	sucrose	Carbon_sources_5_1_06-heinä-2026 09-01-04.txt	sugar
Plate 1	C06	C	6	EVO	H0403	0	sucrose	Carbon_sources_5_1_06-heinä-2026 09-01-04.txt	sugar
Plate 1	C07	C	7	ANC	H1896	0	sucrose	Carbon_sources_5_1_06-heinä-2026 09-01-04.txt	sugar
Plate 1	C08	C	8	EVO	H1896	0	sucrose	Carbon_sources_5_1_06-heinä-2026 09-01-04.txt	sugar
Plate 1	C09	C	9	ANC	H0403	0	glucose	Carbon_sources_5_1_06-heinä-2026 09-01-04.txt	sugar
Plate 1	C10	C	10	EVO	H0403	0	glucose	Carbon_sources_5_1_06-heinä-2026 09-01-04.txt	sugar
Plate 1	C11	C	11	ANC	H1896	0	glucose	Carbon_sources_5_1_06-heinä-2026 09-01-04.txt	sugar
Plate 1	C12	C	12	EVO	H1896	0	glucose	Carbon_sources_5_1_06-heinä-2026 09-01-04.txt	sugar
Plate 1	D01	D	1	ANC	H0403	0	leucine	Carbon_sources_5_1_06-heinä-2026 09-01-04.txt	amino_acid
Plate 1	D02	D	2	EVO	H0403	0	leucine	Carbon_sources_5_1_06-heinä-2026 09-01-04.txt	amino_acid
Plate 1	D03	D	3	ANC	H1896	0	leucine	Carbon_sources_5_1_06-heinä-2026 09-01-04.txt	amino_acid
Plate 1	D04	D	4	EVO	H1896	0	leucine	Carbon_sources_5_1_06-heinä-2026 09-01-04.txt	amino_acid
Plate 1	D05	D	5	ANC	H0403	0	sucrose	Carbon_sources_5_1_06-heinä-2026 09-01-04.txt	sugar
Plate 1	D06	D	6	EVO	H0403	0	sucrose	Carbon_sources_5_1_06-heinä-2026 09-01-04.txt	sugar
Plate 1	D07	D	7	ANC	H1896	0	sucrose	Carbon_sources_5_1_06-heinä-2026 09-01-04.txt	sugar
Plate 1	D08	D	8	EVO	H1896	0	sucrose	Carbon_sources_5_1_06-heinä-2026 09-01-04.txt	sugar
Plate 1	D09	D	9	ANC	H0403	0	glucose	Carbon_sources_5_1_06-heinä-2026 09-01-04.txt	sugar
Plate 1	D10	D	10	EVO	H0403	0	glucose	Carbon_sources_5_1_06-heinä-2026 09-01-04.txt	sugar
Plate 1	D11	D	11	ANC	H1896	0	glucose	Carbon_sources_5_1_06-heinä-2026 09-01-04.txt	sugar
Plate 1	D12	D	12	EVO	H1896	0	glucose	Carbon_sources_5_1_06-heinä-2026 09-01-04.txt	sugar
Plate 1	E01	E	1	ANC	H0403	0	leucine	Carbon_sources_5_1_06-heinä-2026 09-01-04.txt	amino_acid
Plate 1	E02	E	2	EVO	H0403	0	leucine	Carbon_sources_5_1_06-heinä-2026 09-01-04.txt	amino_acid
Plate 1	E03	E	3	ANC	H1896	0	leucine	Carbon_sources_5_1_06-heinä-2026 09-01-04.txt	amino_acid
Plate 1	E04	E	4	EVO	H1896	0	leucine	Carbon_sources_5_1_06-heinä-2026 09-01-04.txt	amino_acid
Plate 1	E05	E	5	ANC	H0403	0	sucrose	Carbon_sources_5_1_06-heinä-2026 09-01-04.txt	sugar
Plate 1	E06	E	6	EVO	H0403	0	sucrose	Carbon_sources_5_1_06-heinä-2026 09-01-04.txt	sugar
Plate 1	E07	E	7	ANC	H1896	0	sucrose	Carbon_sources_5_1_06-heinä-2026 09-01-04.txt	sugar
Plate 1	E08	E	8	EVO	H1896	0	sucrose	Carbon_sources_5_1_06-heinä-2026 09-01-04.txt	sugar
Plate 1	E09	E	9	ANC	H0403	0	glucose	Carbon_sources_5_1_06-heinä-2026 09-01-04.txt	sugar
Plate 1	E10	E	10	EVO	H0403	0	glucose	Carbon_sources_5_1_06-heinä-2026 09-01-04.txt	sugar
Plate 1	E11	E	11	ANC	H1896	0	glucose	Carbon_sources_5_1_06-heinä-2026 09-01-04.txt	sugar
Plate 1	E12	E	12	EVO	H1896	0	glucose	Carbon_sources_5_1_06-heinä-2026 09-01-04.txt	sugar
Plate 1	F01	F	1	ANC	H0403	0	leucine	Carbon_sources_5_1_06-heinä-2026 09-01-04.txt	amino_acid
Plate 1	F02	F	2	EVO	H0403	0	leucine	Carbon_sources_5_1_06-heinä-2026 09-01-04.txt	amino_acid
Plate 1	F03	F	3	ANC	H1896	0	leucine	Carbon_sources_5_1_06-heinä-2026 09-01-04.txt	amino_acid
Plate 1	F04	F	4	EVO	H1896	0	leucine	Carbon_sources_5_1_06-heinä-2026 09-01-04.txt	amino_acid
Plate 1	F05	F	5	ANC	H0403	0	sucrose	Carbon_sources_5_1_06-heinä-2026 09-01-04.txt	sugar
Plate 1	F06	F	6	EVO	H0403	0	sucrose	Carbon_sources_5_1_06-heinä-2026 09-01-04.txt	sugar
Plate 1	F07	F	7	ANC	H1896	0	sucrose	Carbon_sources_5_1_06-heinä-2026 09-01-04.txt	sugar
Plate 1	F08	F	8	EVO	H1896	0	sucrose	Carbon_sources_5_1_06-heinä-2026 09-01-04.txt	sugar
Plate 1	F09	F	9	ANC	H0403	0	glucose	Carbon_sources_5_1_06-heinä-2026 09-01-04.txt	sugar
Plate 1	F10	F	10	EVO	H0403	0	glucose	Carbon_sources_5_1_06-heinä-2026 09-01-04.txt	sugar
Plate 1	F11	F	11	ANC	H1896	0	glucose	Carbon_sources_5_1_06-heinä-2026 09-01-04.txt	sugar
Plate 1	F12	F	12	EVO	H1896	0	glucose	Carbon_sources_5_1_06-heinä-2026 09-01-04.txt	sugar
Plate 1	G01	G	1	ANC	H0403	0	leucine	Carbon_sources_5_1_06-heinä-2026 09-01-04.txt	amino_acid
Plate 1	G02	G	2	EVO	H0403	0	leucine	Carbon_sources_5_1_06-heinä-2026 09-01-04.txt	amino_acid
Plate 1	G03	G	3	ANC	H1896	0	leucine	Carbon_sources_5_1_06-heinä-2026 09-01-04.txt	amino_acid
Plate 1	G04	G	4	EVO	H1896	0	leucine	Carbon_sources_5_1_06-heinä-2026 09-01-04.txt	amino_acid
Plate 1	G05	G	5	ANC	H0403	0	sucrose	Carbon_sources_5_1_06-heinä-2026 09-01-04.txt	sugar
Plate 1	G06	G	6	EVO	H0403	0	sucrose	Carbon_sources_5_1_06-heinä-2026 09-01-04.txt	sugar
Plate 1	G07	G	7	ANC	H1896	0	sucrose	Carbon_sources_5_1_06-heinä-2026 09-01-04.txt	sugar
Plate 1	G08	G	8	EVO	H1896	0	sucrose	Carbon_sources_5_1_06-heinä-2026 09-01-04.txt	sugar
Plate 1	G09	G	9	ANC	H0403	0	glucose	Carbon_sources_5_1_06-heinä-2026 09-01-04.txt	sugar
Plate 1	G10	G	10	EVO	H0403	0	glucose	Carbon_sources_5_1_06-heinä-2026 09-01-04.txt	sugar
Plate 1	G11	G	11	ANC	H1896	0	glucose	Carbon_sources_5_1_06-heinä-2026 09-01-04.txt	sugar
Plate 1	G12	G	12	EVO	H1896	0	glucose	Carbon_sources_5_1_06-heinä-2026 09-01-04.txt	sugar
Plate 1	H01	H	1	ANC	H0403	0	leucine	Carbon_sources_5_1_06-heinä-2026 09-01-04.txt	amino_acid
Plate 1	H02	H	2	EVO	H0403	0	leucine	Carbon_sources_5_1_06-heinä-2026 09-01-04.txt	amino_acid
Plate 1	H03	H	3	ANC	H1896	0	leucine	Carbon_sources_5_1_06-heinä-2026 09-01-04.txt	amino_acid
Plate 1	H04	H	4	EVO	H1896	0	leucine	Carbon_sources_5_1_06-heinä-2026 09-01-04.txt	amino_acid
Plate 1	H05	H	5	ANC	H0403	0	sucrose	Carbon_sources_5_1_06-heinä-2026 09-01-04.txt	sugar
Plate 1	H06	H	6	EVO	H0403	0	sucrose	Carbon_sources_5_1_06-heinä-2026 09-01-04.txt	sugar
Plate 1	H07	H	7	ANC	H1896	0	sucrose	Carbon_sources_5_1_06-heinä-2026 09-01-04.txt	sugar
Plate 1	H08	H	8	EVO	H1896	0	sucrose	Carbon_sources_5_1_06-heinä-2026 09-01-04.txt	sugar
Plate 1	H09	H	9	ANC	H0403	0	glucose	Carbon_sources_5_1_06-heinä-2026 09-01-04.txt	sugar
Plate 1	H10	H	10	EVO	H0403	0	glucose	Carbon_sources_5_1_06-heinä-2026 09-01-04.txt	sugar
Plate 1	H11	H	11	ANC	H1896	0	glucose	Carbon_sources_5_1_06-heinä-2026 09-01-04.txt	sugar
Plate 1	H12	H	12	EVO	H1896	0	glucose	Carbon_sources_5_1_06-heinä-2026 09-01-04.txt	sugar
Plate 2	A01	A	1	ANC	H0403	0	shikimic acid	Carbon_sources_5_2_06-heinä-2026 09-01-04.txt	organic_acid
Plate 2	A02	A	2	EVO	H0403	0	shikimic acid	Carbon_sources_5_2_06-heinä-2026 09-01-04.txt	organic_acid
Plate 2	A03	A	3	ANC	H1896	0	shikimic acid	Carbon_sources_5_2_06-heinä-2026 09-01-04.txt	organic_acid
Plate 2	A04	A	4	EVO	H1896	0	shikimic acid	Carbon_sources_5_2_06-heinä-2026 09-01-04.txt	organic_acid
Plate 2	A05	A	5	ANC	H0403	0	L-cysteine	Carbon_sources_5_2_06-heinä-2026 09-01-04.txt	amino_acid
Plate 2	A06	A	6	EVO	H0403	0	L-cysteine	Carbon_sources_5_2_06-heinä-2026 09-01-04.txt	amino_acid
Plate 2	A07	A	7	ANC	H1896	0	L-cysteine	Carbon_sources_5_2_06-heinä-2026 09-01-04.txt	amino_acid
Plate 2	A08	A	8	EVO	H1896	0	L-cysteine	Carbon_sources_5_2_06-heinä-2026 09-01-04.txt	amino_acid
Plate 2	A09	A	9	ANC	H0403	0	xylose	Carbon_sources_5_2_06-heinä-2026 09-01-04.txt	sugar
Plate 2	A10	A	10	EVO	H0403	0	xylose	Carbon_sources_5_2_06-heinä-2026 09-01-04.txt	sugar
Plate 2	A11	A	11	ANC	H1896	0	xylose	Carbon_sources_5_2_06-heinä-2026 09-01-04.txt	sugar
Plate 2	A12	A	12	EVO	H1896	0	xylose	Carbon_sources_5_2_06-heinä-2026 09-01-04.txt	sugar
Plate 2	B01	B	1	ANC	H0403	0	shikimic acid	Carbon_sources_5_2_06-heinä-2026 09-01-04.txt	organic_acid
Plate 2	B02	B	2	EVO	H0403	0	shikimic acid	Carbon_sources_5_2_06-heinä-2026 09-01-04.txt	organic_acid
Plate 2	B03	B	3	ANC	H1896	0	shikimic acid	Carbon_sources_5_2_06-heinä-2026 09-01-04.txt	organic_acid
Plate 2	B04	B	4	EVO	H1896	0	shikimic acid	Carbon_sources_5_2_06-heinä-2026 09-01-04.txt	organic_acid
Plate 2	B05	B	5	ANC	H0403	0	L-cysteine	Carbon_sources_5_2_06-heinä-2026 09-01-04.txt	amino_acid
Plate 2	B06	B	6	EVO	H0403	0	L-cysteine	Carbon_sources_5_2_06-heinä-2026 09-01-04.txt	amino_acid
Plate 2	B07	B	7	ANC	H1896	0	L-cysteine	Carbon_sources_5_2_06-heinä-2026 09-01-04.txt	amino_acid
Plate 2	B08	B	8	EVO	H1896	0	L-cysteine	Carbon_sources_5_2_06-heinä-2026 09-01-04.txt	amino_acid
Plate 2	B09	B	9	ANC	H0403	0	xylose	Carbon_sources_5_2_06-heinä-2026 09-01-04.txt	sugar
Plate 2	B10	B	10	EVO	H0403	0	xylose	Carbon_sources_5_2_06-heinä-2026 09-01-04.txt	sugar
Plate 2	B11	B	11	ANC	H1896	0	xylose	Carbon_sources_5_2_06-heinä-2026 09-01-04.txt	sugar
Plate 2	B12	B	12	EVO	H1896	0	xylose	Carbon_sources_5_2_06-heinä-2026 09-01-04.txt	sugar
Plate 2	C01	C	1	ANC	H0403	0	shikimic acid	Carbon_sources_5_2_06-heinä-2026 09-01-04.txt	organic_acid
Plate 2	C02	C	2	EVO	H0403	0	shikimic acid	Carbon_sources_5_2_06-heinä-2026 09-01-04.txt	organic_acid
Plate 2	C03	C	3	ANC	H1896	0	shikimic acid	Carbon_sources_5_2_06-heinä-2026 09-01-04.txt	organic_acid
Plate 2	C04	C	4	EVO	H1896	0	shikimic acid	Carbon_sources_5_2_06-heinä-2026 09-01-04.txt	organic_acid
Plate 2	C05	C	5	ANC	H0403	0	L-cysteine	Carbon_sources_5_2_06-heinä-2026 09-01-04.txt	amino_acid
Plate 2	C06	C	6	EVO	H0403	0	L-cysteine	Carbon_sources_5_2_06-heinä-2026 09-01-04.txt	amino_acid
Plate 2	C07	C	7	ANC	H1896	0	L-cysteine	Carbon_sources_5_2_06-heinä-2026 09-01-04.txt	amino_acid
Plate 2	C08	C	8	EVO	H1896	0	L-cysteine	Carbon_sources_5_2_06-heinä-2026 09-01-04.txt	amino_acid
Plate 2	C09	C	9	ANC	H0403	0	xylose	Carbon_sources_5_2_06-heinä-2026 09-01-04.txt	sugar
Plate 2	C10	C	10	EVO	H0403	0	xylose	Carbon_sources_5_2_06-heinä-2026 09-01-04.txt	sugar
Plate 2	C11	C	11	ANC	H1896	0	xylose	Carbon_sources_5_2_06-heinä-2026 09-01-04.txt	sugar
Plate 2	C12	C	12	EVO	H1896	0	xylose	Carbon_sources_5_2_06-heinä-2026 09-01-04.txt	sugar
Plate 2	D01	D	1	ANC	H0403	0	shikimic acid	Carbon_sources_5_2_06-heinä-2026 09-01-04.txt	organic_acid
Plate 2	D02	D	2	EVO	H0403	0	shikimic acid	Carbon_sources_5_2_06-heinä-2026 09-01-04.txt	organic_acid
Plate 2	D03	D	3	ANC	H1896	0	shikimic acid	Carbon_sources_5_2_06-heinä-2026 09-01-04.txt	organic_acid
Plate 2	D04	D	4	EVO	H1896	0	shikimic acid	Carbon_sources_5_2_06-heinä-2026 09-01-04.txt	organic_acid
Plate 2	D05	D	5	ANC	H0403	0	L-cysteine	Carbon_sources_5_2_06-heinä-2026 09-01-04.txt	amino_acid
Plate 2	D06	D	6	EVO	H0403	0	L-cysteine	Carbon_sources_5_2_06-heinä-2026 09-01-04.txt	amino_acid
Plate 2	D07	D	7	ANC	H1896	0	L-cysteine	Carbon_sources_5_2_06-heinä-2026 09-01-04.txt	amino_acid
Plate 2	D08	D	8	EVO	H1896	0	L-cysteine	Carbon_sources_5_2_06-heinä-2026 09-01-04.txt	amino_acid
Plate 2	D09	D	9	ANC	H0403	0	xylose	Carbon_sources_5_2_06-heinä-2026 09-01-04.txt	sugar
Plate 2	D10	D	10	EVO	H0403	0	xylose	Carbon_sources_5_2_06-heinä-2026 09-01-04.txt	sugar
Plate 2	D11	D	11	ANC	H1896	0	xylose	Carbon_sources_5_2_06-heinä-2026 09-01-04.txt	sugar
Plate 2	D12	D	12	EVO	H1896	0	xylose	Carbon_sources_5_2_06-heinä-2026 09-01-04.txt	sugar
Plate 2	E01	E	1	ANC	H0403	0	shikimic acid	Carbon_sources_5_2_06-heinä-2026 09-01-04.txt	organic_acid
Plate 2	E02	E	2	EVO	H0403	0	shikimic acid	Carbon_sources_5_2_06-heinä-2026 09-01-04.txt	organic_acid
Plate 2	E03	E	3	ANC	H1896	0	shikimic acid	Carbon_sources_5_2_06-heinä-2026 09-01-04.txt	organic_acid
Plate 2	E04	E	4	EVO	H1896	0	shikimic acid	Carbon_sources_5_2_06-heinä-2026 09-01-04.txt	organic_acid
Plate 2	E05	E	5	ANC	H0403	0	L-cysteine	Carbon_sources_5_2_06-heinä-2026 09-01-04.txt	amino_acid
Plate 2	E06	E	6	EVO	H0403	0	L-cysteine	Carbon_sources_5_2_06-heinä-2026 09-01-04.txt	amino_acid
Plate 2	E07	E	7	ANC	H1896	0	L-cysteine	Carbon_sources_5_2_06-heinä-2026 09-01-04.txt	amino_acid
Plate 2	E08	E	8	EVO	H1896	0	L-cysteine	Carbon_sources_5_2_06-heinä-2026 09-01-04.txt	amino_acid
Plate 2	E09	E	9	ANC	H0403	0	xylose	Carbon_sources_5_2_06-heinä-2026 09-01-04.txt	sugar
Plate 2	E10	E	10	EVO	H0403	0	xylose	Carbon_sources_5_2_06-heinä-2026 09-01-04.txt	sugar
Plate 2	E11	E	11	ANC	H1896	0	xylose	Carbon_sources_5_2_06-heinä-2026 09-01-04.txt	sugar
Plate 2	E12	E	12	EVO	H1896	0	xylose	Carbon_sources_5_2_06-heinä-2026 09-01-04.txt	sugar
Plate 2	F01	F	1	ANC	H0403	0	shikimic acid	Carbon_sources_5_2_06-heinä-2026 09-01-04.txt	organic_acid
Plate 2	F02	F	2	EVO	H0403	0	shikimic acid	Carbon_sources_5_2_06-heinä-2026 09-01-04.txt	organic_acid
Plate 2	F03	F	3	ANC	H1896	0	shikimic acid	Carbon_sources_5_2_06-heinä-2026 09-01-04.txt	organic_acid
Plate 2	F04	F	4	EVO	H1896	0	shikimic acid	Carbon_sources_5_2_06-heinä-2026 09-01-04.txt	organic_acid
Plate 2	F05	F	5	ANC	H0403	0	L-cysteine	Carbon_sources_5_2_06-heinä-2026 09-01-04.txt	amino_acid
Plate 2	F06	F	6	EVO	H0403	0	L-cysteine	Carbon_sources_5_2_06-heinä-2026 09-01-04.txt	amino_acid
Plate 2	F07	F	7	ANC	H1896	0	L-cysteine	Carbon_sources_5_2_06-heinä-2026 09-01-04.txt	amino_acid
Plate 2	F08	F	8	EVO	H1896	0	L-cysteine	Carbon_sources_5_2_06-heinä-2026 09-01-04.txt	amino_acid
Plate 2	F09	F	9	ANC	H0403	0	xylose	Carbon_sources_5_2_06-heinä-2026 09-01-04.txt	sugar
Plate 2	F10	F	10	EVO	H0403	0	xylose	Carbon_sources_5_2_06-heinä-2026 09-01-04.txt	sugar
Plate 2	F11	F	11	ANC	H1896	0	xylose	Carbon_sources_5_2_06-heinä-2026 09-01-04.txt	sugar
Plate 2	F12	F	12	EVO	H1896	0	xylose	Carbon_sources_5_2_06-heinä-2026 09-01-04.txt	sugar
Plate 2	G01	G	1	ANC	H0403	0	shikimic acid	Carbon_sources_5_2_06-heinä-2026 09-01-04.txt	organic_acid
Plate 2	G02	G	2	EVO	H0403	0	shikimic acid	Carbon_sources_5_2_06-heinä-2026 09-01-04.txt	organic_acid
Plate 2	G03	G	3	ANC	H1896	0	shikimic acid	Carbon_sources_5_2_06-heinä-2026 09-01-04.txt	organic_acid
Plate 2	G04	G	4	EVO	H1896	0	shikimic acid	Carbon_sources_5_2_06-heinä-2026 09-01-04.txt	organic_acid
Plate 2	G05	G	5	ANC	H0403	0	L-cysteine	Carbon_sources_5_2_06-heinä-2026 09-01-04.txt	amino_acid
Plate 2	G06	G	6	EVO	H0403	0	L-cysteine	Carbon_sources_5_2_06-heinä-2026 09-01-04.txt	amino_acid
Plate 2	G07	G	7	ANC	H1896	0	L-cysteine	Carbon_sources_5_2_06-heinä-2026 09-01-04.txt	amino_acid
Plate 2	G08	G	8	EVO	H1896	0	L-cysteine	Carbon_sources_5_2_06-heinä-2026 09-01-04.txt	amino_acid
Plate 2	G09	G	9	ANC	H0403	0	xylose	Carbon_sources_5_2_06-heinä-2026 09-01-04.txt	sugar
Plate 2	G10	G	10	EVO	H0403	0	xylose	Carbon_sources_5_2_06-heinä-2026 09-01-04.txt	sugar
Plate 2	G11	G	11	ANC	H1896	0	xylose	Carbon_sources_5_2_06-heinä-2026 09-01-04.txt	sugar
Plate 2	G12	G	12	EVO	H1896	0	xylose	Carbon_sources_5_2_06-heinä-2026 09-01-04.txt	sugar
Plate 2	H01	H	1	ANC	H0403	0	shikimic acid	Carbon_sources_5_2_06-heinä-2026 09-01-04.txt	organic_acid
Plate 2	H02	H	2	EVO	H0403	0	shikimic acid	Carbon_sources_5_2_06-heinä-2026 09-01-04.txt	organic_acid
Plate 2	H03	H	3	ANC	H1896	0	shikimic acid	Carbon_sources_5_2_06-heinä-2026 09-01-04.txt	organic_acid
Plate 2	H04	H	4	EVO	H1896	0	shikimic acid	Carbon_sources_5_2_06-heinä-2026 09-01-04.txt	organic_acid
Plate 2	H05	H	5	ANC	H0403	0	L-cysteine	Carbon_sources_5_2_06-heinä-2026 09-01-04.txt	amino_acid
Plate 2	H06	H	6	EVO	H0403	0	L-cysteine	Carbon_sources_5_2_06-heinä-2026 09-01-04.txt	amino_acid
Plate 2	H07	H	7	ANC	H1896	0	L-cysteine	Carbon_sources_5_2_06-heinä-2026 09-01-04.txt	amino_acid
Plate 2	H08	H	8	EVO	H1896	0	L-cysteine	Carbon_sources_5_2_06-heinä-2026 09-01-04.txt	amino_acid
Plate 2	H09	H	9	ANC	H0403	0	xylose	Carbon_sources_5_2_06-heinä-2026 09-01-04.txt	sugar
Plate 2	H10	H	10	EVO	H0403	0	xylose	Carbon_sources_5_2_06-heinä-2026 09-01-04.txt	sugar
Plate 2	H11	H	11	ANC	H1896	0	xylose	Carbon_sources_5_2_06-heinä-2026 09-01-04.txt	sugar
Plate 2	H12	H	12	EVO	H1896	0	xylose	Carbon_sources_5_2_06-heinä-2026 09-01-04.txt	sugar
Plate 3	A01	A	1	ANC	H0403	0	taurine	Carbon_sources_5_3_06-heinä-2026 09-01-04.txt	amino_acid
Plate 3	A02	A	2	EVO	H0403	0	taurine	Carbon_sources_5_3_06-heinä-2026 09-01-04.txt	amino_acid
Plate 3	A03	A	3	ANC	H1896	0	taurine	Carbon_sources_5_3_06-heinä-2026 09-01-04.txt	amino_acid
Plate 3	A04	A	4	EVO	H1896	0	taurine	Carbon_sources_5_3_06-heinä-2026 09-01-04.txt	amino_acid
Plate 3	A05	A	5	ANC	H0403	0	succinic acid	Carbon_sources_5_3_06-heinä-2026 09-01-04.txt	organic_acid
Plate 3	A06	A	6	EVO	H0403	0	succinic acid	Carbon_sources_5_3_06-heinä-2026 09-01-04.txt	organic_acid
Plate 3	A07	A	7	ANC	H1896	0	succinic acid	Carbon_sources_5_3_06-heinä-2026 09-01-04.txt	organic_acid
Plate 3	A08	A	8	EVO	H1896	0	succinic acid	Carbon_sources_5_3_06-heinä-2026 09-01-04.txt	organic_acid
Plate 3	A09	A	9	ANC	H0403	0	L-valine	Carbon_sources_5_3_06-heinä-2026 09-01-04.txt	amino_acid
Plate 3	A10	A	10	EVO	H0403	0	L-valine	Carbon_sources_5_3_06-heinä-2026 09-01-04.txt	amino_acid
Plate 3	A11	A	11	ANC	H1896	0	L-valine	Carbon_sources_5_3_06-heinä-2026 09-01-04.txt	amino_acid
Plate 3	A12	A	12	EVO	H1896	0	L-valine	Carbon_sources_5_3_06-heinä-2026 09-01-04.txt	amino_acid
Plate 3	B01	B	1	ANC	H0403	0	taurine	Carbon_sources_5_3_06-heinä-2026 09-01-04.txt	amino_acid
Plate 3	B02	B	2	EVO	H0403	0	taurine	Carbon_sources_5_3_06-heinä-2026 09-01-04.txt	amino_acid
Plate 3	B03	B	3	ANC	H1896	0	taurine	Carbon_sources_5_3_06-heinä-2026 09-01-04.txt	amino_acid
Plate 3	B04	B	4	EVO	H1896	0	taurine	Carbon_sources_5_3_06-heinä-2026 09-01-04.txt	amino_acid
Plate 3	B05	B	5	ANC	H0403	0	succinic acid	Carbon_sources_5_3_06-heinä-2026 09-01-04.txt	organic_acid
Plate 3	B06	B	6	EVO	H0403	0	succinic acid	Carbon_sources_5_3_06-heinä-2026 09-01-04.txt	organic_acid
Plate 3	B07	B	7	ANC	H1896	0	succinic acid	Carbon_sources_5_3_06-heinä-2026 09-01-04.txt	organic_acid
Plate 3	B08	B	8	EVO	H1896	0	succinic acid	Carbon_sources_5_3_06-heinä-2026 09-01-04.txt	organic_acid
Plate 3	B09	B	9	ANC	H0403	0	L-valine	Carbon_sources_5_3_06-heinä-2026 09-01-04.txt	amino_acid
Plate 3	B10	B	10	EVO	H0403	0	L-valine	Carbon_sources_5_3_06-heinä-2026 09-01-04.txt	amino_acid
Plate 3	B11	B	11	ANC	H1896	0	L-valine	Carbon_sources_5_3_06-heinä-2026 09-01-04.txt	amino_acid
Plate 3	B12	B	12	EVO	H1896	0	L-valine	Carbon_sources_5_3_06-heinä-2026 09-01-04.txt	amino_acid
Plate 3	C01	C	1	ANC	H0403	0	taurine	Carbon_sources_5_3_06-heinä-2026 09-01-04.txt	amino_acid
Plate 3	C02	C	2	EVO	H0403	0	taurine	Carbon_sources_5_3_06-heinä-2026 09-01-04.txt	amino_acid
Plate 3	C03	C	3	ANC	H1896	0	taurine	Carbon_sources_5_3_06-heinä-2026 09-01-04.txt	amino_acid
Plate 3	C04	C	4	EVO	H1896	0	taurine	Carbon_sources_5_3_06-heinä-2026 09-01-04.txt	amino_acid
Plate 3	C05	C	5	ANC	H0403	0	succinic acid	Carbon_sources_5_3_06-heinä-2026 09-01-04.txt	organic_acid
Plate 3	C06	C	6	EVO	H0403	0	succinic acid	Carbon_sources_5_3_06-heinä-2026 09-01-04.txt	organic_acid
Plate 3	C07	C	7	ANC	H1896	0	succinic acid	Carbon_sources_5_3_06-heinä-2026 09-01-04.txt	organic_acid
Plate 3	C08	C	8	EVO	H1896	0	succinic acid	Carbon_sources_5_3_06-heinä-2026 09-01-04.txt	organic_acid
Plate 3	C09	C	9	ANC	H0403	0	L-valine	Carbon_sources_5_3_06-heinä-2026 09-01-04.txt	amino_acid
Plate 3	C10	C	10	EVO	H0403	0	L-valine	Carbon_sources_5_3_06-heinä-2026 09-01-04.txt	amino_acid
Plate 3	C11	C	11	ANC	H1896	0	L-valine	Carbon_sources_5_3_06-heinä-2026 09-01-04.txt	amino_acid
Plate 3	C12	C	12	EVO	H1896	0	L-valine	Carbon_sources_5_3_06-heinä-2026 09-01-04.txt	amino_acid
Plate 3	D01	D	1	ANC	H0403	0	taurine	Carbon_sources_5_3_06-heinä-2026 09-01-04.txt	amino_acid
Plate 3	D02	D	2	EVO	H0403	0	taurine	Carbon_sources_5_3_06-heinä-2026 09-01-04.txt	amino_acid
Plate 3	D03	D	3	ANC	H1896	0	taurine	Carbon_sources_5_3_06-heinä-2026 09-01-04.txt	amino_acid
Plate 3	D04	D	4	EVO	H1896	0	taurine	Carbon_sources_5_3_06-heinä-2026 09-01-04.txt	amino_acid
Plate 3	D05	D	5	ANC	H0403	0	succinic acid	Carbon_sources_5_3_06-heinä-2026 09-01-04.txt	organic_acid
Plate 3	D06	D	6	EVO	H0403	0	succinic acid	Carbon_sources_5_3_06-heinä-2026 09-01-04.txt	organic_acid
Plate 3	D07	D	7	ANC	H1896	0	succinic acid	Carbon_sources_5_3_06-heinä-2026 09-01-04.txt	organic_acid
Plate 3	D08	D	8	EVO	H1896	0	succinic acid	Carbon_sources_5_3_06-heinä-2026 09-01-04.txt	organic_acid
Plate 3	D09	D	9	ANC	H0403	0	L-valine	Carbon_sources_5_3_06-heinä-2026 09-01-04.txt	amino_acid
Plate 3	D10	D	10	EVO	H0403	0	L-valine	Carbon_sources_5_3_06-heinä-2026 09-01-04.txt	amino_acid
Plate 3	D11	D	11	ANC	H1896	0	L-valine	Carbon_sources_5_3_06-heinä-2026 09-01-04.txt	amino_acid
Plate 3	D12	D	12	EVO	H1896	0	L-valine	Carbon_sources_5_3_06-heinä-2026 09-01-04.txt	amino_acid
Plate 3	E01	E	1	ANC	H0403	0	taurine	Carbon_sources_5_3_06-heinä-2026 09-01-04.txt	amino_acid
Plate 3	E02	E	2	EVO	H0403	0	taurine	Carbon_sources_5_3_06-heinä-2026 09-01-04.txt	amino_acid
Plate 3	E03	E	3	ANC	H1896	0	taurine	Carbon_sources_5_3_06-heinä-2026 09-01-04.txt	amino_acid
Plate 3	E04	E	4	EVO	H1896	0	taurine	Carbon_sources_5_3_06-heinä-2026 09-01-04.txt	amino_acid
Plate 3	E05	E	5	ANC	H0403	0	succinic acid	Carbon_sources_5_3_06-heinä-2026 09-01-04.txt	organic_acid
Plate 3	E06	E	6	EVO	H0403	0	succinic acid	Carbon_sources_5_3_06-heinä-2026 09-01-04.txt	organic_acid
Plate 3	E07	E	7	ANC	H1896	0	succinic acid	Carbon_sources_5_3_06-heinä-2026 09-01-04.txt	organic_acid
Plate 3	E08	E	8	EVO	H1896	0	succinic acid	Carbon_sources_5_3_06-heinä-2026 09-01-04.txt	organic_acid
Plate 3	E09	E	9	ANC	H0403	0	L-valine	Carbon_sources_5_3_06-heinä-2026 09-01-04.txt	amino_acid
Plate 3	E10	E	10	EVO	H0403	0	L-valine	Carbon_sources_5_3_06-heinä-2026 09-01-04.txt	amino_acid
Plate 3	E11	E	11	ANC	H1896	0	L-valine	Carbon_sources_5_3_06-heinä-2026 09-01-04.txt	amino_acid
Plate 3	E12	E	12	EVO	H1896	0	L-valine	Carbon_sources_5_3_06-heinä-2026 09-01-04.txt	amino_acid
Plate 3	F01	F	1	ANC	H0403	0	taurine	Carbon_sources_5_3_06-heinä-2026 09-01-04.txt	amino_acid
Plate 3	F02	F	2	EVO	H0403	0	taurine	Carbon_sources_5_3_06-heinä-2026 09-01-04.txt	amino_acid
Plate 3	F03	F	3	ANC	H1896	0	taurine	Carbon_sources_5_3_06-heinä-2026 09-01-04.txt	amino_acid
Plate 3	F04	F	4	EVO	H1896	0	taurine	Carbon_sources_5_3_06-heinä-2026 09-01-04.txt	amino_acid
Plate 3	F05	F	5	ANC	H0403	0	succinic acid	Carbon_sources_5_3_06-heinä-2026 09-01-04.txt	organic_acid
Plate 3	F06	F	6	EVO	H0403	0	succinic acid	Carbon_sources_5_3_06-heinä-2026 09-01-04.txt	organic_acid
Plate 3	F07	F	7	ANC	H1896	0	succinic acid	Carbon_sources_5_3_06-heinä-2026 09-01-04.txt	organic_acid
Plate 3	F08	F	8	EVO	H1896	0	succinic acid	Carbon_sources_5_3_06-heinä-2026 09-01-04.txt	organic_acid
Plate 3	F09	F	9	ANC	H0403	0	L-valine	Carbon_sources_5_3_06-heinä-2026 09-01-04.txt	amino_acid
Plate 3	F10	F	10	EVO	H0403	0	L-valine	Carbon_sources_5_3_06-heinä-2026 09-01-04.txt	amino_acid
Plate 3	F11	F	11	ANC	H1896	0	L-valine	Carbon_sources_5_3_06-heinä-2026 09-01-04.txt	amino_acid
Plate 3	F12	F	12	EVO	H1896	0	L-valine	Carbon_sources_5_3_06-heinä-2026 09-01-04.txt	amino_acid
Plate 3	G01	G	1	ANC	H0403	0	taurine	Carbon_sources_5_3_06-heinä-2026 09-01-04.txt	amino_acid
Plate 3	G02	G	2	EVO	H0403	0	taurine	Carbon_sources_5_3_06-heinä-2026 09-01-04.txt	amino_acid
Plate 3	G03	G	3	ANC	H1896	0	taurine	Carbon_sources_5_3_06-heinä-2026 09-01-04.txt	amino_acid
Plate 3	G04	G	4	EVO	H1896	0	taurine	Carbon_sources_5_3_06-heinä-2026 09-01-04.txt	amino_acid
Plate 3	G05	G	5	ANC	H0403	0	succinic acid	Carbon_sources_5_3_06-heinä-2026 09-01-04.txt	organic_acid
Plate 3	G06	G	6	EVO	H0403	0	succinic acid	Carbon_sources_5_3_06-heinä-2026 09-01-04.txt	organic_acid
Plate 3	G07	G	7	ANC	H1896	0	succinic acid	Carbon_sources_5_3_06-heinä-2026 09-01-04.txt	organic_acid
Plate 3	G08	G	8	EVO	H1896	0	succinic acid	Carbon_sources_5_3_06-heinä-2026 09-01-04.txt	organic_acid
Plate 3	G09	G	9	ANC	H0403	0	L-valine	Carbon_sources_5_3_06-heinä-2026 09-01-04.txt	amino_acid
Plate 3	G10	G	10	EVO	H0403	0	L-valine	Carbon_sources_5_3_06-heinä-2026 09-01-04.txt	amino_acid
Plate 3	G11	G	11	ANC	H1896	0	L-valine	Carbon_sources_5_3_06-heinä-2026 09-01-04.txt	amino_acid
Plate 3	G12	G	12	EVO	H1896	0	L-valine	Carbon_sources_5_3_06-heinä-2026 09-01-04.txt	amino_acid
Plate 3	H01	H	1	ANC	H0403	0	taurine	Carbon_sources_5_3_06-heinä-2026 09-01-04.txt	amino_acid
Plate 3	H02	H	2	EVO	H0403	0	taurine	Carbon_sources_5_3_06-heinä-2026 09-01-04.txt	amino_acid
Plate 3	H03	H	3	ANC	H1896	0	taurine	Carbon_sources_5_3_06-heinä-2026 09-01-04.txt	amino_acid
Plate 3	H04	H	4	EVO	H1896	0	taurine	Carbon_sources_5_3_06-heinä-2026 09-01-04.txt	amino_acid
Plate 3	H05	H	5	ANC	H0403	0	succinic acid	Carbon_sources_5_3_06-heinä-2026 09-01-04.txt	organic_acid
Plate 3	H06	H	6	EVO	H0403	0	succinic acid	Carbon_sources_5_3_06-heinä-2026 09-01-04.txt	organic_acid
Plate 3	H07	H	7	ANC	H1896	0	succinic acid	Carbon_sources_5_3_06-heinä-2026 09-01-04.txt	organic_acid
Plate 3	H08	H	8	EVO	H1896	0	succinic acid	Carbon_sources_5_3_06-heinä-2026 09-01-04.txt	organic_acid
Plate 3	H09	H	9	ANC	H0403	0	L-valine	Carbon_sources_5_3_06-heinä-2026 09-01-04.txt	amino_acid
Plate 3	H10	H	10	EVO	H0403	0	L-valine	Carbon_sources_5_3_06-heinä-2026 09-01-04.txt	amino_acid
Plate 3	H11	H	11	ANC	H1896	0	L-valine	Carbon_sources_5_3_06-heinä-2026 09-01-04.txt	amino_acid
Plate 3	H12	H	12	EVO	H1896	0	L-valine	Carbon_sources_5_3_06-heinä-2026 09-01-04.txt	amino_acid
Plate 4	A01	A	1	ANC	H0403	0	cellobiose	Carbon_sources_5_4_06-heinä-2026 09-01-04.txt	sugar
Plate 4	A02	A	2	EVO	H0403	0	cellobiose	Carbon_sources_5_4_06-heinä-2026 09-01-04.txt	sugar
Plate 4	A03	A	3	ANC	H1896	0	cellobiose	Carbon_sources_5_4_06-heinä-2026 09-01-04.txt	sugar
Plate 4	A04	A	4	EVO	H1896	0	cellobiose	Carbon_sources_5_4_06-heinä-2026 09-01-04.txt	sugar
Plate 4	A05	A	5	ANC	H0403	0	phenylalanine	Carbon_sources_5_4_06-heinä-2026 09-01-04.txt	amino_acid
Plate 4	A06	A	6	EVO	H0403	0	phenylalanine	Carbon_sources_5_4_06-heinä-2026 09-01-04.txt	amino_acid
Plate 4	A07	A	7	ANC	H1896	0	phenylalanine	Carbon_sources_5_4_06-heinä-2026 09-01-04.txt	amino_acid
Plate 4	A08	A	8	EVO	H1896	0	phenylalanine	Carbon_sources_5_4_06-heinä-2026 09-01-04.txt	amino_acid
Plate 4	A09	A	9	ANC	H0403	0	histidine	Carbon_sources_5_4_06-heinä-2026 09-01-04.txt	amino_acid
Plate 4	A10	A	10	EVO	H0403	0	histidine	Carbon_sources_5_4_06-heinä-2026 09-01-04.txt	amino_acid
Plate 4	A11	A	11	ANC	H1896	0	histidine	Carbon_sources_5_4_06-heinä-2026 09-01-04.txt	amino_acid
Plate 4	A12	A	12	EVO	H1896	0	histidine	Carbon_sources_5_4_06-heinä-2026 09-01-04.txt	amino_acid
Plate 4	B01	B	1	ANC	H0403	0	cellobiose	Carbon_sources_5_4_06-heinä-2026 09-01-04.txt	sugar
Plate 4	B02	B	2	EVO	H0403	0	cellobiose	Carbon_sources_5_4_06-heinä-2026 09-01-04.txt	sugar
Plate 4	B03	B	3	ANC	H1896	0	cellobiose	Carbon_sources_5_4_06-heinä-2026 09-01-04.txt	sugar
Plate 4	B04	B	4	EVO	H1896	0	cellobiose	Carbon_sources_5_4_06-heinä-2026 09-01-04.txt	sugar
Plate 4	B05	B	5	ANC	H0403	0	phenylalanine	Carbon_sources_5_4_06-heinä-2026 09-01-04.txt	amino_acid
Plate 4	B06	B	6	EVO	H0403	0	phenylalanine	Carbon_sources_5_4_06-heinä-2026 09-01-04.txt	amino_acid
Plate 4	B07	B	7	ANC	H1896	0	phenylalanine	Carbon_sources_5_4_06-heinä-2026 09-01-04.txt	amino_acid
Plate 4	B08	B	8	EVO	H1896	0	phenylalanine	Carbon_sources_5_4_06-heinä-2026 09-01-04.txt	amino_acid
Plate 4	B09	B	9	ANC	H0403	0	histidine	Carbon_sources_5_4_06-heinä-2026 09-01-04.txt	amino_acid
Plate 4	B10	B	10	EVO	H0403	0	histidine	Carbon_sources_5_4_06-heinä-2026 09-01-04.txt	amino_acid
Plate 4	B11	B	11	ANC	H1896	0	histidine	Carbon_sources_5_4_06-heinä-2026 09-01-04.txt	amino_acid
Plate 4	B12	B	12	EVO	H1896	0	histidine	Carbon_sources_5_4_06-heinä-2026 09-01-04.txt	amino_acid
Plate 4	C01	C	1	ANC	H0403	0	cellobiose	Carbon_sources_5_4_06-heinä-2026 09-01-04.txt	sugar
Plate 4	C02	C	2	EVO	H0403	0	cellobiose	Carbon_sources_5_4_06-heinä-2026 09-01-04.txt	sugar
Plate 4	C03	C	3	ANC	H1896	0	cellobiose	Carbon_sources_5_4_06-heinä-2026 09-01-04.txt	sugar
Plate 4	C04	C	4	EVO	H1896	0	cellobiose	Carbon_sources_5_4_06-heinä-2026 09-01-04.txt	sugar
Plate 4	C05	C	5	ANC	H0403	0	phenylalanine	Carbon_sources_5_4_06-heinä-2026 09-01-04.txt	amino_acid
Plate 4	C06	C	6	EVO	H0403	0	phenylalanine	Carbon_sources_5_4_06-heinä-2026 09-01-04.txt	amino_acid
Plate 4	C07	C	7	ANC	H1896	0	phenylalanine	Carbon_sources_5_4_06-heinä-2026 09-01-04.txt	amino_acid
Plate 4	C08	C	8	EVO	H1896	0	phenylalanine	Carbon_sources_5_4_06-heinä-2026 09-01-04.txt	amino_acid
Plate 4	C09	C	9	ANC	H0403	0	histidine	Carbon_sources_5_4_06-heinä-2026 09-01-04.txt	amino_acid
Plate 4	C10	C	10	EVO	H0403	0	histidine	Carbon_sources_5_4_06-heinä-2026 09-01-04.txt	amino_acid
Plate 4	C11	C	11	ANC	H1896	0	histidine	Carbon_sources_5_4_06-heinä-2026 09-01-04.txt	amino_acid
Plate 4	C12	C	12	EVO	H1896	0	histidine	Carbon_sources_5_4_06-heinä-2026 09-01-04.txt	amino_acid
Plate 4	D01	D	1	ANC	H0403	0	cellobiose	Carbon_sources_5_4_06-heinä-2026 09-01-04.txt	sugar
Plate 4	D02	D	2	EVO	H0403	0	cellobiose	Carbon_sources_5_4_06-heinä-2026 09-01-04.txt	sugar
Plate 4	D03	D	3	ANC	H1896	0	cellobiose	Carbon_sources_5_4_06-heinä-2026 09-01-04.txt	sugar
Plate 4	D04	D	4	EVO	H1896	0	cellobiose	Carbon_sources_5_4_06-heinä-2026 09-01-04.txt	sugar
Plate 4	D05	D	5	ANC	H0403	0	phenylalanine	Carbon_sources_5_4_06-heinä-2026 09-01-04.txt	amino_acid
Plate 4	D06	D	6	EVO	H0403	0	phenylalanine	Carbon_sources_5_4_06-heinä-2026 09-01-04.txt	amino_acid
Plate 4	D07	D	7	ANC	H1896	0	phenylalanine	Carbon_sources_5_4_06-heinä-2026 09-01-04.txt	amino_acid
Plate 4	D08	D	8	EVO	H1896	0	phenylalanine	Carbon_sources_5_4_06-heinä-2026 09-01-04.txt	amino_acid
Plate 4	D09	D	9	ANC	H0403	0	histidine	Carbon_sources_5_4_06-heinä-2026 09-01-04.txt	amino_acid
Plate 4	D10	D	10	EVO	H0403	0	histidine	Carbon_sources_5_4_06-heinä-2026 09-01-04.txt	amino_acid
Plate 4	D11	D	11	ANC	H1896	0	histidine	Carbon_sources_5_4_06-heinä-2026 09-01-04.txt	amino_acid
Plate 4	D12	D	12	EVO	H1896	0	histidine	Carbon_sources_5_4_06-heinä-2026 09-01-04.txt	amino_acid
Plate 4	E01	E	1	ANC	H0403	0	cellobiose	Carbon_sources_5_4_06-heinä-2026 09-01-04.txt	sugar
Plate 4	E02	E	2	EVO	H0403	0	cellobiose	Carbon_sources_5_4_06-heinä-2026 09-01-04.txt	sugar
Plate 4	E03	E	3	ANC	H1896	0	cellobiose	Carbon_sources_5_4_06-heinä-2026 09-01-04.txt	sugar
Plate 4	E04	E	4	EVO	H1896	0	cellobiose	Carbon_sources_5_4_06-heinä-2026 09-01-04.txt	sugar
Plate 4	E05	E	5	ANC	H0403	0	phenylalanine	Carbon_sources_5_4_06-heinä-2026 09-01-04.txt	amino_acid
Plate 4	E06	E	6	EVO	H0403	0	phenylalanine	Carbon_sources_5_4_06-heinä-2026 09-01-04.txt	amino_acid
Plate 4	E07	E	7	ANC	H1896	0	phenylalanine	Carbon_sources_5_4_06-heinä-2026 09-01-04.txt	amino_acid
Plate 4	E08	E	8	EVO	H1896	0	phenylalanine	Carbon_sources_5_4_06-heinä-2026 09-01-04.txt	amino_acid
Plate 4	E09	E	9	ANC	H0403	0	histidine	Carbon_sources_5_4_06-heinä-2026 09-01-04.txt	amino_acid
Plate 4	E10	E	10	EVO	H0403	0	histidine	Carbon_sources_5_4_06-heinä-2026 09-01-04.txt	amino_acid
Plate 4	E11	E	11	ANC	H1896	0	histidine	Carbon_sources_5_4_06-heinä-2026 09-01-04.txt	amino_acid
Plate 4	E12	E	12	EVO	H1896	0	histidine	Carbon_sources_5_4_06-heinä-2026 09-01-04.txt	amino_acid
Plate 4	F01	F	1	ANC	H0403	0	cellobiose	Carbon_sources_5_4_06-heinä-2026 09-01-04.txt	sugar
Plate 4	F02	F	2	EVO	H0403	0	cellobiose	Carbon_sources_5_4_06-heinä-2026 09-01-04.txt	sugar
Plate 4	F03	F	3	ANC	H1896	0	cellobiose	Carbon_sources_5_4_06-heinä-2026 09-01-04.txt	sugar
Plate 4	F04	F	4	EVO	H1896	0	cellobiose	Carbon_sources_5_4_06-heinä-2026 09-01-04.txt	sugar
Plate 4	F05	F	5	ANC	H0403	0	phenylalanine	Carbon_sources_5_4_06-heinä-2026 09-01-04.txt	amino_acid
Plate 4	F06	F	6	EVO	H0403	0	phenylalanine	Carbon_sources_5_4_06-heinä-2026 09-01-04.txt	amino_acid
Plate 4	F07	F	7	ANC	H1896	0	phenylalanine	Carbon_sources_5_4_06-heinä-2026 09-01-04.txt	amino_acid
Plate 4	F08	F	8	EVO	H1896	0	phenylalanine	Carbon_sources_5_4_06-heinä-2026 09-01-04.txt	amino_acid
Plate 4	F09	F	9	ANC	H0403	0	histidine	Carbon_sources_5_4_06-heinä-2026 09-01-04.txt	amino_acid
Plate 4	F10	F	10	EVO	H0403	0	histidine	Carbon_sources_5_4_06-heinä-2026 09-01-04.txt	amino_acid
Plate 4	F11	F	11	ANC	H1896	0	histidine	Carbon_sources_5_4_06-heinä-2026 09-01-04.txt	amino_acid
Plate 4	F12	F	12	EVO	H1896	0	histidine	Carbon_sources_5_4_06-heinä-2026 09-01-04.txt	amino_acid
Plate 4	G01	G	1	ANC	H0403	0	cellobiose	Carbon_sources_5_4_06-heinä-2026 09-01-04.txt	sugar
Plate 4	G02	G	2	EVO	H0403	0	cellobiose	Carbon_sources_5_4_06-heinä-2026 09-01-04.txt	sugar
Plate 4	G03	G	3	ANC	H1896	0	cellobiose	Carbon_sources_5_4_06-heinä-2026 09-01-04.txt	sugar
Plate 4	G04	G	4	EVO	H1896	0	cellobiose	Carbon_sources_5_4_06-heinä-2026 09-01-04.txt	sugar
Plate 4	G05	G	5	ANC	H0403	0	phenylalanine	Carbon_sources_5_4_06-heinä-2026 09-01-04.txt	amino_acid
Plate 4	G06	G	6	EVO	H0403	0	phenylalanine	Carbon_sources_5_4_06-heinä-2026 09-01-04.txt	amino_acid
Plate 4	G07	G	7	ANC	H1896	0	phenylalanine	Carbon_sources_5_4_06-heinä-2026 09-01-04.txt	amino_acid
Plate 4	G08	G	8	EVO	H1896	0	phenylalanine	Carbon_sources_5_4_06-heinä-2026 09-01-04.txt	amino_acid
Plate 4	G09	G	9	ANC	H0403	0	histidine	Carbon_sources_5_4_06-heinä-2026 09-01-04.txt	amino_acid
Plate 4	G10	G	10	EVO	H0403	0	histidine	Carbon_sources_5_4_06-heinä-2026 09-01-04.txt	amino_acid
Plate 4	G11	G	11	ANC	H1896	0	histidine	Carbon_sources_5_4_06-heinä-2026 09-01-04.txt	amino_acid
Plate 4	G12	G	12	EVO	H1896	0	histidine	Carbon_sources_5_4_06-heinä-2026 09-01-04.txt	amino_acid
Plate 4	H01	H	1	ANC	H0403	0	cellobiose	Carbon_sources_5_4_06-heinä-2026 09-01-04.txt	sugar
Plate 4	H02	H	2	EVO	H0403	0	cellobiose	Carbon_sources_5_4_06-heinä-2026 09-01-04.txt	sugar
Plate 4	H03	H	3	ANC	H1896	0	cellobiose	Carbon_sources_5_4_06-heinä-2026 09-01-04.txt	sugar
Plate 4	H04	H	4	EVO	H1896	0	cellobiose	Carbon_sources_5_4_06-heinä-2026 09-01-04.txt	sugar
Plate 4	H05	H	5	ANC	H0403	0	phenylalanine	Carbon_sources_5_4_06-heinä-2026 09-01-04.txt	amino_acid
Plate 4	H06	H	6	EVO	H0403	0	phenylalanine	Carbon_sources_5_4_06-heinä-2026 09-01-04.txt	amino_acid
Plate 4	H07	H	7	ANC	H1896	0	phenylalanine	Carbon_sources_5_4_06-heinä-2026 09-01-04.txt	amino_acid
Plate 4	H08	H	8	EVO	H1896	0	phenylalanine	Carbon_sources_5_4_06-heinä-2026 09-01-04.txt	amino_acid
Plate 4	H09	H	9	ANC	H0403	0	histidine	Carbon_sources_5_4_06-heinä-2026 09-01-04.txt	amino_acid
Plate 4	H10	H	10	EVO	H0403	0	histidine	Carbon_sources_5_4_06-heinä-2026 09-01-04.txt	amino_acid
Plate 4	H11	H	11	ANC	H1896	0	histidine	Carbon_sources_5_4_06-heinä-2026 09-01-04.txt	amino_acid
Plate 4	H12	H	12	EVO	H1896	0	histidine	Carbon_sources_5_4_06-heinä-2026 09-01-04.txt	amino_acid
Plate 1	A01	A	1	ANC	H0403	0	4-Hydroxybenzoic acid	Carbon_sources_9_2_09-heinä-2026 14-42-47.txt	organic_acid
Plate 1	A02	A	2	EVO	H0403	0	4-Hydroxybenzoic acid	Carbon_sources_9_2_09-heinä-2026 14-42-47.txt	organic_acid
Plate 1	A03	A	3	ANC	H1896	0	4-Hydroxybenzoic acid	Carbon_sources_9_2_09-heinä-2026 14-42-47.txt	organic_acid
Plate 1	A04	A	4	EVO	H1896	0	4-Hydroxybenzoic acid	Carbon_sources_9_2_09-heinä-2026 14-42-47.txt	organic_acid
Plate 1	A05	A	5	blank	blank	blank	blank	Carbon_sources_9_2_09-heinä-2026 14-42-47.txt	NA
Plate 1	A06	A	6	blank	blank	blank	blank	Carbon_sources_9_2_09-heinä-2026 14-42-47.txt	NA
Plate 1	A07	A	7	blank	blank	blank	blank	Carbon_sources_9_2_09-heinä-2026 14-42-47.txt	NA
Plate 1	A08	A	8	blank	blank	blank	blank	Carbon_sources_9_2_09-heinä-2026 14-42-47.txt	NA
Plate 1	A09	A	9	blank	blank	blank	blank	Carbon_sources_9_2_09-heinä-2026 14-42-47.txt	NA
Plate 1	A10	A	10	blank	blank	blank	blank	Carbon_sources_9_2_09-heinä-2026 14-42-47.txt	NA
Plate 1	A11	A	11	blank	blank	blank	blank	Carbon_sources_9_2_09-heinä-2026 14-42-47.txt	NA
Plate 1	A12	A	12	blank	blank	blank	blank	Carbon_sources_9_2_09-heinä-2026 14-42-47.txt	NA
Plate 1	B01	B	1	ANC	H0403	0	4-Hydroxybenzoic acid	Carbon_sources_9_2_09-heinä-2026 14-42-47.txt	organic_acid
Plate 1	B02	B	2	EVO	H0403	0	4-Hydroxybenzoic acid	Carbon_sources_9_2_09-heinä-2026 14-42-47.txt	organic_acid
Plate 1	B03	B	3	ANC	H1896	0	4-Hydroxybenzoic acid	Carbon_sources_9_2_09-heinä-2026 14-42-47.txt	organic_acid
Plate 1	B04	B	4	EVO	H1896	0	4-Hydroxybenzoic acid	Carbon_sources_9_2_09-heinä-2026 14-42-47.txt	organic_acid
Plate 1	B05	B	5	blank	blank	blank	blank	Carbon_sources_9_2_09-heinä-2026 14-42-47.txt	NA
Plate 1	B06	B	6	blank	blank	blank	blank	Carbon_sources_9_2_09-heinä-2026 14-42-47.txt	NA
Plate 1	B07	B	7	blank	blank	blank	blank	Carbon_sources_9_2_09-heinä-2026 14-42-47.txt	NA
Plate 1	B08	B	8	blank	blank	blank	blank	Carbon_sources_9_2_09-heinä-2026 14-42-47.txt	NA
Plate 1	B09	B	9	blank	blank	blank	blank	Carbon_sources_9_2_09-heinä-2026 14-42-47.txt	NA
Plate 1	B10	B	10	blank	blank	blank	blank	Carbon_sources_9_2_09-heinä-2026 14-42-47.txt	NA
Plate 1	B11	B	11	blank	blank	blank	blank	Carbon_sources_9_2_09-heinä-2026 14-42-47.txt	NA
Plate 1	B12	B	12	blank	blank	blank	blank	Carbon_sources_9_2_09-heinä-2026 14-42-47.txt	NA
Plate 1	C01	C	1	ANC	H0403	0	4-Hydroxybenzoic acid	Carbon_sources_9_2_09-heinä-2026 14-42-47.txt	organic_acid
Plate 1	C02	C	2	EVO	H0403	0	4-Hydroxybenzoic acid	Carbon_sources_9_2_09-heinä-2026 14-42-47.txt	organic_acid
Plate 1	C03	C	3	ANC	H1896	0	4-Hydroxybenzoic acid	Carbon_sources_9_2_09-heinä-2026 14-42-47.txt	organic_acid
Plate 1	C04	C	4	EVO	H1896	0	4-Hydroxybenzoic acid	Carbon_sources_9_2_09-heinä-2026 14-42-47.txt	organic_acid
Plate 1	C05	C	5	blank	blank	blank	blank	Carbon_sources_9_2_09-heinä-2026 14-42-47.txt	NA
Plate 1	C06	C	6	blank	blank	blank	blank	Carbon_sources_9_2_09-heinä-2026 14-42-47.txt	NA
Plate 1	C07	C	7	blank	blank	blank	blank	Carbon_sources_9_2_09-heinä-2026 14-42-47.txt	NA
Plate 1	C08	C	8	blank	blank	blank	blank	Carbon_sources_9_2_09-heinä-2026 14-42-47.txt	NA
Plate 1	C09	C	9	blank	blank	blank	blank	Carbon_sources_9_2_09-heinä-2026 14-42-47.txt	NA
Plate 1	C10	C	10	blank	blank	blank	blank	Carbon_sources_9_2_09-heinä-2026 14-42-47.txt	NA
Plate 1	C11	C	11	blank	blank	blank	blank	Carbon_sources_9_2_09-heinä-2026 14-42-47.txt	NA
Plate 1	C12	C	12	blank	blank	blank	blank	Carbon_sources_9_2_09-heinä-2026 14-42-47.txt	NA
Plate 1	D01	D	1	ANC	H0403	0	4-Hydroxybenzoic acid	Carbon_sources_9_2_09-heinä-2026 14-42-47.txt	organic_acid
Plate 1	D02	D	2	EVO	H0403	0	4-Hydroxybenzoic acid	Carbon_sources_9_2_09-heinä-2026 14-42-47.txt	organic_acid
Plate 1	D03	D	3	ANC	H1896	0	4-Hydroxybenzoic acid	Carbon_sources_9_2_09-heinä-2026 14-42-47.txt	organic_acid
Plate 1	D04	D	4	EVO	H1896	0	4-Hydroxybenzoic acid	Carbon_sources_9_2_09-heinä-2026 14-42-47.txt	organic_acid
Plate 1	D05	D	5	blank	blank	blank	blank	Carbon_sources_9_2_09-heinä-2026 14-42-47.txt	NA
Plate 1	D06	D	6	blank	blank	blank	blank	Carbon_sources_9_2_09-heinä-2026 14-42-47.txt	NA
Plate 1	D07	D	7	blank	blank	blank	blank	Carbon_sources_9_2_09-heinä-2026 14-42-47.txt	NA
Plate 1	D08	D	8	blank	blank	blank	blank	Carbon_sources_9_2_09-heinä-2026 14-42-47.txt	NA
Plate 1	D09	D	9	blank	blank	blank	blank	Carbon_sources_9_2_09-heinä-2026 14-42-47.txt	NA
Plate 1	D10	D	10	blank	blank	blank	blank	Carbon_sources_9_2_09-heinä-2026 14-42-47.txt	NA
Plate 1	D11	D	11	blank	blank	blank	blank	Carbon_sources_9_2_09-heinä-2026 14-42-47.txt	NA
Plate 1	D12	D	12	blank	blank	blank	blank	Carbon_sources_9_2_09-heinä-2026 14-42-47.txt	NA
Plate 1	E01	E	1	ANC	H0403	0	4-Hydroxybenzoic acid	Carbon_sources_9_2_09-heinä-2026 14-42-47.txt	organic_acid
Plate 1	E02	E	2	EVO	H0403	0	4-Hydroxybenzoic acid	Carbon_sources_9_2_09-heinä-2026 14-42-47.txt	organic_acid
Plate 1	E03	E	3	ANC	H1896	0	4-Hydroxybenzoic acid	Carbon_sources_9_2_09-heinä-2026 14-42-47.txt	organic_acid
Plate 1	E04	E	4	EVO	H1896	0	4-Hydroxybenzoic acid	Carbon_sources_9_2_09-heinä-2026 14-42-47.txt	organic_acid
Plate 1	E05	E	5	blank	blank	blank	blank	Carbon_sources_9_2_09-heinä-2026 14-42-47.txt	NA
Plate 1	E06	E	6	blank	blank	blank	blank	Carbon_sources_9_2_09-heinä-2026 14-42-47.txt	NA
Plate 1	E07	E	7	blank	blank	blank	blank	Carbon_sources_9_2_09-heinä-2026 14-42-47.txt	NA
Plate 1	E08	E	8	blank	blank	blank	blank	Carbon_sources_9_2_09-heinä-2026 14-42-47.txt	NA
Plate 1	E09	E	9	blank	blank	blank	blank	Carbon_sources_9_2_09-heinä-2026 14-42-47.txt	NA
Plate 1	E10	E	10	blank	blank	blank	blank	Carbon_sources_9_2_09-heinä-2026 14-42-47.txt	NA
Plate 1	E11	E	11	blank	blank	blank	blank	Carbon_sources_9_2_09-heinä-2026 14-42-47.txt	NA
Plate 1	E12	E	12	blank	blank	blank	blank	Carbon_sources_9_2_09-heinä-2026 14-42-47.txt	NA
Plate 1	F01	F	1	ANC	H0403	0	4-Hydroxybenzoic acid	Carbon_sources_9_2_09-heinä-2026 14-42-47.txt	organic_acid
Plate 1	F02	F	2	EVO	H0403	0	4-Hydroxybenzoic acid	Carbon_sources_9_2_09-heinä-2026 14-42-47.txt	organic_acid
Plate 1	F03	F	3	ANC	H1896	0	4-Hydroxybenzoic acid	Carbon_sources_9_2_09-heinä-2026 14-42-47.txt	organic_acid
Plate 1	F04	F	4	EVO	H1896	0	4-Hydroxybenzoic acid	Carbon_sources_9_2_09-heinä-2026 14-42-47.txt	organic_acid
Plate 1	F05	F	5	blank	blank	blank	blank	Carbon_sources_9_2_09-heinä-2026 14-42-47.txt	NA
Plate 1	F06	F	6	blank	blank	blank	blank	Carbon_sources_9_2_09-heinä-2026 14-42-47.txt	NA
Plate 1	F07	F	7	blank	blank	blank	blank	Carbon_sources_9_2_09-heinä-2026 14-42-47.txt	NA
Plate 1	F08	F	8	blank	blank	blank	blank	Carbon_sources_9_2_09-heinä-2026 14-42-47.txt	NA
Plate 1	F09	F	9	blank	blank	blank	blank	Carbon_sources_9_2_09-heinä-2026 14-42-47.txt	NA
Plate 1	F10	F	10	blank	blank	blank	blank	Carbon_sources_9_2_09-heinä-2026 14-42-47.txt	NA
Plate 1	F11	F	11	blank	blank	blank	blank	Carbon_sources_9_2_09-heinä-2026 14-42-47.txt	NA
Plate 1	F12	F	12	blank	blank	blank	blank	Carbon_sources_9_2_09-heinä-2026 14-42-47.txt	NA
Plate 1	G01	G	1	ANC	H0403	0	4-Hydroxybenzoic acid	Carbon_sources_9_2_09-heinä-2026 14-42-47.txt	organic_acid
Plate 1	G02	G	2	EVO	H0403	0	4-Hydroxybenzoic acid	Carbon_sources_9_2_09-heinä-2026 14-42-47.txt	organic_acid
Plate 1	G03	G	3	ANC	H1896	0	4-Hydroxybenzoic acid	Carbon_sources_9_2_09-heinä-2026 14-42-47.txt	organic_acid
Plate 1	G04	G	4	EVO	H1896	0	4-Hydroxybenzoic acid	Carbon_sources_9_2_09-heinä-2026 14-42-47.txt	organic_acid
Plate 1	G05	G	5	blank	blank	blank	blank	Carbon_sources_9_2_09-heinä-2026 14-42-47.txt	NA
Plate 1	G06	G	6	blank	blank	blank	blank	Carbon_sources_9_2_09-heinä-2026 14-42-47.txt	NA
Plate 1	G07	G	7	blank	blank	blank	blank	Carbon_sources_9_2_09-heinä-2026 14-42-47.txt	NA
Plate 1	G08	G	8	blank	blank	blank	blank	Carbon_sources_9_2_09-heinä-2026 14-42-47.txt	NA
Plate 1	G09	G	9	blank	blank	blank	blank	Carbon_sources_9_2_09-heinä-2026 14-42-47.txt	NA
Plate 1	G10	G	10	blank	blank	blank	blank	Carbon_sources_9_2_09-heinä-2026 14-42-47.txt	NA
Plate 1	G11	G	11	blank	blank	blank	blank	Carbon_sources_9_2_09-heinä-2026 14-42-47.txt	NA
Plate 1	G12	G	12	blank	blank	blank	blank	Carbon_sources_9_2_09-heinä-2026 14-42-47.txt	NA
Plate 1	H01	H	1	ANC	H0403	0	4-Hydroxybenzoic acid	Carbon_sources_9_2_09-heinä-2026 14-42-47.txt	organic_acid
Plate 1	H02	H	2	EVO	H0403	0	4-Hydroxybenzoic acid	Carbon_sources_9_2_09-heinä-2026 14-42-47.txt	organic_acid
Plate 1	H03	H	3	ANC	H1896	0	4-Hydroxybenzoic acid	Carbon_sources_9_2_09-heinä-2026 14-42-47.txt	organic_acid
Plate 1	H04	H	4	EVO	H1896	0	4-Hydroxybenzoic acid	Carbon_sources_9_2_09-heinä-2026 14-42-47.txt	organic_acid
Plate 1	H05	H	5	blank	blank	blank	blank	Carbon_sources_9_2_09-heinä-2026 14-42-47.txt	NA
Plate 1	H06	H	6	blank	blank	blank	blank	Carbon_sources_9_2_09-heinä-2026 14-42-47.txt	NA
Plate 1	H07	H	7	blank	blank	blank	blank	Carbon_sources_9_2_09-heinä-2026 14-42-47.txt	NA
Plate 1	H08	H	8	blank	blank	blank	blank	Carbon_sources_9_2_09-heinä-2026 14-42-47.txt	NA
Plate 1	H09	H	9	blank	blank	blank	blank	Carbon_sources_9_2_09-heinä-2026 14-42-47.txt	NA
Plate 1	H10	H	10	blank	blank	blank	blank	Carbon_sources_9_2_09-heinä-2026 14-42-47.txt	NA
Plate 1	H11	H	11	blank	blank	blank	blank	Carbon_sources_9_2_09-heinä-2026 14-42-47.txt	NA
Plate 1	H12	H	12	blank	blank	blank	blank	Carbon_sources_9_2_09-heinä-2026 14-42-47.txt	NA
Plate 2	A01	A	1	ANC	H0403	0	salicylic acid	Carbon_sources_9_3_09-heinä-2026 14-42-47.txt	organic_acid
Plate 2	A02	A	2	EVO	H0403	0	salicylic acid	Carbon_sources_9_3_09-heinä-2026 14-42-47.txt	organic_acid
Plate 2	A03	A	3	ANC	H1896	0	salicylic acid	Carbon_sources_9_3_09-heinä-2026 14-42-47.txt	organic_acid
Plate 2	A04	A	4	EVO	H1896	0	salicylic acid	Carbon_sources_9_3_09-heinä-2026 14-42-47.txt	organic_acid
Plate 2	A05	A	5	blank	blank	blank	blank	Carbon_sources_9_3_09-heinä-2026 14-42-47.txt	NA
Plate 2	A06	A	6	blank	blank	blank	blank	Carbon_sources_9_3_09-heinä-2026 14-42-47.txt	NA
Plate 2	A07	A	7	blank	blank	blank	blank	Carbon_sources_9_3_09-heinä-2026 14-42-47.txt	NA
Plate 2	A08	A	8	blank	blank	blank	blank	Carbon_sources_9_3_09-heinä-2026 14-42-47.txt	NA
Plate 2	A09	A	9	blank	blank	blank	blank	Carbon_sources_9_3_09-heinä-2026 14-42-47.txt	NA
Plate 2	A10	A	10	blank	blank	blank	blank	Carbon_sources_9_3_09-heinä-2026 14-42-47.txt	NA
Plate 2	A11	A	11	blank	blank	blank	blank	Carbon_sources_9_3_09-heinä-2026 14-42-47.txt	NA
Plate 2	A12	A	12	blank	blank	blank	blank	Carbon_sources_9_3_09-heinä-2026 14-42-47.txt	NA
Plate 2	B01	B	1	ANC	H0403	0	salicylic acid	Carbon_sources_9_3_09-heinä-2026 14-42-47.txt	organic_acid
Plate 2	B02	B	2	EVO	H0403	0	salicylic acid	Carbon_sources_9_3_09-heinä-2026 14-42-47.txt	organic_acid
Plate 2	B03	B	3	ANC	H1896	0	salicylic acid	Carbon_sources_9_3_09-heinä-2026 14-42-47.txt	organic_acid
Plate 2	B04	B	4	EVO	H1896	0	salicylic acid	Carbon_sources_9_3_09-heinä-2026 14-42-47.txt	organic_acid
Plate 2	B05	B	5	blank	blank	blank	blank	Carbon_sources_9_3_09-heinä-2026 14-42-47.txt	NA
Plate 2	B06	B	6	blank	blank	blank	blank	Carbon_sources_9_3_09-heinä-2026 14-42-47.txt	NA
Plate 2	B07	B	7	blank	blank	blank	blank	Carbon_sources_9_3_09-heinä-2026 14-42-47.txt	NA
Plate 2	B08	B	8	blank	blank	blank	blank	Carbon_sources_9_3_09-heinä-2026 14-42-47.txt	NA
Plate 2	B09	B	9	blank	blank	blank	blank	Carbon_sources_9_3_09-heinä-2026 14-42-47.txt	NA
Plate 2	B10	B	10	blank	blank	blank	blank	Carbon_sources_9_3_09-heinä-2026 14-42-47.txt	NA
Plate 2	B11	B	11	blank	blank	blank	blank	Carbon_sources_9_3_09-heinä-2026 14-42-47.txt	NA
Plate 2	B12	B	12	blank	blank	blank	blank	Carbon_sources_9_3_09-heinä-2026 14-42-47.txt	NA
Plate 2	C01	C	1	ANC	H0403	0	salicylic acid	Carbon_sources_9_3_09-heinä-2026 14-42-47.txt	organic_acid
Plate 2	C02	C	2	EVO	H0403	0	salicylic acid	Carbon_sources_9_3_09-heinä-2026 14-42-47.txt	organic_acid
Plate 2	C03	C	3	ANC	H1896	0	salicylic acid	Carbon_sources_9_3_09-heinä-2026 14-42-47.txt	organic_acid
Plate 2	C04	C	4	EVO	H1896	0	salicylic acid	Carbon_sources_9_3_09-heinä-2026 14-42-47.txt	organic_acid
Plate 2	C05	C	5	blank	blank	blank	blank	Carbon_sources_9_3_09-heinä-2026 14-42-47.txt	NA
Plate 2	C06	C	6	blank	blank	blank	blank	Carbon_sources_9_3_09-heinä-2026 14-42-47.txt	NA
Plate 2	C07	C	7	blank	blank	blank	blank	Carbon_sources_9_3_09-heinä-2026 14-42-47.txt	NA
Plate 2	C08	C	8	blank	blank	blank	blank	Carbon_sources_9_3_09-heinä-2026 14-42-47.txt	NA
Plate 2	C09	C	9	blank	blank	blank	blank	Carbon_sources_9_3_09-heinä-2026 14-42-47.txt	NA
Plate 2	C10	C	10	blank	blank	blank	blank	Carbon_sources_9_3_09-heinä-2026 14-42-47.txt	NA
Plate 2	C11	C	11	blank	blank	blank	blank	Carbon_sources_9_3_09-heinä-2026 14-42-47.txt	NA
Plate 2	C12	C	12	blank	blank	blank	blank	Carbon_sources_9_3_09-heinä-2026 14-42-47.txt	NA
Plate 2	D01	D	1	ANC	H0403	0	salicylic acid	Carbon_sources_9_3_09-heinä-2026 14-42-47.txt	organic_acid
Plate 2	D02	D	2	EVO	H0403	0	salicylic acid	Carbon_sources_9_3_09-heinä-2026 14-42-47.txt	organic_acid
Plate 2	D03	D	3	ANC	H1896	0	salicylic acid	Carbon_sources_9_3_09-heinä-2026 14-42-47.txt	organic_acid
Plate 2	D04	D	4	EVO	H1896	0	salicylic acid	Carbon_sources_9_3_09-heinä-2026 14-42-47.txt	organic_acid
Plate 2	D05	D	5	blank	blank	blank	blank	Carbon_sources_9_3_09-heinä-2026 14-42-47.txt	NA
Plate 2	D06	D	6	blank	blank	blank	blank	Carbon_sources_9_3_09-heinä-2026 14-42-47.txt	NA
Plate 2	D07	D	7	blank	blank	blank	blank	Carbon_sources_9_3_09-heinä-2026 14-42-47.txt	NA
Plate 2	D08	D	8	blank	blank	blank	blank	Carbon_sources_9_3_09-heinä-2026 14-42-47.txt	NA
Plate 2	D09	D	9	blank	blank	blank	blank	Carbon_sources_9_3_09-heinä-2026 14-42-47.txt	NA
Plate 2	D10	D	10	blank	blank	blank	blank	Carbon_sources_9_3_09-heinä-2026 14-42-47.txt	NA
Plate 2	D11	D	11	blank	blank	blank	blank	Carbon_sources_9_3_09-heinä-2026 14-42-47.txt	NA
Plate 2	D12	D	12	blank	blank	blank	blank	Carbon_sources_9_3_09-heinä-2026 14-42-47.txt	NA
Plate 2	E01	E	1	ANC	H0403	0	salicylic acid	Carbon_sources_9_3_09-heinä-2026 14-42-47.txt	organic_acid
Plate 2	E02	E	2	EVO	H0403	0	salicylic acid	Carbon_sources_9_3_09-heinä-2026 14-42-47.txt	organic_acid
Plate 2	E03	E	3	ANC	H1896	0	salicylic acid	Carbon_sources_9_3_09-heinä-2026 14-42-47.txt	organic_acid
Plate 2	E04	E	4	EVO	H1896	0	salicylic acid	Carbon_sources_9_3_09-heinä-2026 14-42-47.txt	organic_acid
Plate 2	E05	E	5	blank	blank	blank	blank	Carbon_sources_9_3_09-heinä-2026 14-42-47.txt	NA
Plate 2	E06	E	6	blank	blank	blank	blank	Carbon_sources_9_3_09-heinä-2026 14-42-47.txt	NA
Plate 2	E07	E	7	blank	blank	blank	blank	Carbon_sources_9_3_09-heinä-2026 14-42-47.txt	NA
Plate 2	E08	E	8	blank	blank	blank	blank	Carbon_sources_9_3_09-heinä-2026 14-42-47.txt	NA
Plate 2	E09	E	9	blank	blank	blank	blank	Carbon_sources_9_3_09-heinä-2026 14-42-47.txt	NA
Plate 2	E10	E	10	blank	blank	blank	blank	Carbon_sources_9_3_09-heinä-2026 14-42-47.txt	NA
Plate 2	E11	E	11	blank	blank	blank	blank	Carbon_sources_9_3_09-heinä-2026 14-42-47.txt	NA
Plate 2	E12	E	12	blank	blank	blank	blank	Carbon_sources_9_3_09-heinä-2026 14-42-47.txt	NA
Plate 2	F01	F	1	ANC	H0403	0	salicylic acid	Carbon_sources_9_3_09-heinä-2026 14-42-47.txt	organic_acid
Plate 2	F02	F	2	EVO	H0403	0	salicylic acid	Carbon_sources_9_3_09-heinä-2026 14-42-47.txt	organic_acid
Plate 2	F03	F	3	ANC	H1896	0	salicylic acid	Carbon_sources_9_3_09-heinä-2026 14-42-47.txt	organic_acid
Plate 2	F04	F	4	EVO	H1896	0	salicylic acid	Carbon_sources_9_3_09-heinä-2026 14-42-47.txt	organic_acid
Plate 2	F05	F	5	blank	blank	blank	blank	Carbon_sources_9_3_09-heinä-2026 14-42-47.txt	NA
Plate 2	F06	F	6	blank	blank	blank	blank	Carbon_sources_9_3_09-heinä-2026 14-42-47.txt	NA
Plate 2	F07	F	7	blank	blank	blank	blank	Carbon_sources_9_3_09-heinä-2026 14-42-47.txt	NA
Plate 2	F08	F	8	blank	blank	blank	blank	Carbon_sources_9_3_09-heinä-2026 14-42-47.txt	NA
Plate 2	F09	F	9	blank	blank	blank	blank	Carbon_sources_9_3_09-heinä-2026 14-42-47.txt	NA
Plate 2	F10	F	10	blank	blank	blank	blank	Carbon_sources_9_3_09-heinä-2026 14-42-47.txt	NA
Plate 2	F11	F	11	blank	blank	blank	blank	Carbon_sources_9_3_09-heinä-2026 14-42-47.txt	NA
Plate 2	F12	F	12	blank	blank	blank	blank	Carbon_sources_9_3_09-heinä-2026 14-42-47.txt	NA
Plate 2	G01	G	1	ANC	H0403	0	salicylic acid	Carbon_sources_9_3_09-heinä-2026 14-42-47.txt	organic_acid
Plate 2	G02	G	2	EVO	H0403	0	salicylic acid	Carbon_sources_9_3_09-heinä-2026 14-42-47.txt	organic_acid
Plate 2	G03	G	3	ANC	H1896	0	salicylic acid	Carbon_sources_9_3_09-heinä-2026 14-42-47.txt	organic_acid
Plate 2	G04	G	4	EVO	H1896	0	salicylic acid	Carbon_sources_9_3_09-heinä-2026 14-42-47.txt	organic_acid
Plate 2	G05	G	5	blank	blank	blank	blank	Carbon_sources_9_3_09-heinä-2026 14-42-47.txt	NA
Plate 2	G06	G	6	blank	blank	blank	blank	Carbon_sources_9_3_09-heinä-2026 14-42-47.txt	NA
Plate 2	G07	G	7	blank	blank	blank	blank	Carbon_sources_9_3_09-heinä-2026 14-42-47.txt	NA
Plate 2	G08	G	8	blank	blank	blank	blank	Carbon_sources_9_3_09-heinä-2026 14-42-47.txt	NA
Plate 2	G09	G	9	blank	blank	blank	blank	Carbon_sources_9_3_09-heinä-2026 14-42-47.txt	NA
Plate 2	G10	G	10	blank	blank	blank	blank	Carbon_sources_9_3_09-heinä-2026 14-42-47.txt	NA
Plate 2	G11	G	11	blank	blank	blank	blank	Carbon_sources_9_3_09-heinä-2026 14-42-47.txt	NA
Plate 2	G12	G	12	blank	blank	blank	blank	Carbon_sources_9_3_09-heinä-2026 14-42-47.txt	NA
Plate 2	H01	H	1	ANC	H0403	0	salicylic acid	Carbon_sources_9_3_09-heinä-2026 14-42-47.txt	organic_acid
Plate 2	H02	H	2	EVO	H0403	0	salicylic acid	Carbon_sources_9_3_09-heinä-2026 14-42-47.txt	organic_acid
Plate 2	H03	H	3	ANC	H1896	0	salicylic acid	Carbon_sources_9_3_09-heinä-2026 14-42-47.txt	organic_acid
Plate 2	H04	H	4	EVO	H1896	0	salicylic acid	Carbon_sources_9_3_09-heinä-2026 14-42-47.txt	organic_acid
Plate 2	H05	H	5	blank	blank	blank	blank	Carbon_sources_9_3_09-heinä-2026 14-42-47.txt	NA
Plate 2	H06	H	6	blank	blank	blank	blank	Carbon_sources_9_3_09-heinä-2026 14-42-47.txt	NA
Plate 2	H07	H	7	blank	blank	blank	blank	Carbon_sources_9_3_09-heinä-2026 14-42-47.txt	NA
Plate 2	H08	H	8	blank	blank	blank	blank	Carbon_sources_9_3_09-heinä-2026 14-42-47.txt	NA
Plate 2	H09	H	9	blank	blank	blank	blank	Carbon_sources_9_3_09-heinä-2026 14-42-47.txt	NA
Plate 2	H10	H	10	blank	blank	blank	blank	Carbon_sources_9_3_09-heinä-2026 14-42-47.txt	NA
Plate 2	H11	H	11	blank	blank	blank	blank	Carbon_sources_9_3_09-heinä-2026 14-42-47.txt	NA
Plate 2	H12	H	12	blank	blank	blank	blank	Carbon_sources_9_3_09-heinä-2026 14-42-47.txt	NA
Plate 1	A01	A	1	ANC	H1977	0	malate	Carbon_sources_1_1_08-kesä-2026 12-51-22.txt	organic_acid
Plate 1	A02	A	2	EVO	H1977	0	malate	Carbon_sources_1_1_08-kesä-2026 12-51-22.txt	organic_acid
Plate 1	A03	A	3	ANC	H1287	0	malate	Carbon_sources_1_1_08-kesä-2026 12-51-22.txt	organic_acid
Plate 1	A04	A	4	EVO	H1287	0	malate	Carbon_sources_1_1_08-kesä-2026 12-51-22.txt	organic_acid
Plate 1	A05	A	5	blank	blank	blank	blank	Carbon_sources_1_1_08-kesä-2026 12-51-22.txt	NA
Plate 1	A06	A	6	blank	blank	blank	blank	Carbon_sources_1_1_08-kesä-2026 12-51-22.txt	NA
Plate 1	A07	A	7	blank	blank	blank	blank	Carbon_sources_1_1_08-kesä-2026 12-51-22.txt	NA
Plate 1	A08	A	8	blank	blank	blank	blank	Carbon_sources_1_1_08-kesä-2026 12-51-22.txt	NA
Plate 1	A09	A	9	ANC	H1977	0	4-Hydroxybenzoic acid	Carbon_sources_1_1_08-kesä-2026 12-51-22.txt	organic_acid
Plate 1	A10	A	10	EVO	H1977	0	4-Hydroxybenzoic acid	Carbon_sources_1_1_08-kesä-2026 12-51-22.txt	organic_acid
Plate 1	A11	A	11	ANC	H1287	0	4-Hydroxybenzoic acid	Carbon_sources_1_1_08-kesä-2026 12-51-22.txt	organic_acid
Plate 1	A12	A	12	EVO	H1287	0	4-Hydroxybenzoic acid	Carbon_sources_1_1_08-kesä-2026 12-51-22.txt	organic_acid
Plate 1	B01	B	1	ANC	H1977	0	malate	Carbon_sources_1_1_08-kesä-2026 12-51-22.txt	organic_acid
Plate 1	B02	B	2	EVO	H1977	0	malate	Carbon_sources_1_1_08-kesä-2026 12-51-22.txt	organic_acid
Plate 1	B03	B	3	ANC	H1287	0	malate	Carbon_sources_1_1_08-kesä-2026 12-51-22.txt	organic_acid
Plate 1	B04	B	4	EVO	H1287	0	malate	Carbon_sources_1_1_08-kesä-2026 12-51-22.txt	organic_acid
Plate 1	B05	B	5	blank	blank	blank	blank	Carbon_sources_1_1_08-kesä-2026 12-51-22.txt	NA
Plate 1	B06	B	6	blank	blank	blank	blank	Carbon_sources_1_1_08-kesä-2026 12-51-22.txt	NA
Plate 1	B07	B	7	blank	blank	blank	blank	Carbon_sources_1_1_08-kesä-2026 12-51-22.txt	NA
Plate 1	B08	B	8	blank	blank	blank	blank	Carbon_sources_1_1_08-kesä-2026 12-51-22.txt	NA
Plate 1	B09	B	9	ANC	H1977	0	4-Hydroxybenzoic acid	Carbon_sources_1_1_08-kesä-2026 12-51-22.txt	organic_acid
Plate 1	B10	B	10	EVO	H1977	0	4-Hydroxybenzoic acid	Carbon_sources_1_1_08-kesä-2026 12-51-22.txt	organic_acid
Plate 1	B11	B	11	ANC	H1287	0	4-Hydroxybenzoic acid	Carbon_sources_1_1_08-kesä-2026 12-51-22.txt	organic_acid
Plate 1	B12	B	12	EVO	H1287	0	4-Hydroxybenzoic acid	Carbon_sources_1_1_08-kesä-2026 12-51-22.txt	organic_acid
Plate 1	C01	C	1	ANC	H1977	0	malate	Carbon_sources_1_1_08-kesä-2026 12-51-22.txt	organic_acid
Plate 1	C02	C	2	EVO	H1977	0	malate	Carbon_sources_1_1_08-kesä-2026 12-51-22.txt	organic_acid
Plate 1	C03	C	3	ANC	H1287	0	malate	Carbon_sources_1_1_08-kesä-2026 12-51-22.txt	organic_acid
Plate 1	C04	C	4	EVO	H1287	0	malate	Carbon_sources_1_1_08-kesä-2026 12-51-22.txt	organic_acid
Plate 1	C05	C	5	blank	blank	blank	blank	Carbon_sources_1_1_08-kesä-2026 12-51-22.txt	NA
Plate 1	C06	C	6	blank	blank	blank	blank	Carbon_sources_1_1_08-kesä-2026 12-51-22.txt	NA
Plate 1	C07	C	7	blank	blank	blank	blank	Carbon_sources_1_1_08-kesä-2026 12-51-22.txt	NA
Plate 1	C08	C	8	blank	blank	blank	blank	Carbon_sources_1_1_08-kesä-2026 12-51-22.txt	NA
Plate 1	C09	C	9	ANC	H1977	0	4-Hydroxybenzoic acid	Carbon_sources_1_1_08-kesä-2026 12-51-22.txt	organic_acid
Plate 1	C10	C	10	EVO	H1977	0	4-Hydroxybenzoic acid	Carbon_sources_1_1_08-kesä-2026 12-51-22.txt	organic_acid
Plate 1	C11	C	11	ANC	H1287	0	4-Hydroxybenzoic acid	Carbon_sources_1_1_08-kesä-2026 12-51-22.txt	organic_acid
Plate 1	C12	C	12	EVO	H1287	0	4-Hydroxybenzoic acid	Carbon_sources_1_1_08-kesä-2026 12-51-22.txt	organic_acid
Plate 1	D01	D	1	ANC	H1977	0	malate	Carbon_sources_1_1_08-kesä-2026 12-51-22.txt	organic_acid
Plate 1	D02	D	2	EVO	H1977	0	malate	Carbon_sources_1_1_08-kesä-2026 12-51-22.txt	organic_acid
Plate 1	D03	D	3	ANC	H1287	0	malate	Carbon_sources_1_1_08-kesä-2026 12-51-22.txt	organic_acid
Plate 1	D04	D	4	EVO	H1287	0	malate	Carbon_sources_1_1_08-kesä-2026 12-51-22.txt	organic_acid
Plate 1	D05	D	5	blank	blank	blank	blank	Carbon_sources_1_1_08-kesä-2026 12-51-22.txt	NA
Plate 1	D06	D	6	blank	blank	blank	blank	Carbon_sources_1_1_08-kesä-2026 12-51-22.txt	NA
Plate 1	D07	D	7	blank	blank	blank	blank	Carbon_sources_1_1_08-kesä-2026 12-51-22.txt	NA
Plate 1	D08	D	8	blank	blank	blank	blank	Carbon_sources_1_1_08-kesä-2026 12-51-22.txt	NA
Plate 1	D09	D	9	ANC	H1977	0	4-Hydroxybenzoic acid	Carbon_sources_1_1_08-kesä-2026 12-51-22.txt	organic_acid
Plate 1	D10	D	10	EVO	H1977	0	4-Hydroxybenzoic acid	Carbon_sources_1_1_08-kesä-2026 12-51-22.txt	organic_acid
Plate 1	D11	D	11	ANC	H1287	0	4-Hydroxybenzoic acid	Carbon_sources_1_1_08-kesä-2026 12-51-22.txt	organic_acid
Plate 1	D12	D	12	EVO	H1287	0	4-Hydroxybenzoic acid	Carbon_sources_1_1_08-kesä-2026 12-51-22.txt	organic_acid
Plate 1	E01	E	1	ANC	H1977	0	malate	Carbon_sources_1_1_08-kesä-2026 12-51-22.txt	organic_acid
Plate 1	E02	E	2	EVO	H1977	0	malate	Carbon_sources_1_1_08-kesä-2026 12-51-22.txt	organic_acid
Plate 1	E03	E	3	ANC	H1287	0	malate	Carbon_sources_1_1_08-kesä-2026 12-51-22.txt	organic_acid
Plate 1	E04	E	4	EVO	H1287	0	malate	Carbon_sources_1_1_08-kesä-2026 12-51-22.txt	organic_acid
Plate 1	E05	E	5	blank	blank	blank	blank	Carbon_sources_1_1_08-kesä-2026 12-51-22.txt	NA
Plate 1	E06	E	6	blank	blank	blank	blank	Carbon_sources_1_1_08-kesä-2026 12-51-22.txt	NA
Plate 1	E07	E	7	blank	blank	blank	blank	Carbon_sources_1_1_08-kesä-2026 12-51-22.txt	NA
Plate 1	E08	E	8	blank	blank	blank	blank	Carbon_sources_1_1_08-kesä-2026 12-51-22.txt	NA
Plate 1	E09	E	9	ANC	H1977	0	4-Hydroxybenzoic acid	Carbon_sources_1_1_08-kesä-2026 12-51-22.txt	organic_acid
Plate 1	E10	E	10	EVO	H1977	0	4-Hydroxybenzoic acid	Carbon_sources_1_1_08-kesä-2026 12-51-22.txt	organic_acid
Plate 1	E11	E	11	ANC	H1287	0	4-Hydroxybenzoic acid	Carbon_sources_1_1_08-kesä-2026 12-51-22.txt	organic_acid
Plate 1	E12	E	12	EVO	H1287	0	4-Hydroxybenzoic acid	Carbon_sources_1_1_08-kesä-2026 12-51-22.txt	organic_acid
Plate 1	F01	F	1	ANC	H1977	0	malate	Carbon_sources_1_1_08-kesä-2026 12-51-22.txt	organic_acid
Plate 1	F02	F	2	EVO	H1977	0	malate	Carbon_sources_1_1_08-kesä-2026 12-51-22.txt	organic_acid
Plate 1	F03	F	3	ANC	H1287	0	malate	Carbon_sources_1_1_08-kesä-2026 12-51-22.txt	organic_acid
Plate 1	F04	F	4	EVO	H1287	0	malate	Carbon_sources_1_1_08-kesä-2026 12-51-22.txt	organic_acid
Plate 1	F05	F	5	blank	blank	blank	blank	Carbon_sources_1_1_08-kesä-2026 12-51-22.txt	NA
Plate 1	F06	F	6	blank	blank	blank	blank	Carbon_sources_1_1_08-kesä-2026 12-51-22.txt	NA
Plate 1	F07	F	7	blank	blank	blank	blank	Carbon_sources_1_1_08-kesä-2026 12-51-22.txt	NA
Plate 1	F08	F	8	blank	blank	blank	blank	Carbon_sources_1_1_08-kesä-2026 12-51-22.txt	NA
Plate 1	F09	F	9	ANC	H1977	0	4-Hydroxybenzoic acid	Carbon_sources_1_1_08-kesä-2026 12-51-22.txt	organic_acid
Plate 1	F10	F	10	EVO	H1977	0	4-Hydroxybenzoic acid	Carbon_sources_1_1_08-kesä-2026 12-51-22.txt	organic_acid
Plate 1	F11	F	11	ANC	H1287	0	4-Hydroxybenzoic acid	Carbon_sources_1_1_08-kesä-2026 12-51-22.txt	organic_acid
Plate 1	F12	F	12	EVO	H1287	0	4-Hydroxybenzoic acid	Carbon_sources_1_1_08-kesä-2026 12-51-22.txt	organic_acid
Plate 1	G01	G	1	ANC	H1977	0	malate	Carbon_sources_1_1_08-kesä-2026 12-51-22.txt	organic_acid
Plate 1	G02	G	2	EVO	H1977	0	malate	Carbon_sources_1_1_08-kesä-2026 12-51-22.txt	organic_acid
Plate 1	G03	G	3	ANC	H1287	0	malate	Carbon_sources_1_1_08-kesä-2026 12-51-22.txt	organic_acid
Plate 1	G04	G	4	EVO	H1287	0	malate	Carbon_sources_1_1_08-kesä-2026 12-51-22.txt	organic_acid
Plate 1	G05	G	5	blank	blank	blank	blank	Carbon_sources_1_1_08-kesä-2026 12-51-22.txt	NA
Plate 1	G06	G	6	blank	blank	blank	blank	Carbon_sources_1_1_08-kesä-2026 12-51-22.txt	NA
Plate 1	G07	G	7	blank	blank	blank	blank	Carbon_sources_1_1_08-kesä-2026 12-51-22.txt	NA
Plate 1	G08	G	8	blank	blank	blank	blank	Carbon_sources_1_1_08-kesä-2026 12-51-22.txt	NA
Plate 1	G09	G	9	ANC	H1977	0	4-Hydroxybenzoic acid	Carbon_sources_1_1_08-kesä-2026 12-51-22.txt	organic_acid
Plate 1	G10	G	10	EVO	H1977	0	4-Hydroxybenzoic acid	Carbon_sources_1_1_08-kesä-2026 12-51-22.txt	organic_acid
Plate 1	G11	G	11	ANC	H1287	0	4-Hydroxybenzoic acid	Carbon_sources_1_1_08-kesä-2026 12-51-22.txt	organic_acid
Plate 1	G12	G	12	EVO	H1287	0	4-Hydroxybenzoic acid	Carbon_sources_1_1_08-kesä-2026 12-51-22.txt	organic_acid
Plate 1	H01	H	1	ANC	H1977	0	malate	Carbon_sources_1_1_08-kesä-2026 12-51-22.txt	organic_acid
Plate 1	H02	H	2	EVO	H1977	0	malate	Carbon_sources_1_1_08-kesä-2026 12-51-22.txt	organic_acid
Plate 1	H03	H	3	ANC	H1287	0	malate	Carbon_sources_1_1_08-kesä-2026 12-51-22.txt	organic_acid
Plate 1	H04	H	4	EVO	H1287	0	malate	Carbon_sources_1_1_08-kesä-2026 12-51-22.txt	organic_acid
Plate 1	H05	H	5	blank	blank	blank	blank	Carbon_sources_1_1_08-kesä-2026 12-51-22.txt	NA
Plate 1	H06	H	6	blank	blank	blank	blank	Carbon_sources_1_1_08-kesä-2026 12-51-22.txt	NA
Plate 1	H07	H	7	blank	blank	blank	blank	Carbon_sources_1_1_08-kesä-2026 12-51-22.txt	NA
Plate 1	H08	H	8	blank	blank	blank	blank	Carbon_sources_1_1_08-kesä-2026 12-51-22.txt	NA
Plate 1	H09	H	9	ANC	H1977	0	4-Hydroxybenzoic acid	Carbon_sources_1_1_08-kesä-2026 12-51-22.txt	organic_acid
Plate 1	H10	H	10	EVO	H1977	0	4-Hydroxybenzoic acid	Carbon_sources_1_1_08-kesä-2026 12-51-22.txt	organic_acid
Plate 1	H11	H	11	ANC	H1287	0	4-Hydroxybenzoic acid	Carbon_sources_1_1_08-kesä-2026 12-51-22.txt	organic_acid
Plate 1	H12	H	12	EVO	H1287	0	4-Hydroxybenzoic acid	Carbon_sources_1_1_08-kesä-2026 12-51-22.txt	organic_acid
Plate 2	A01	A	1	ANC	H1977	0	glucose	Carbon_sources_1_2_08-kesä-2026 12-51-22.txt	sugar
Plate 2	A02	A	2	EVO	H1977	0	glucose	Carbon_sources_1_2_08-kesä-2026 12-51-22.txt	sugar
Plate 2	A03	A	3	ANC	H1287	0	glucose	Carbon_sources_1_2_08-kesä-2026 12-51-22.txt	sugar
Plate 2	A04	A	4	EVO	H1287	0	glucose	Carbon_sources_1_2_08-kesä-2026 12-51-22.txt	sugar
Plate 2	A05	A	5	blank	blank	blank	blank	Carbon_sources_1_2_08-kesä-2026 12-51-22.txt	NA
Plate 2	A06	A	6	blank	blank	blank	blank	Carbon_sources_1_2_08-kesä-2026 12-51-22.txt	NA
Plate 2	A07	A	7	blank	blank	blank	blank	Carbon_sources_1_2_08-kesä-2026 12-51-22.txt	NA
Plate 2	A08	A	8	blank	blank	blank	blank	Carbon_sources_1_2_08-kesä-2026 12-51-22.txt	NA
Plate 2	A09	A	9	ANC	H1977	0	sucrose	Carbon_sources_1_2_08-kesä-2026 12-51-22.txt	sugar
Plate 2	A10	A	10	EVO	H1977	0	sucrose	Carbon_sources_1_2_08-kesä-2026 12-51-22.txt	sugar
Plate 2	A11	A	11	ANC	H1287	0	sucrose	Carbon_sources_1_2_08-kesä-2026 12-51-22.txt	sugar
Plate 2	A12	A	12	EVO	H1287	0	sucrose	Carbon_sources_1_2_08-kesä-2026 12-51-22.txt	sugar
Plate 2	B01	B	1	ANC	H1977	0	glucose	Carbon_sources_1_2_08-kesä-2026 12-51-22.txt	sugar
Plate 2	B02	B	2	EVO	H1977	0	glucose	Carbon_sources_1_2_08-kesä-2026 12-51-22.txt	sugar
Plate 2	B03	B	3	ANC	H1287	0	glucose	Carbon_sources_1_2_08-kesä-2026 12-51-22.txt	sugar
Plate 2	B04	B	4	EVO	H1287	0	glucose	Carbon_sources_1_2_08-kesä-2026 12-51-22.txt	sugar
Plate 2	B05	B	5	blank	blank	blank	blank	Carbon_sources_1_2_08-kesä-2026 12-51-22.txt	NA
Plate 2	B06	B	6	blank	blank	blank	blank	Carbon_sources_1_2_08-kesä-2026 12-51-22.txt	NA
Plate 2	B07	B	7	blank	blank	blank	blank	Carbon_sources_1_2_08-kesä-2026 12-51-22.txt	NA
Plate 2	B08	B	8	blank	blank	blank	blank	Carbon_sources_1_2_08-kesä-2026 12-51-22.txt	NA
Plate 2	B09	B	9	ANC	H1977	0	sucrose	Carbon_sources_1_2_08-kesä-2026 12-51-22.txt	sugar
Plate 2	B10	B	10	EVO	H1977	0	sucrose	Carbon_sources_1_2_08-kesä-2026 12-51-22.txt	sugar
Plate 2	B11	B	11	ANC	H1287	0	sucrose	Carbon_sources_1_2_08-kesä-2026 12-51-22.txt	sugar
Plate 2	B12	B	12	EVO	H1287	0	sucrose	Carbon_sources_1_2_08-kesä-2026 12-51-22.txt	sugar
Plate 2	C01	C	1	ANC	H1977	0	glucose	Carbon_sources_1_2_08-kesä-2026 12-51-22.txt	sugar
Plate 2	C02	C	2	EVO	H1977	0	glucose	Carbon_sources_1_2_08-kesä-2026 12-51-22.txt	sugar
Plate 2	C03	C	3	ANC	H1287	0	glucose	Carbon_sources_1_2_08-kesä-2026 12-51-22.txt	sugar
Plate 2	C04	C	4	EVO	H1287	0	glucose	Carbon_sources_1_2_08-kesä-2026 12-51-22.txt	sugar
Plate 2	C05	C	5	blank	blank	blank	blank	Carbon_sources_1_2_08-kesä-2026 12-51-22.txt	NA
Plate 2	C06	C	6	blank	blank	blank	blank	Carbon_sources_1_2_08-kesä-2026 12-51-22.txt	NA
Plate 2	C07	C	7	blank	blank	blank	blank	Carbon_sources_1_2_08-kesä-2026 12-51-22.txt	NA
Plate 2	C08	C	8	blank	blank	blank	blank	Carbon_sources_1_2_08-kesä-2026 12-51-22.txt	NA
Plate 2	C09	C	9	ANC	H1977	0	sucrose	Carbon_sources_1_2_08-kesä-2026 12-51-22.txt	sugar
Plate 2	C10	C	10	EVO	H1977	0	sucrose	Carbon_sources_1_2_08-kesä-2026 12-51-22.txt	sugar
Plate 2	C11	C	11	ANC	H1287	0	sucrose	Carbon_sources_1_2_08-kesä-2026 12-51-22.txt	sugar
Plate 2	C12	C	12	EVO	H1287	0	sucrose	Carbon_sources_1_2_08-kesä-2026 12-51-22.txt	sugar
Plate 2	D01	D	1	ANC	H1977	0	glucose	Carbon_sources_1_2_08-kesä-2026 12-51-22.txt	sugar
Plate 2	D02	D	2	EVO	H1977	0	glucose	Carbon_sources_1_2_08-kesä-2026 12-51-22.txt	sugar
Plate 2	D03	D	3	ANC	H1287	0	glucose	Carbon_sources_1_2_08-kesä-2026 12-51-22.txt	sugar
Plate 2	D04	D	4	EVO	H1287	0	glucose	Carbon_sources_1_2_08-kesä-2026 12-51-22.txt	sugar
Plate 2	D05	D	5	blank	blank	blank	blank	Carbon_sources_1_2_08-kesä-2026 12-51-22.txt	NA
Plate 2	D06	D	6	blank	blank	blank	blank	Carbon_sources_1_2_08-kesä-2026 12-51-22.txt	NA
Plate 2	D07	D	7	blank	blank	blank	blank	Carbon_sources_1_2_08-kesä-2026 12-51-22.txt	NA
Plate 2	D08	D	8	blank	blank	blank	blank	Carbon_sources_1_2_08-kesä-2026 12-51-22.txt	NA
Plate 2	D09	D	9	ANC	H1977	0	sucrose	Carbon_sources_1_2_08-kesä-2026 12-51-22.txt	sugar
Plate 2	D10	D	10	EVO	H1977	0	sucrose	Carbon_sources_1_2_08-kesä-2026 12-51-22.txt	sugar
Plate 2	D11	D	11	ANC	H1287	0	sucrose	Carbon_sources_1_2_08-kesä-2026 12-51-22.txt	sugar
Plate 2	D12	D	12	EVO	H1287	0	sucrose	Carbon_sources_1_2_08-kesä-2026 12-51-22.txt	sugar
Plate 2	E01	E	1	ANC	H1977	0	glucose	Carbon_sources_1_2_08-kesä-2026 12-51-22.txt	sugar
Plate 2	E02	E	2	EVO	H1977	0	glucose	Carbon_sources_1_2_08-kesä-2026 12-51-22.txt	sugar
Plate 2	E03	E	3	ANC	H1287	0	glucose	Carbon_sources_1_2_08-kesä-2026 12-51-22.txt	sugar
Plate 2	E04	E	4	EVO	H1287	0	glucose	Carbon_sources_1_2_08-kesä-2026 12-51-22.txt	sugar
Plate 2	E05	E	5	blank	blank	blank	blank	Carbon_sources_1_2_08-kesä-2026 12-51-22.txt	NA
Plate 2	E06	E	6	blank	blank	blank	blank	Carbon_sources_1_2_08-kesä-2026 12-51-22.txt	NA
Plate 2	E07	E	7	blank	blank	blank	blank	Carbon_sources_1_2_08-kesä-2026 12-51-22.txt	NA
Plate 2	E08	E	8	blank	blank	blank	blank	Carbon_sources_1_2_08-kesä-2026 12-51-22.txt	NA
Plate 2	E09	E	9	ANC	H1977	0	sucrose	Carbon_sources_1_2_08-kesä-2026 12-51-22.txt	sugar
Plate 2	E10	E	10	EVO	H1977	0	sucrose	Carbon_sources_1_2_08-kesä-2026 12-51-22.txt	sugar
Plate 2	E11	E	11	ANC	H1287	0	sucrose	Carbon_sources_1_2_08-kesä-2026 12-51-22.txt	sugar
Plate 2	E12	E	12	EVO	H1287	0	sucrose	Carbon_sources_1_2_08-kesä-2026 12-51-22.txt	sugar
Plate 2	F01	F	1	ANC	H1977	0	glucose	Carbon_sources_1_2_08-kesä-2026 12-51-22.txt	sugar
Plate 2	F02	F	2	EVO	H1977	0	glucose	Carbon_sources_1_2_08-kesä-2026 12-51-22.txt	sugar
Plate 2	F03	F	3	ANC	H1287	0	glucose	Carbon_sources_1_2_08-kesä-2026 12-51-22.txt	sugar
Plate 2	F04	F	4	EVO	H1287	0	glucose	Carbon_sources_1_2_08-kesä-2026 12-51-22.txt	sugar
Plate 2	F05	F	5	blank	blank	blank	blank	Carbon_sources_1_2_08-kesä-2026 12-51-22.txt	NA
Plate 2	F06	F	6	blank	blank	blank	blank	Carbon_sources_1_2_08-kesä-2026 12-51-22.txt	NA
Plate 2	F07	F	7	blank	blank	blank	blank	Carbon_sources_1_2_08-kesä-2026 12-51-22.txt	NA
Plate 2	F08	F	8	blank	blank	blank	blank	Carbon_sources_1_2_08-kesä-2026 12-51-22.txt	NA
Plate 2	F09	F	9	ANC	H1977	0	sucrose	Carbon_sources_1_2_08-kesä-2026 12-51-22.txt	sugar
Plate 2	F10	F	10	EVO	H1977	0	sucrose	Carbon_sources_1_2_08-kesä-2026 12-51-22.txt	sugar
Plate 2	F11	F	11	ANC	H1287	0	sucrose	Carbon_sources_1_2_08-kesä-2026 12-51-22.txt	sugar
Plate 2	F12	F	12	EVO	H1287	0	sucrose	Carbon_sources_1_2_08-kesä-2026 12-51-22.txt	sugar
Plate 2	G01	G	1	ANC	H1977	0	glucose	Carbon_sources_1_2_08-kesä-2026 12-51-22.txt	sugar
Plate 2	G02	G	2	EVO	H1977	0	glucose	Carbon_sources_1_2_08-kesä-2026 12-51-22.txt	sugar
Plate 2	G03	G	3	ANC	H1287	0	glucose	Carbon_sources_1_2_08-kesä-2026 12-51-22.txt	sugar
Plate 2	G04	G	4	EVO	H1287	0	glucose	Carbon_sources_1_2_08-kesä-2026 12-51-22.txt	sugar
Plate 2	G05	G	5	blank	blank	blank	blank	Carbon_sources_1_2_08-kesä-2026 12-51-22.txt	NA
Plate 2	G06	G	6	blank	blank	blank	blank	Carbon_sources_1_2_08-kesä-2026 12-51-22.txt	NA
Plate 2	G07	G	7	blank	blank	blank	blank	Carbon_sources_1_2_08-kesä-2026 12-51-22.txt	NA
Plate 2	G08	G	8	blank	blank	blank	blank	Carbon_sources_1_2_08-kesä-2026 12-51-22.txt	NA
Plate 2	G09	G	9	ANC	H1977	0	sucrose	Carbon_sources_1_2_08-kesä-2026 12-51-22.txt	sugar
Plate 2	G10	G	10	EVO	H1977	0	sucrose	Carbon_sources_1_2_08-kesä-2026 12-51-22.txt	sugar
Plate 2	G11	G	11	ANC	H1287	0	sucrose	Carbon_sources_1_2_08-kesä-2026 12-51-22.txt	sugar
Plate 2	G12	G	12	EVO	H1287	0	sucrose	Carbon_sources_1_2_08-kesä-2026 12-51-22.txt	sugar
Plate 2	H01	H	1	ANC	H1977	0	glucose	Carbon_sources_1_2_08-kesä-2026 12-51-22.txt	sugar
Plate 2	H02	H	2	EVO	H1977	0	glucose	Carbon_sources_1_2_08-kesä-2026 12-51-22.txt	sugar
Plate 2	H03	H	3	ANC	H1287	0	glucose	Carbon_sources_1_2_08-kesä-2026 12-51-22.txt	sugar
Plate 2	H04	H	4	EVO	H1287	0	glucose	Carbon_sources_1_2_08-kesä-2026 12-51-22.txt	sugar
Plate 2	H05	H	5	blank	blank	blank	blank	Carbon_sources_1_2_08-kesä-2026 12-51-22.txt	NA
Plate 2	H06	H	6	blank	blank	blank	blank	Carbon_sources_1_2_08-kesä-2026 12-51-22.txt	NA
Plate 2	H07	H	7	blank	blank	blank	blank	Carbon_sources_1_2_08-kesä-2026 12-51-22.txt	NA
Plate 2	H08	H	8	blank	blank	blank	blank	Carbon_sources_1_2_08-kesä-2026 12-51-22.txt	NA
Plate 2	H09	H	9	ANC	H1977	0	sucrose	Carbon_sources_1_2_08-kesä-2026 12-51-22.txt	sugar
Plate 2	H10	H	10	EVO	H1977	0	sucrose	Carbon_sources_1_2_08-kesä-2026 12-51-22.txt	sugar
Plate 2	H11	H	11	ANC	H1287	0	sucrose	Carbon_sources_1_2_08-kesä-2026 12-51-22.txt	sugar
Plate 2	H12	H	12	EVO	H1287	0	sucrose	Carbon_sources_1_2_08-kesä-2026 12-51-22.txt	sugar
Plate 3	A01	A	1	ANC	H1977	10	malate	Carbon_sources_1_3_08-kesä-2026 12-51-22.txt	organic_acid
Plate 3	A02	A	2	EVO	H1977	10	malate	Carbon_sources_1_3_08-kesä-2026 12-51-22.txt	organic_acid
Plate 3	A03	A	3	ANC	H1287	512	malate	Carbon_sources_1_3_08-kesä-2026 12-51-22.txt	organic_acid
Plate 3	A04	A	4	EVO	H1287	512	malate	Carbon_sources_1_3_08-kesä-2026 12-51-22.txt	organic_acid
Plate 3	A05	A	5	blank	blank	blank	blank	Carbon_sources_1_3_08-kesä-2026 12-51-22.txt	NA
Plate 3	A06	A	6	blank	blank	blank	blank	Carbon_sources_1_3_08-kesä-2026 12-51-22.txt	NA
Plate 3	A07	A	7	blank	blank	blank	blank	Carbon_sources_1_3_08-kesä-2026 12-51-22.txt	NA
Plate 3	A08	A	8	blank	blank	blank	blank	Carbon_sources_1_3_08-kesä-2026 12-51-22.txt	NA
Plate 3	A09	A	9	ANC	H1977	10	4-Hydroxybenzoic acid	Carbon_sources_1_3_08-kesä-2026 12-51-22.txt	organic_acid
Plate 3	A10	A	10	EVO	H1977	10	4-Hydroxybenzoic acid	Carbon_sources_1_3_08-kesä-2026 12-51-22.txt	organic_acid
Plate 3	A11	A	11	ANC	H1287	512	4-Hydroxybenzoic acid	Carbon_sources_1_3_08-kesä-2026 12-51-22.txt	organic_acid
Plate 3	A12	A	12	EVO	H1287	512	4-Hydroxybenzoic acid	Carbon_sources_1_3_08-kesä-2026 12-51-22.txt	organic_acid
Plate 3	B01	B	1	ANC	H1977	10	malate	Carbon_sources_1_3_08-kesä-2026 12-51-22.txt	organic_acid
Plate 3	B02	B	2	EVO	H1977	10	malate	Carbon_sources_1_3_08-kesä-2026 12-51-22.txt	organic_acid
Plate 3	B03	B	3	ANC	H1287	512	malate	Carbon_sources_1_3_08-kesä-2026 12-51-22.txt	organic_acid
Plate 3	B04	B	4	EVO	H1287	512	malate	Carbon_sources_1_3_08-kesä-2026 12-51-22.txt	organic_acid
Plate 3	B05	B	5	blank	blank	blank	blank	Carbon_sources_1_3_08-kesä-2026 12-51-22.txt	NA
Plate 3	B06	B	6	blank	blank	blank	blank	Carbon_sources_1_3_08-kesä-2026 12-51-22.txt	NA
Plate 3	B07	B	7	blank	blank	blank	blank	Carbon_sources_1_3_08-kesä-2026 12-51-22.txt	NA
Plate 3	B08	B	8	blank	blank	blank	blank	Carbon_sources_1_3_08-kesä-2026 12-51-22.txt	NA
Plate 3	B09	B	9	ANC	H1977	10	4-Hydroxybenzoic acid	Carbon_sources_1_3_08-kesä-2026 12-51-22.txt	organic_acid
Plate 3	B10	B	10	EVO	H1977	10	4-Hydroxybenzoic acid	Carbon_sources_1_3_08-kesä-2026 12-51-22.txt	organic_acid
Plate 3	B11	B	11	ANC	H1287	512	4-Hydroxybenzoic acid	Carbon_sources_1_3_08-kesä-2026 12-51-22.txt	organic_acid
Plate 3	B12	B	12	EVO	H1287	512	4-Hydroxybenzoic acid	Carbon_sources_1_3_08-kesä-2026 12-51-22.txt	organic_acid
Plate 3	C01	C	1	ANC	H1977	10	malate	Carbon_sources_1_3_08-kesä-2026 12-51-22.txt	organic_acid
Plate 3	C02	C	2	EVO	H1977	10	malate	Carbon_sources_1_3_08-kesä-2026 12-51-22.txt	organic_acid
Plate 3	C03	C	3	ANC	H1287	512	malate	Carbon_sources_1_3_08-kesä-2026 12-51-22.txt	organic_acid
Plate 3	C04	C	4	EVO	H1287	512	malate	Carbon_sources_1_3_08-kesä-2026 12-51-22.txt	organic_acid
Plate 3	C05	C	5	blank	blank	blank	blank	Carbon_sources_1_3_08-kesä-2026 12-51-22.txt	NA
Plate 3	C06	C	6	blank	blank	blank	blank	Carbon_sources_1_3_08-kesä-2026 12-51-22.txt	NA
Plate 3	C07	C	7	blank	blank	blank	blank	Carbon_sources_1_3_08-kesä-2026 12-51-22.txt	NA
Plate 3	C08	C	8	blank	blank	blank	blank	Carbon_sources_1_3_08-kesä-2026 12-51-22.txt	NA
Plate 3	C09	C	9	ANC	H1977	10	4-Hydroxybenzoic acid	Carbon_sources_1_3_08-kesä-2026 12-51-22.txt	organic_acid
Plate 3	C10	C	10	EVO	H1977	10	4-Hydroxybenzoic acid	Carbon_sources_1_3_08-kesä-2026 12-51-22.txt	organic_acid
Plate 3	C11	C	11	ANC	H1287	512	4-Hydroxybenzoic acid	Carbon_sources_1_3_08-kesä-2026 12-51-22.txt	organic_acid
Plate 3	C12	C	12	EVO	H1287	512	4-Hydroxybenzoic acid	Carbon_sources_1_3_08-kesä-2026 12-51-22.txt	organic_acid
Plate 3	D01	D	1	ANC	H1977	10	malate	Carbon_sources_1_3_08-kesä-2026 12-51-22.txt	organic_acid
Plate 3	D02	D	2	EVO	H1977	10	malate	Carbon_sources_1_3_08-kesä-2026 12-51-22.txt	organic_acid
Plate 3	D03	D	3	ANC	H1287	512	malate	Carbon_sources_1_3_08-kesä-2026 12-51-22.txt	organic_acid
Plate 3	D04	D	4	EVO	H1287	512	malate	Carbon_sources_1_3_08-kesä-2026 12-51-22.txt	organic_acid
Plate 3	D05	D	5	blank	blank	blank	blank	Carbon_sources_1_3_08-kesä-2026 12-51-22.txt	NA
Plate 3	D06	D	6	blank	blank	blank	blank	Carbon_sources_1_3_08-kesä-2026 12-51-22.txt	NA
Plate 3	D07	D	7	blank	blank	blank	blank	Carbon_sources_1_3_08-kesä-2026 12-51-22.txt	NA
Plate 3	D08	D	8	blank	blank	blank	blank	Carbon_sources_1_3_08-kesä-2026 12-51-22.txt	NA
Plate 3	D09	D	9	ANC	H1977	10	4-Hydroxybenzoic acid	Carbon_sources_1_3_08-kesä-2026 12-51-22.txt	organic_acid
Plate 3	D10	D	10	EVO	H1977	10	4-Hydroxybenzoic acid	Carbon_sources_1_3_08-kesä-2026 12-51-22.txt	organic_acid
Plate 3	D11	D	11	ANC	H1287	512	4-Hydroxybenzoic acid	Carbon_sources_1_3_08-kesä-2026 12-51-22.txt	organic_acid
Plate 3	D12	D	12	EVO	H1287	512	4-Hydroxybenzoic acid	Carbon_sources_1_3_08-kesä-2026 12-51-22.txt	organic_acid
Plate 3	E01	E	1	ANC	H1977	10	malate	Carbon_sources_1_3_08-kesä-2026 12-51-22.txt	organic_acid
Plate 3	E02	E	2	EVO	H1977	10	malate	Carbon_sources_1_3_08-kesä-2026 12-51-22.txt	organic_acid
Plate 3	E03	E	3	ANC	H1287	512	malate	Carbon_sources_1_3_08-kesä-2026 12-51-22.txt	organic_acid
Plate 3	E04	E	4	EVO	H1287	512	malate	Carbon_sources_1_3_08-kesä-2026 12-51-22.txt	organic_acid
Plate 3	E05	E	5	blank	blank	blank	blank	Carbon_sources_1_3_08-kesä-2026 12-51-22.txt	NA
Plate 3	E06	E	6	blank	blank	blank	blank	Carbon_sources_1_3_08-kesä-2026 12-51-22.txt	NA
Plate 3	E07	E	7	blank	blank	blank	blank	Carbon_sources_1_3_08-kesä-2026 12-51-22.txt	NA
Plate 3	E08	E	8	blank	blank	blank	blank	Carbon_sources_1_3_08-kesä-2026 12-51-22.txt	NA
Plate 3	E09	E	9	ANC	H1977	10	4-Hydroxybenzoic acid	Carbon_sources_1_3_08-kesä-2026 12-51-22.txt	organic_acid
Plate 3	E10	E	10	EVO	H1977	10	4-Hydroxybenzoic acid	Carbon_sources_1_3_08-kesä-2026 12-51-22.txt	organic_acid
Plate 3	E11	E	11	ANC	H1287	512	4-Hydroxybenzoic acid	Carbon_sources_1_3_08-kesä-2026 12-51-22.txt	organic_acid
Plate 3	E12	E	12	EVO	H1287	512	4-Hydroxybenzoic acid	Carbon_sources_1_3_08-kesä-2026 12-51-22.txt	organic_acid
Plate 3	F01	F	1	ANC	H1977	10	malate	Carbon_sources_1_3_08-kesä-2026 12-51-22.txt	organic_acid
Plate 3	F02	F	2	EVO	H1977	10	malate	Carbon_sources_1_3_08-kesä-2026 12-51-22.txt	organic_acid
Plate 3	F03	F	3	ANC	H1287	512	malate	Carbon_sources_1_3_08-kesä-2026 12-51-22.txt	organic_acid
Plate 3	F04	F	4	EVO	H1287	512	malate	Carbon_sources_1_3_08-kesä-2026 12-51-22.txt	organic_acid
Plate 3	F05	F	5	blank	blank	blank	blank	Carbon_sources_1_3_08-kesä-2026 12-51-22.txt	NA
Plate 3	F06	F	6	blank	blank	blank	blank	Carbon_sources_1_3_08-kesä-2026 12-51-22.txt	NA
Plate 3	F07	F	7	blank	blank	blank	blank	Carbon_sources_1_3_08-kesä-2026 12-51-22.txt	NA
Plate 3	F08	F	8	blank	blank	blank	blank	Carbon_sources_1_3_08-kesä-2026 12-51-22.txt	NA
Plate 3	F09	F	9	ANC	H1977	10	4-Hydroxybenzoic acid	Carbon_sources_1_3_08-kesä-2026 12-51-22.txt	organic_acid
Plate 3	F10	F	10	EVO	H1977	10	4-Hydroxybenzoic acid	Carbon_sources_1_3_08-kesä-2026 12-51-22.txt	organic_acid
Plate 3	F11	F	11	ANC	H1287	512	4-Hydroxybenzoic acid	Carbon_sources_1_3_08-kesä-2026 12-51-22.txt	organic_acid
Plate 3	F12	F	12	EVO	H1287	512	4-Hydroxybenzoic acid	Carbon_sources_1_3_08-kesä-2026 12-51-22.txt	organic_acid
Plate 3	G01	G	1	ANC	H1977	10	malate	Carbon_sources_1_3_08-kesä-2026 12-51-22.txt	organic_acid
Plate 3	G02	G	2	EVO	H1977	10	malate	Carbon_sources_1_3_08-kesä-2026 12-51-22.txt	organic_acid
Plate 3	G03	G	3	ANC	H1287	512	malate	Carbon_sources_1_3_08-kesä-2026 12-51-22.txt	organic_acid
Plate 3	G04	G	4	EVO	H1287	512	malate	Carbon_sources_1_3_08-kesä-2026 12-51-22.txt	organic_acid
Plate 3	G05	G	5	blank	blank	blank	blank	Carbon_sources_1_3_08-kesä-2026 12-51-22.txt	NA
Plate 3	G06	G	6	blank	blank	blank	blank	Carbon_sources_1_3_08-kesä-2026 12-51-22.txt	NA
Plate 3	G07	G	7	blank	blank	blank	blank	Carbon_sources_1_3_08-kesä-2026 12-51-22.txt	NA
Plate 3	G08	G	8	blank	blank	blank	blank	Carbon_sources_1_3_08-kesä-2026 12-51-22.txt	NA
Plate 3	G09	G	9	ANC	H1977	10	4-Hydroxybenzoic acid	Carbon_sources_1_3_08-kesä-2026 12-51-22.txt	organic_acid
Plate 3	G10	G	10	EVO	H1977	10	4-Hydroxybenzoic acid	Carbon_sources_1_3_08-kesä-2026 12-51-22.txt	organic_acid
Plate 3	G11	G	11	ANC	H1287	512	4-Hydroxybenzoic acid	Carbon_sources_1_3_08-kesä-2026 12-51-22.txt	organic_acid
Plate 3	G12	G	12	EVO	H1287	512	4-Hydroxybenzoic acid	Carbon_sources_1_3_08-kesä-2026 12-51-22.txt	organic_acid
Plate 3	H01	H	1	ANC	H1977	10	malate	Carbon_sources_1_3_08-kesä-2026 12-51-22.txt	organic_acid
Plate 3	H02	H	2	EVO	H1977	10	malate	Carbon_sources_1_3_08-kesä-2026 12-51-22.txt	organic_acid
Plate 3	H03	H	3	ANC	H1287	512	malate	Carbon_sources_1_3_08-kesä-2026 12-51-22.txt	organic_acid
Plate 3	H04	H	4	EVO	H1287	512	malate	Carbon_sources_1_3_08-kesä-2026 12-51-22.txt	organic_acid
Plate 3	H05	H	5	blank	blank	blank	blank	Carbon_sources_1_3_08-kesä-2026 12-51-22.txt	NA
Plate 3	H06	H	6	blank	blank	blank	blank	Carbon_sources_1_3_08-kesä-2026 12-51-22.txt	NA
Plate 3	H07	H	7	blank	blank	blank	blank	Carbon_sources_1_3_08-kesä-2026 12-51-22.txt	NA
Plate 3	H08	H	8	blank	blank	blank	blank	Carbon_sources_1_3_08-kesä-2026 12-51-22.txt	NA
Plate 3	H09	H	9	ANC	H1977	10	4-Hydroxybenzoic acid	Carbon_sources_1_3_08-kesä-2026 12-51-22.txt	organic_acid
Plate 3	H10	H	10	EVO	H1977	10	4-Hydroxybenzoic acid	Carbon_sources_1_3_08-kesä-2026 12-51-22.txt	organic_acid
Plate 3	H11	H	11	ANC	H1287	512	4-Hydroxybenzoic acid	Carbon_sources_1_3_08-kesä-2026 12-51-22.txt	organic_acid
Plate 3	H12	H	12	EVO	H1287	512	4-Hydroxybenzoic acid	Carbon_sources_1_3_08-kesä-2026 12-51-22.txt	organic_acid
Plate 4	A01	A	1	ANC	H1977	10	glucose	Carbon_sources_1_4_08-kesä-2026 12-51-22.txt	sugar
Plate 4	A02	A	2	EVO	H1977	10	glucose	Carbon_sources_1_4_08-kesä-2026 12-51-22.txt	sugar
Plate 4	A03	A	3	ANC	H1287	512	glucose	Carbon_sources_1_4_08-kesä-2026 12-51-22.txt	sugar
Plate 4	A04	A	4	EVO	H1287	512	glucose	Carbon_sources_1_4_08-kesä-2026 12-51-22.txt	sugar
Plate 4	A05	A	5	blank	blank	blank	blank	Carbon_sources_1_4_08-kesä-2026 12-51-22.txt	NA
Plate 4	A06	A	6	blank	blank	blank	blank	Carbon_sources_1_4_08-kesä-2026 12-51-22.txt	NA
Plate 4	A07	A	7	blank	blank	blank	blank	Carbon_sources_1_4_08-kesä-2026 12-51-22.txt	NA
Plate 4	A08	A	8	blank	blank	blank	blank	Carbon_sources_1_4_08-kesä-2026 12-51-22.txt	NA
Plate 4	A09	A	9	ANC	H1977	10	sucrose	Carbon_sources_1_4_08-kesä-2026 12-51-22.txt	sugar
Plate 4	A10	A	10	EVO	H1977	10	sucrose	Carbon_sources_1_4_08-kesä-2026 12-51-22.txt	sugar
Plate 4	A11	A	11	ANC	H1287	512	sucrose	Carbon_sources_1_4_08-kesä-2026 12-51-22.txt	sugar
Plate 4	A12	A	12	EVO	H1287	512	sucrose	Carbon_sources_1_4_08-kesä-2026 12-51-22.txt	sugar
Plate 4	B01	B	1	ANC	H1977	10	glucose	Carbon_sources_1_4_08-kesä-2026 12-51-22.txt	sugar
Plate 4	B02	B	2	EVO	H1977	10	glucose	Carbon_sources_1_4_08-kesä-2026 12-51-22.txt	sugar
Plate 4	B03	B	3	ANC	H1287	512	glucose	Carbon_sources_1_4_08-kesä-2026 12-51-22.txt	sugar
Plate 4	B04	B	4	EVO	H1287	512	glucose	Carbon_sources_1_4_08-kesä-2026 12-51-22.txt	sugar
Plate 4	B05	B	5	blank	blank	blank	blank	Carbon_sources_1_4_08-kesä-2026 12-51-22.txt	NA
Plate 4	B06	B	6	blank	blank	blank	blank	Carbon_sources_1_4_08-kesä-2026 12-51-22.txt	NA
Plate 4	B07	B	7	blank	blank	blank	blank	Carbon_sources_1_4_08-kesä-2026 12-51-22.txt	NA
Plate 4	B08	B	8	blank	blank	blank	blank	Carbon_sources_1_4_08-kesä-2026 12-51-22.txt	NA
Plate 4	B09	B	9	ANC	H1977	10	sucrose	Carbon_sources_1_4_08-kesä-2026 12-51-22.txt	sugar
Plate 4	B10	B	10	EVO	H1977	10	sucrose	Carbon_sources_1_4_08-kesä-2026 12-51-22.txt	sugar
Plate 4	B11	B	11	ANC	H1287	512	sucrose	Carbon_sources_1_4_08-kesä-2026 12-51-22.txt	sugar
Plate 4	B12	B	12	EVO	H1287	512	sucrose	Carbon_sources_1_4_08-kesä-2026 12-51-22.txt	sugar
Plate 4	C01	C	1	ANC	H1977	10	glucose	Carbon_sources_1_4_08-kesä-2026 12-51-22.txt	sugar
Plate 4	C02	C	2	EVO	H1977	10	glucose	Carbon_sources_1_4_08-kesä-2026 12-51-22.txt	sugar
Plate 4	C03	C	3	ANC	H1287	512	glucose	Carbon_sources_1_4_08-kesä-2026 12-51-22.txt	sugar
Plate 4	C04	C	4	EVO	H1287	512	glucose	Carbon_sources_1_4_08-kesä-2026 12-51-22.txt	sugar
Plate 4	C05	C	5	blank	blank	blank	blank	Carbon_sources_1_4_08-kesä-2026 12-51-22.txt	NA
Plate 4	C06	C	6	blank	blank	blank	blank	Carbon_sources_1_4_08-kesä-2026 12-51-22.txt	NA
Plate 4	C07	C	7	blank	blank	blank	blank	Carbon_sources_1_4_08-kesä-2026 12-51-22.txt	NA
Plate 4	C08	C	8	blank	blank	blank	blank	Carbon_sources_1_4_08-kesä-2026 12-51-22.txt	NA
Plate 4	C09	C	9	ANC	H1977	10	sucrose	Carbon_sources_1_4_08-kesä-2026 12-51-22.txt	sugar
Plate 4	C10	C	10	EVO	H1977	10	sucrose	Carbon_sources_1_4_08-kesä-2026 12-51-22.txt	sugar
Plate 4	C11	C	11	ANC	H1287	512	sucrose	Carbon_sources_1_4_08-kesä-2026 12-51-22.txt	sugar
Plate 4	C12	C	12	EVO	H1287	512	sucrose	Carbon_sources_1_4_08-kesä-2026 12-51-22.txt	sugar
Plate 4	D01	D	1	ANC	H1977	10	glucose	Carbon_sources_1_4_08-kesä-2026 12-51-22.txt	sugar
Plate 4	D02	D	2	EVO	H1977	10	glucose	Carbon_sources_1_4_08-kesä-2026 12-51-22.txt	sugar
Plate 4	D03	D	3	ANC	H1287	512	glucose	Carbon_sources_1_4_08-kesä-2026 12-51-22.txt	sugar
Plate 4	D04	D	4	EVO	H1287	512	glucose	Carbon_sources_1_4_08-kesä-2026 12-51-22.txt	sugar
Plate 4	D05	D	5	blank	blank	blank	blank	Carbon_sources_1_4_08-kesä-2026 12-51-22.txt	NA
Plate 4	D06	D	6	blank	blank	blank	blank	Carbon_sources_1_4_08-kesä-2026 12-51-22.txt	NA
Plate 4	D07	D	7	blank	blank	blank	blank	Carbon_sources_1_4_08-kesä-2026 12-51-22.txt	NA
Plate 4	D08	D	8	blank	blank	blank	blank	Carbon_sources_1_4_08-kesä-2026 12-51-22.txt	NA
Plate 4	D09	D	9	ANC	H1977	10	sucrose	Carbon_sources_1_4_08-kesä-2026 12-51-22.txt	sugar
Plate 4	D10	D	10	EVO	H1977	10	sucrose	Carbon_sources_1_4_08-kesä-2026 12-51-22.txt	sugar
Plate 4	D11	D	11	ANC	H1287	512	sucrose	Carbon_sources_1_4_08-kesä-2026 12-51-22.txt	sugar
Plate 4	D12	D	12	EVO	H1287	512	sucrose	Carbon_sources_1_4_08-kesä-2026 12-51-22.txt	sugar
Plate 4	E01	E	1	ANC	H1977	10	glucose	Carbon_sources_1_4_08-kesä-2026 12-51-22.txt	sugar
Plate 4	E02	E	2	EVO	H1977	10	glucose	Carbon_sources_1_4_08-kesä-2026 12-51-22.txt	sugar
Plate 4	E03	E	3	ANC	H1287	512	glucose	Carbon_sources_1_4_08-kesä-2026 12-51-22.txt	sugar
Plate 4	E04	E	4	EVO	H1287	512	glucose	Carbon_sources_1_4_08-kesä-2026 12-51-22.txt	sugar
Plate 4	E05	E	5	blank	blank	blank	blank	Carbon_sources_1_4_08-kesä-2026 12-51-22.txt	NA
Plate 4	E06	E	6	blank	blank	blank	blank	Carbon_sources_1_4_08-kesä-2026 12-51-22.txt	NA
Plate 4	E07	E	7	blank	blank	blank	blank	Carbon_sources_1_4_08-kesä-2026 12-51-22.txt	NA
Plate 4	E08	E	8	blank	blank	blank	blank	Carbon_sources_1_4_08-kesä-2026 12-51-22.txt	NA
Plate 4	E09	E	9	ANC	H1977	10	sucrose	Carbon_sources_1_4_08-kesä-2026 12-51-22.txt	sugar
Plate 4	E10	E	10	EVO	H1977	10	sucrose	Carbon_sources_1_4_08-kesä-2026 12-51-22.txt	sugar
Plate 4	E11	E	11	ANC	H1287	512	sucrose	Carbon_sources_1_4_08-kesä-2026 12-51-22.txt	sugar
Plate 4	E12	E	12	EVO	H1287	512	sucrose	Carbon_sources_1_4_08-kesä-2026 12-51-22.txt	sugar
Plate 4	F01	F	1	ANC	H1977	10	glucose	Carbon_sources_1_4_08-kesä-2026 12-51-22.txt	sugar
Plate 4	F02	F	2	EVO	H1977	10	glucose	Carbon_sources_1_4_08-kesä-2026 12-51-22.txt	sugar
Plate 4	F03	F	3	ANC	H1287	512	glucose	Carbon_sources_1_4_08-kesä-2026 12-51-22.txt	sugar
Plate 4	F04	F	4	EVO	H1287	512	glucose	Carbon_sources_1_4_08-kesä-2026 12-51-22.txt	sugar
Plate 4	F05	F	5	blank	blank	blank	blank	Carbon_sources_1_4_08-kesä-2026 12-51-22.txt	NA
Plate 4	F06	F	6	blank	blank	blank	blank	Carbon_sources_1_4_08-kesä-2026 12-51-22.txt	NA
Plate 4	F07	F	7	blank	blank	blank	blank	Carbon_sources_1_4_08-kesä-2026 12-51-22.txt	NA
Plate 4	F08	F	8	blank	blank	blank	blank	Carbon_sources_1_4_08-kesä-2026 12-51-22.txt	NA
Plate 4	F09	F	9	ANC	H1977	10	sucrose	Carbon_sources_1_4_08-kesä-2026 12-51-22.txt	sugar
Plate 4	F10	F	10	EVO	H1977	10	sucrose	Carbon_sources_1_4_08-kesä-2026 12-51-22.txt	sugar
Plate 4	F11	F	11	ANC	H1287	512	sucrose	Carbon_sources_1_4_08-kesä-2026 12-51-22.txt	sugar
Plate 4	F12	F	12	EVO	H1287	512	sucrose	Carbon_sources_1_4_08-kesä-2026 12-51-22.txt	sugar
Plate 4	G01	G	1	ANC	H1977	10	glucose	Carbon_sources_1_4_08-kesä-2026 12-51-22.txt	sugar
Plate 4	G02	G	2	EVO	H1977	10	glucose	Carbon_sources_1_4_08-kesä-2026 12-51-22.txt	sugar
Plate 4	G03	G	3	ANC	H1287	512	glucose	Carbon_sources_1_4_08-kesä-2026 12-51-22.txt	sugar
Plate 4	G04	G	4	EVO	H1287	512	glucose	Carbon_sources_1_4_08-kesä-2026 12-51-22.txt	sugar
Plate 4	G05	G	5	blank	blank	blank	blank	Carbon_sources_1_4_08-kesä-2026 12-51-22.txt	NA
Plate 4	G06	G	6	blank	blank	blank	blank	Carbon_sources_1_4_08-kesä-2026 12-51-22.txt	NA
Plate 4	G07	G	7	blank	blank	blank	blank	Carbon_sources_1_4_08-kesä-2026 12-51-22.txt	NA
Plate 4	G08	G	8	blank	blank	blank	blank	Carbon_sources_1_4_08-kesä-2026 12-51-22.txt	NA
Plate 4	G09	G	9	ANC	H1977	10	sucrose	Carbon_sources_1_4_08-kesä-2026 12-51-22.txt	sugar
Plate 4	G10	G	10	EVO	H1977	10	sucrose	Carbon_sources_1_4_08-kesä-2026 12-51-22.txt	sugar
Plate 4	G11	G	11	ANC	H1287	512	sucrose	Carbon_sources_1_4_08-kesä-2026 12-51-22.txt	sugar
Plate 4	G12	G	12	EVO	H1287	512	sucrose	Carbon_sources_1_4_08-kesä-2026 12-51-22.txt	sugar
Plate 4	H01	H	1	ANC	H1977	10	glucose	Carbon_sources_1_4_08-kesä-2026 12-51-22.txt	sugar
Plate 4	H02	H	2	EVO	H1977	10	glucose	Carbon_sources_1_4_08-kesä-2026 12-51-22.txt	sugar
Plate 4	H03	H	3	ANC	H1287	512	glucose	Carbon_sources_1_4_08-kesä-2026 12-51-22.txt	sugar
Plate 4	H04	H	4	EVO	H1287	512	glucose	Carbon_sources_1_4_08-kesä-2026 12-51-22.txt	sugar
Plate 4	H05	H	5	blank	blank	blank	blank	Carbon_sources_1_4_08-kesä-2026 12-51-22.txt	NA
Plate 4	H06	H	6	blank	blank	blank	blank	Carbon_sources_1_4_08-kesä-2026 12-51-22.txt	NA
Plate 4	H07	H	7	blank	blank	blank	blank	Carbon_sources_1_4_08-kesä-2026 12-51-22.txt	NA
Plate 4	H08	H	8	blank	blank	blank	blank	Carbon_sources_1_4_08-kesä-2026 12-51-22.txt	NA
Plate 4	H09	H	9	ANC	H1977	10	sucrose	Carbon_sources_1_4_08-kesä-2026 12-51-22.txt	sugar
Plate 4	H10	H	10	EVO	H1977	10	sucrose	Carbon_sources_1_4_08-kesä-2026 12-51-22.txt	sugar
Plate 4	H11	H	11	ANC	H1287	512	sucrose	Carbon_sources_1_4_08-kesä-2026 12-51-22.txt	sugar
Plate 4	H12	H	12	EVO	H1287	512	sucrose	Carbon_sources_1_4_08-kesä-2026 12-51-22.txt	sugar
Plate 1	A01	A	1	ANC	H1977	0	salicylic acid	Carbon_sources_2_1_22-kesä-2026 08-41-34.txt	organic_acid
Plate 1	A02	A	2	EVO	H1977	0	salicylic acid	Carbon_sources_2_1_22-kesä-2026 08-41-34.txt	organic_acid
Plate 1	A03	A	3	ANC	H1287	0	salicylic acid	Carbon_sources_2_1_22-kesä-2026 08-41-34.txt	organic_acid
Plate 1	A04	A	4	EVO	H1287	0	salicylic acid	Carbon_sources_2_1_22-kesä-2026 08-41-34.txt	organic_acid
Plate 1	A05	A	5	ANC	H1977	10	salicylic acid	Carbon_sources_2_1_22-kesä-2026 08-41-34.txt	organic_acid
Plate 1	A06	A	6	EVO	H1977	10	salicylic acid	Carbon_sources_2_1_22-kesä-2026 08-41-34.txt	organic_acid
Plate 1	A07	A	7	ANC	H1287	512	salicylic acid	Carbon_sources_2_1_22-kesä-2026 08-41-34.txt	organic_acid
Plate 1	A08	A	8	EVO	H1287	512	salicylic acid	Carbon_sources_2_1_22-kesä-2026 08-41-34.txt	organic_acid
Plate 1	A09	A	9	ANC	H1977	0	shikimic acid	Carbon_sources_2_1_22-kesä-2026 08-41-34.txt	organic_acid
Plate 1	A10	A	10	EVO	H1977	0	shikimic acid	Carbon_sources_2_1_22-kesä-2026 08-41-34.txt	organic_acid
Plate 1	A11	A	11	ANC	H1287	0	shikimic acid	Carbon_sources_2_1_22-kesä-2026 08-41-34.txt	organic_acid
Plate 1	A12	A	12	EVO	H1287	0	shikimic acid	Carbon_sources_2_1_22-kesä-2026 08-41-34.txt	organic_acid
Plate 1	B01	B	1	ANC	H1977	0	salicylic acid	Carbon_sources_2_1_22-kesä-2026 08-41-34.txt	organic_acid
Plate 1	B02	B	2	EVO	H1977	0	salicylic acid	Carbon_sources_2_1_22-kesä-2026 08-41-34.txt	organic_acid
Plate 1	B03	B	3	ANC	H1287	0	salicylic acid	Carbon_sources_2_1_22-kesä-2026 08-41-34.txt	organic_acid
Plate 1	B04	B	4	EVO	H1287	0	salicylic acid	Carbon_sources_2_1_22-kesä-2026 08-41-34.txt	organic_acid
Plate 1	B05	B	5	ANC	H1977	10	salicylic acid	Carbon_sources_2_1_22-kesä-2026 08-41-34.txt	organic_acid
Plate 1	B06	B	6	EVO	H1977	10	salicylic acid	Carbon_sources_2_1_22-kesä-2026 08-41-34.txt	organic_acid
Plate 1	B07	B	7	ANC	H1287	512	salicylic acid	Carbon_sources_2_1_22-kesä-2026 08-41-34.txt	organic_acid
Plate 1	B08	B	8	EVO	H1287	512	salicylic acid	Carbon_sources_2_1_22-kesä-2026 08-41-34.txt	organic_acid
Plate 1	B09	B	9	ANC	H1977	0	shikimic acid	Carbon_sources_2_1_22-kesä-2026 08-41-34.txt	organic_acid
Plate 1	B10	B	10	EVO	H1977	0	shikimic acid	Carbon_sources_2_1_22-kesä-2026 08-41-34.txt	organic_acid
Plate 1	B11	B	11	ANC	H1287	0	shikimic acid	Carbon_sources_2_1_22-kesä-2026 08-41-34.txt	organic_acid
Plate 1	B12	B	12	EVO	H1287	0	shikimic acid	Carbon_sources_2_1_22-kesä-2026 08-41-34.txt	organic_acid
Plate 1	C01	C	1	ANC	H1977	0	salicylic acid	Carbon_sources_2_1_22-kesä-2026 08-41-34.txt	organic_acid
Plate 1	C02	C	2	EVO	H1977	0	salicylic acid	Carbon_sources_2_1_22-kesä-2026 08-41-34.txt	organic_acid
Plate 1	C03	C	3	ANC	H1287	0	salicylic acid	Carbon_sources_2_1_22-kesä-2026 08-41-34.txt	organic_acid
Plate 1	C04	C	4	EVO	H1287	0	salicylic acid	Carbon_sources_2_1_22-kesä-2026 08-41-34.txt	organic_acid
Plate 1	C05	C	5	ANC	H1977	10	salicylic acid	Carbon_sources_2_1_22-kesä-2026 08-41-34.txt	organic_acid
Plate 1	C06	C	6	EVO	H1977	10	salicylic acid	Carbon_sources_2_1_22-kesä-2026 08-41-34.txt	organic_acid
Plate 1	C07	C	7	ANC	H1287	512	salicylic acid	Carbon_sources_2_1_22-kesä-2026 08-41-34.txt	organic_acid
Plate 1	C08	C	8	EVO	H1287	512	salicylic acid	Carbon_sources_2_1_22-kesä-2026 08-41-34.txt	organic_acid
Plate 1	C09	C	9	ANC	H1977	0	shikimic acid	Carbon_sources_2_1_22-kesä-2026 08-41-34.txt	organic_acid
Plate 1	C10	C	10	EVO	H1977	0	shikimic acid	Carbon_sources_2_1_22-kesä-2026 08-41-34.txt	organic_acid
Plate 1	C11	C	11	ANC	H1287	0	shikimic acid	Carbon_sources_2_1_22-kesä-2026 08-41-34.txt	organic_acid
Plate 1	C12	C	12	EVO	H1287	0	shikimic acid	Carbon_sources_2_1_22-kesä-2026 08-41-34.txt	organic_acid
Plate 1	D01	D	1	ANC	H1977	0	salicylic acid	Carbon_sources_2_1_22-kesä-2026 08-41-34.txt	organic_acid
Plate 1	D02	D	2	EVO	H1977	0	salicylic acid	Carbon_sources_2_1_22-kesä-2026 08-41-34.txt	organic_acid
Plate 1	D03	D	3	ANC	H1287	0	salicylic acid	Carbon_sources_2_1_22-kesä-2026 08-41-34.txt	organic_acid
Plate 1	D04	D	4	EVO	H1287	0	salicylic acid	Carbon_sources_2_1_22-kesä-2026 08-41-34.txt	organic_acid
Plate 1	D05	D	5	ANC	H1977	10	salicylic acid	Carbon_sources_2_1_22-kesä-2026 08-41-34.txt	organic_acid
Plate 1	D06	D	6	EVO	H1977	10	salicylic acid	Carbon_sources_2_1_22-kesä-2026 08-41-34.txt	organic_acid
Plate 1	D07	D	7	ANC	H1287	512	salicylic acid	Carbon_sources_2_1_22-kesä-2026 08-41-34.txt	organic_acid
Plate 1	D08	D	8	EVO	H1287	512	salicylic acid	Carbon_sources_2_1_22-kesä-2026 08-41-34.txt	organic_acid
Plate 1	D09	D	9	ANC	H1977	0	shikimic acid	Carbon_sources_2_1_22-kesä-2026 08-41-34.txt	organic_acid
Plate 1	D10	D	10	EVO	H1977	0	shikimic acid	Carbon_sources_2_1_22-kesä-2026 08-41-34.txt	organic_acid
Plate 1	D11	D	11	ANC	H1287	0	shikimic acid	Carbon_sources_2_1_22-kesä-2026 08-41-34.txt	organic_acid
Plate 1	D12	D	12	EVO	H1287	0	shikimic acid	Carbon_sources_2_1_22-kesä-2026 08-41-34.txt	organic_acid
Plate 1	E01	E	1	ANC	H1977	0	salicylic acid	Carbon_sources_2_1_22-kesä-2026 08-41-34.txt	organic_acid
Plate 1	E02	E	2	EVO	H1977	0	salicylic acid	Carbon_sources_2_1_22-kesä-2026 08-41-34.txt	organic_acid
Plate 1	E03	E	3	ANC	H1287	0	salicylic acid	Carbon_sources_2_1_22-kesä-2026 08-41-34.txt	organic_acid
Plate 1	E04	E	4	EVO	H1287	0	salicylic acid	Carbon_sources_2_1_22-kesä-2026 08-41-34.txt	organic_acid
Plate 1	E05	E	5	ANC	H1977	10	salicylic acid	Carbon_sources_2_1_22-kesä-2026 08-41-34.txt	organic_acid
Plate 1	E06	E	6	EVO	H1977	10	salicylic acid	Carbon_sources_2_1_22-kesä-2026 08-41-34.txt	organic_acid
Plate 1	E07	E	7	ANC	H1287	512	salicylic acid	Carbon_sources_2_1_22-kesä-2026 08-41-34.txt	organic_acid
Plate 1	E08	E	8	EVO	H1287	512	salicylic acid	Carbon_sources_2_1_22-kesä-2026 08-41-34.txt	organic_acid
Plate 1	E09	E	9	ANC	H1977	0	shikimic acid	Carbon_sources_2_1_22-kesä-2026 08-41-34.txt	organic_acid
Plate 1	E10	E	10	EVO	H1977	0	shikimic acid	Carbon_sources_2_1_22-kesä-2026 08-41-34.txt	organic_acid
Plate 1	E11	E	11	ANC	H1287	0	shikimic acid	Carbon_sources_2_1_22-kesä-2026 08-41-34.txt	organic_acid
Plate 1	E12	E	12	EVO	H1287	0	shikimic acid	Carbon_sources_2_1_22-kesä-2026 08-41-34.txt	organic_acid
Plate 1	F01	F	1	ANC	H1977	0	salicylic acid	Carbon_sources_2_1_22-kesä-2026 08-41-34.txt	organic_acid
Plate 1	F02	F	2	EVO	H1977	0	salicylic acid	Carbon_sources_2_1_22-kesä-2026 08-41-34.txt	organic_acid
Plate 1	F03	F	3	ANC	H1287	0	salicylic acid	Carbon_sources_2_1_22-kesä-2026 08-41-34.txt	organic_acid
Plate 1	F04	F	4	EVO	H1287	0	salicylic acid	Carbon_sources_2_1_22-kesä-2026 08-41-34.txt	organic_acid
Plate 1	F05	F	5	ANC	H1977	10	salicylic acid	Carbon_sources_2_1_22-kesä-2026 08-41-34.txt	organic_acid
Plate 1	F06	F	6	EVO	H1977	10	salicylic acid	Carbon_sources_2_1_22-kesä-2026 08-41-34.txt	organic_acid
Plate 1	F07	F	7	ANC	H1287	512	salicylic acid	Carbon_sources_2_1_22-kesä-2026 08-41-34.txt	organic_acid
Plate 1	F08	F	8	EVO	H1287	512	salicylic acid	Carbon_sources_2_1_22-kesä-2026 08-41-34.txt	organic_acid
Plate 1	F09	F	9	ANC	H1977	0	shikimic acid	Carbon_sources_2_1_22-kesä-2026 08-41-34.txt	organic_acid
Plate 1	F10	F	10	EVO	H1977	0	shikimic acid	Carbon_sources_2_1_22-kesä-2026 08-41-34.txt	organic_acid
Plate 1	F11	F	11	ANC	H1287	0	shikimic acid	Carbon_sources_2_1_22-kesä-2026 08-41-34.txt	organic_acid
Plate 1	F12	F	12	EVO	H1287	0	shikimic acid	Carbon_sources_2_1_22-kesä-2026 08-41-34.txt	organic_acid
Plate 1	G01	G	1	ANC	H1977	0	salicylic acid	Carbon_sources_2_1_22-kesä-2026 08-41-34.txt	organic_acid
Plate 1	G02	G	2	EVO	H1977	0	salicylic acid	Carbon_sources_2_1_22-kesä-2026 08-41-34.txt	organic_acid
Plate 1	G03	G	3	ANC	H1287	0	salicylic acid	Carbon_sources_2_1_22-kesä-2026 08-41-34.txt	organic_acid
Plate 1	G04	G	4	EVO	H1287	0	salicylic acid	Carbon_sources_2_1_22-kesä-2026 08-41-34.txt	organic_acid
Plate 1	G05	G	5	ANC	H1977	10	salicylic acid	Carbon_sources_2_1_22-kesä-2026 08-41-34.txt	organic_acid
Plate 1	G06	G	6	EVO	H1977	10	salicylic acid	Carbon_sources_2_1_22-kesä-2026 08-41-34.txt	organic_acid
Plate 1	G07	G	7	ANC	H1287	512	salicylic acid	Carbon_sources_2_1_22-kesä-2026 08-41-34.txt	organic_acid
Plate 1	G08	G	8	EVO	H1287	512	salicylic acid	Carbon_sources_2_1_22-kesä-2026 08-41-34.txt	organic_acid
Plate 1	G09	G	9	ANC	H1977	0	shikimic acid	Carbon_sources_2_1_22-kesä-2026 08-41-34.txt	organic_acid
Plate 1	G10	G	10	EVO	H1977	0	shikimic acid	Carbon_sources_2_1_22-kesä-2026 08-41-34.txt	organic_acid
Plate 1	G11	G	11	ANC	H1287	0	shikimic acid	Carbon_sources_2_1_22-kesä-2026 08-41-34.txt	organic_acid
Plate 1	G12	G	12	EVO	H1287	0	shikimic acid	Carbon_sources_2_1_22-kesä-2026 08-41-34.txt	organic_acid
Plate 1	H01	H	1	ANC	H1977	0	salicylic acid	Carbon_sources_2_1_22-kesä-2026 08-41-34.txt	organic_acid
Plate 1	H02	H	2	EVO	H1977	0	salicylic acid	Carbon_sources_2_1_22-kesä-2026 08-41-34.txt	organic_acid
Plate 1	H03	H	3	ANC	H1287	0	salicylic acid	Carbon_sources_2_1_22-kesä-2026 08-41-34.txt	organic_acid
Plate 1	H04	H	4	EVO	H1287	0	salicylic acid	Carbon_sources_2_1_22-kesä-2026 08-41-34.txt	organic_acid
Plate 1	H05	H	5	ANC	H1977	10	salicylic acid	Carbon_sources_2_1_22-kesä-2026 08-41-34.txt	organic_acid
Plate 1	H06	H	6	EVO	H1977	10	salicylic acid	Carbon_sources_2_1_22-kesä-2026 08-41-34.txt	organic_acid
Plate 1	H07	H	7	ANC	H1287	512	salicylic acid	Carbon_sources_2_1_22-kesä-2026 08-41-34.txt	organic_acid
Plate 1	H08	H	8	EVO	H1287	512	salicylic acid	Carbon_sources_2_1_22-kesä-2026 08-41-34.txt	organic_acid
Plate 1	H09	H	9	ANC	H1977	0	shikimic acid	Carbon_sources_2_1_22-kesä-2026 08-41-34.txt	organic_acid
Plate 1	H10	H	10	EVO	H1977	0	shikimic acid	Carbon_sources_2_1_22-kesä-2026 08-41-34.txt	organic_acid
Plate 1	H11	H	11	ANC	H1287	0	shikimic acid	Carbon_sources_2_1_22-kesä-2026 08-41-34.txt	organic_acid
Plate 1	H12	H	12	EVO	H1287	0	shikimic acid	Carbon_sources_2_1_22-kesä-2026 08-41-34.txt	organic_acid
Plate 2	A01	A	1	ANC	H1977	10	shikimic acid	Carbon_sources_2_2_22-kesä-2026 08-41-34.txt	organic_acid
Plate 2	A02	A	2	EVO	H1977	10	shikimic acid	Carbon_sources_2_2_22-kesä-2026 08-41-34.txt	organic_acid
Plate 2	A03	A	3	ANC	H1287	512	shikimic acid	Carbon_sources_2_2_22-kesä-2026 08-41-34.txt	organic_acid
Plate 2	A04	A	4	EVO	H1287	512	shikimic acid	Carbon_sources_2_2_22-kesä-2026 08-41-34.txt	organic_acid
Plate 2	A05	A	5	ANC	H1977	0	L-cysteine	Carbon_sources_2_2_22-kesä-2026 08-41-34.txt	amino_acid
Plate 2	A06	A	6	EVO	H1977	0	L-cysteine	Carbon_sources_2_2_22-kesä-2026 08-41-34.txt	amino_acid
Plate 2	A07	A	7	ANC	H1287	0	L-cysteine	Carbon_sources_2_2_22-kesä-2026 08-41-34.txt	amino_acid
Plate 2	A08	A	8	EVO	H1287	0	L-cysteine	Carbon_sources_2_2_22-kesä-2026 08-41-34.txt	amino_acid
Plate 2	A09	A	9	ANC	H1977	10	L-cysteine	Carbon_sources_2_2_22-kesä-2026 08-41-34.txt	amino_acid
Plate 2	A10	A	10	EVO	H1977	10	L-cysteine	Carbon_sources_2_2_22-kesä-2026 08-41-34.txt	amino_acid
Plate 2	A11	A	11	ANC	H1287	512	L-cysteine	Carbon_sources_2_2_22-kesä-2026 08-41-34.txt	amino_acid
Plate 2	A12	A	12	EVO	H1287	512	L-cysteine	Carbon_sources_2_2_22-kesä-2026 08-41-34.txt	amino_acid
Plate 2	B01	B	1	ANC	H1977	10	shikimic acid	Carbon_sources_2_2_22-kesä-2026 08-41-34.txt	organic_acid
Plate 2	B02	B	2	EVO	H1977	10	shikimic acid	Carbon_sources_2_2_22-kesä-2026 08-41-34.txt	organic_acid
Plate 2	B03	B	3	ANC	H1287	512	shikimic acid	Carbon_sources_2_2_22-kesä-2026 08-41-34.txt	organic_acid
Plate 2	B04	B	4	EVO	H1287	512	shikimic acid	Carbon_sources_2_2_22-kesä-2026 08-41-34.txt	organic_acid
Plate 2	B05	B	5	ANC	H1977	0	L-cysteine	Carbon_sources_2_2_22-kesä-2026 08-41-34.txt	amino_acid
Plate 2	B06	B	6	EVO	H1977	0	L-cysteine	Carbon_sources_2_2_22-kesä-2026 08-41-34.txt	amino_acid
Plate 2	B07	B	7	ANC	H1287	0	L-cysteine	Carbon_sources_2_2_22-kesä-2026 08-41-34.txt	amino_acid
Plate 2	B08	B	8	EVO	H1287	0	L-cysteine	Carbon_sources_2_2_22-kesä-2026 08-41-34.txt	amino_acid
Plate 2	B09	B	9	ANC	H1977	10	L-cysteine	Carbon_sources_2_2_22-kesä-2026 08-41-34.txt	amino_acid
Plate 2	B10	B	10	EVO	H1977	10	L-cysteine	Carbon_sources_2_2_22-kesä-2026 08-41-34.txt	amino_acid
Plate 2	B11	B	11	ANC	H1287	512	L-cysteine	Carbon_sources_2_2_22-kesä-2026 08-41-34.txt	amino_acid
Plate 2	B12	B	12	EVO	H1287	512	L-cysteine	Carbon_sources_2_2_22-kesä-2026 08-41-34.txt	amino_acid
Plate 2	C01	C	1	ANC	H1977	10	shikimic acid	Carbon_sources_2_2_22-kesä-2026 08-41-34.txt	organic_acid
Plate 2	C02	C	2	EVO	H1977	10	shikimic acid	Carbon_sources_2_2_22-kesä-2026 08-41-34.txt	organic_acid
Plate 2	C03	C	3	ANC	H1287	512	shikimic acid	Carbon_sources_2_2_22-kesä-2026 08-41-34.txt	organic_acid
Plate 2	C04	C	4	EVO	H1287	512	shikimic acid	Carbon_sources_2_2_22-kesä-2026 08-41-34.txt	organic_acid
Plate 2	C05	C	5	ANC	H1977	0	L-cysteine	Carbon_sources_2_2_22-kesä-2026 08-41-34.txt	amino_acid
Plate 2	C06	C	6	EVO	H1977	0	L-cysteine	Carbon_sources_2_2_22-kesä-2026 08-41-34.txt	amino_acid
Plate 2	C07	C	7	ANC	H1287	0	L-cysteine	Carbon_sources_2_2_22-kesä-2026 08-41-34.txt	amino_acid
Plate 2	C08	C	8	EVO	H1287	0	L-cysteine	Carbon_sources_2_2_22-kesä-2026 08-41-34.txt	amino_acid
Plate 2	C09	C	9	ANC	H1977	10	L-cysteine	Carbon_sources_2_2_22-kesä-2026 08-41-34.txt	amino_acid
Plate 2	C10	C	10	EVO	H1977	10	L-cysteine	Carbon_sources_2_2_22-kesä-2026 08-41-34.txt	amino_acid
Plate 2	C11	C	11	ANC	H1287	512	L-cysteine	Carbon_sources_2_2_22-kesä-2026 08-41-34.txt	amino_acid
Plate 2	C12	C	12	EVO	H1287	512	L-cysteine	Carbon_sources_2_2_22-kesä-2026 08-41-34.txt	amino_acid
Plate 2	D01	D	1	ANC	H1977	10	shikimic acid	Carbon_sources_2_2_22-kesä-2026 08-41-34.txt	organic_acid
Plate 2	D02	D	2	EVO	H1977	10	shikimic acid	Carbon_sources_2_2_22-kesä-2026 08-41-34.txt	organic_acid
Plate 2	D03	D	3	ANC	H1287	512	shikimic acid	Carbon_sources_2_2_22-kesä-2026 08-41-34.txt	organic_acid
Plate 2	D04	D	4	EVO	H1287	512	shikimic acid	Carbon_sources_2_2_22-kesä-2026 08-41-34.txt	organic_acid
Plate 2	D05	D	5	ANC	H1977	0	L-cysteine	Carbon_sources_2_2_22-kesä-2026 08-41-34.txt	amino_acid
Plate 2	D06	D	6	EVO	H1977	0	L-cysteine	Carbon_sources_2_2_22-kesä-2026 08-41-34.txt	amino_acid
Plate 2	D07	D	7	ANC	H1287	0	L-cysteine	Carbon_sources_2_2_22-kesä-2026 08-41-34.txt	amino_acid
Plate 2	D08	D	8	EVO	H1287	0	L-cysteine	Carbon_sources_2_2_22-kesä-2026 08-41-34.txt	amino_acid
Plate 2	D09	D	9	ANC	H1977	10	L-cysteine	Carbon_sources_2_2_22-kesä-2026 08-41-34.txt	amino_acid
Plate 2	D10	D	10	EVO	H1977	10	L-cysteine	Carbon_sources_2_2_22-kesä-2026 08-41-34.txt	amino_acid
Plate 2	D11	D	11	ANC	H1287	512	L-cysteine	Carbon_sources_2_2_22-kesä-2026 08-41-34.txt	amino_acid
Plate 2	D12	D	12	EVO	H1287	512	L-cysteine	Carbon_sources_2_2_22-kesä-2026 08-41-34.txt	amino_acid
Plate 2	E01	E	1	ANC	H1977	10	shikimic acid	Carbon_sources_2_2_22-kesä-2026 08-41-34.txt	organic_acid
Plate 2	E02	E	2	EVO	H1977	10	shikimic acid	Carbon_sources_2_2_22-kesä-2026 08-41-34.txt	organic_acid
Plate 2	E03	E	3	ANC	H1287	512	shikimic acid	Carbon_sources_2_2_22-kesä-2026 08-41-34.txt	organic_acid
Plate 2	E04	E	4	EVO	H1287	512	shikimic acid	Carbon_sources_2_2_22-kesä-2026 08-41-34.txt	organic_acid
Plate 2	E05	E	5	ANC	H1977	0	L-cysteine	Carbon_sources_2_2_22-kesä-2026 08-41-34.txt	amino_acid
Plate 2	E06	E	6	EVO	H1977	0	L-cysteine	Carbon_sources_2_2_22-kesä-2026 08-41-34.txt	amino_acid
Plate 2	E07	E	7	ANC	H1287	0	L-cysteine	Carbon_sources_2_2_22-kesä-2026 08-41-34.txt	amino_acid
Plate 2	E08	E	8	EVO	H1287	0	L-cysteine	Carbon_sources_2_2_22-kesä-2026 08-41-34.txt	amino_acid
Plate 2	E09	E	9	ANC	H1977	10	L-cysteine	Carbon_sources_2_2_22-kesä-2026 08-41-34.txt	amino_acid
Plate 2	E10	E	10	EVO	H1977	10	L-cysteine	Carbon_sources_2_2_22-kesä-2026 08-41-34.txt	amino_acid
Plate 2	E11	E	11	ANC	H1287	512	L-cysteine	Carbon_sources_2_2_22-kesä-2026 08-41-34.txt	amino_acid
Plate 2	E12	E	12	EVO	H1287	512	L-cysteine	Carbon_sources_2_2_22-kesä-2026 08-41-34.txt	amino_acid
Plate 2	F01	F	1	ANC	H1977	10	shikimic acid	Carbon_sources_2_2_22-kesä-2026 08-41-34.txt	organic_acid
Plate 2	F02	F	2	EVO	H1977	10	shikimic acid	Carbon_sources_2_2_22-kesä-2026 08-41-34.txt	organic_acid
Plate 2	F03	F	3	ANC	H1287	512	shikimic acid	Carbon_sources_2_2_22-kesä-2026 08-41-34.txt	organic_acid
Plate 2	F04	F	4	EVO	H1287	512	shikimic acid	Carbon_sources_2_2_22-kesä-2026 08-41-34.txt	organic_acid
Plate 2	F05	F	5	ANC	H1977	0	L-cysteine	Carbon_sources_2_2_22-kesä-2026 08-41-34.txt	amino_acid
Plate 2	F06	F	6	EVO	H1977	0	L-cysteine	Carbon_sources_2_2_22-kesä-2026 08-41-34.txt	amino_acid
Plate 2	F07	F	7	ANC	H1287	0	L-cysteine	Carbon_sources_2_2_22-kesä-2026 08-41-34.txt	amino_acid
Plate 2	F08	F	8	EVO	H1287	0	L-cysteine	Carbon_sources_2_2_22-kesä-2026 08-41-34.txt	amino_acid
Plate 2	F09	F	9	ANC	H1977	10	L-cysteine	Carbon_sources_2_2_22-kesä-2026 08-41-34.txt	amino_acid
Plate 2	F10	F	10	EVO	H1977	10	L-cysteine	Carbon_sources_2_2_22-kesä-2026 08-41-34.txt	amino_acid
Plate 2	F11	F	11	ANC	H1287	512	L-cysteine	Carbon_sources_2_2_22-kesä-2026 08-41-34.txt	amino_acid
Plate 2	F12	F	12	EVO	H1287	512	L-cysteine	Carbon_sources_2_2_22-kesä-2026 08-41-34.txt	amino_acid
Plate 2	G01	G	1	ANC	H1977	10	shikimic acid	Carbon_sources_2_2_22-kesä-2026 08-41-34.txt	organic_acid
Plate 2	G02	G	2	EVO	H1977	10	shikimic acid	Carbon_sources_2_2_22-kesä-2026 08-41-34.txt	organic_acid
Plate 2	G03	G	3	ANC	H1287	512	shikimic acid	Carbon_sources_2_2_22-kesä-2026 08-41-34.txt	organic_acid
Plate 2	G04	G	4	EVO	H1287	512	shikimic acid	Carbon_sources_2_2_22-kesä-2026 08-41-34.txt	organic_acid
Plate 2	G05	G	5	ANC	H1977	0	L-cysteine	Carbon_sources_2_2_22-kesä-2026 08-41-34.txt	amino_acid
Plate 2	G06	G	6	EVO	H1977	0	L-cysteine	Carbon_sources_2_2_22-kesä-2026 08-41-34.txt	amino_acid
Plate 2	G07	G	7	ANC	H1287	0	L-cysteine	Carbon_sources_2_2_22-kesä-2026 08-41-34.txt	amino_acid
Plate 2	G08	G	8	EVO	H1287	0	L-cysteine	Carbon_sources_2_2_22-kesä-2026 08-41-34.txt	amino_acid
Plate 2	G09	G	9	ANC	H1977	10	L-cysteine	Carbon_sources_2_2_22-kesä-2026 08-41-34.txt	amino_acid
Plate 2	G10	G	10	EVO	H1977	10	L-cysteine	Carbon_sources_2_2_22-kesä-2026 08-41-34.txt	amino_acid
Plate 2	G11	G	11	ANC	H1287	512	L-cysteine	Carbon_sources_2_2_22-kesä-2026 08-41-34.txt	amino_acid
Plate 2	G12	G	12	EVO	H1287	512	L-cysteine	Carbon_sources_2_2_22-kesä-2026 08-41-34.txt	amino_acid
Plate 2	H01	H	1	ANC	H1977	10	shikimic acid	Carbon_sources_2_2_22-kesä-2026 08-41-34.txt	organic_acid
Plate 2	H02	H	2	EVO	H1977	10	shikimic acid	Carbon_sources_2_2_22-kesä-2026 08-41-34.txt	organic_acid
Plate 2	H03	H	3	ANC	H1287	512	shikimic acid	Carbon_sources_2_2_22-kesä-2026 08-41-34.txt	organic_acid
Plate 2	H04	H	4	EVO	H1287	512	shikimic acid	Carbon_sources_2_2_22-kesä-2026 08-41-34.txt	organic_acid
Plate 2	H05	H	5	ANC	H1977	0	L-cysteine	Carbon_sources_2_2_22-kesä-2026 08-41-34.txt	amino_acid
Plate 2	H06	H	6	EVO	H1977	0	L-cysteine	Carbon_sources_2_2_22-kesä-2026 08-41-34.txt	amino_acid
Plate 2	H07	H	7	ANC	H1287	0	L-cysteine	Carbon_sources_2_2_22-kesä-2026 08-41-34.txt	amino_acid
Plate 2	H08	H	8	EVO	H1287	0	L-cysteine	Carbon_sources_2_2_22-kesä-2026 08-41-34.txt	amino_acid
Plate 2	H09	H	9	ANC	H1977	10	L-cysteine	Carbon_sources_2_2_22-kesä-2026 08-41-34.txt	amino_acid
Plate 2	H10	H	10	EVO	H1977	10	L-cysteine	Carbon_sources_2_2_22-kesä-2026 08-41-34.txt	amino_acid
Plate 2	H11	H	11	ANC	H1287	512	L-cysteine	Carbon_sources_2_2_22-kesä-2026 08-41-34.txt	amino_acid
Plate 2	H12	H	12	EVO	H1287	512	L-cysteine	Carbon_sources_2_2_22-kesä-2026 08-41-34.txt	amino_acid
Plate 3	A01	A	1	ANC	H1977	0	L-valine	Carbon_sources_2_3_22-kesä-2026 08-41-34.txt	amino_acid
Plate 3	A02	A	2	EVO	H1977	0	L-valine	Carbon_sources_2_3_22-kesä-2026 08-41-34.txt	amino_acid
Plate 3	A03	A	3	ANC	H1287	0	L-valine	Carbon_sources_2_3_22-kesä-2026 08-41-34.txt	amino_acid
Plate 3	A04	A	4	EVO	H1287	0	L-valine	Carbon_sources_2_3_22-kesä-2026 08-41-34.txt	amino_acid
Plate 3	A05	A	5	ANC	H1977	10	L-valine	Carbon_sources_2_3_22-kesä-2026 08-41-34.txt	amino_acid
Plate 3	A06	A	6	EVO	H1977	10	L-valine	Carbon_sources_2_3_22-kesä-2026 08-41-34.txt	amino_acid
Plate 3	A07	A	7	ANC	H1287	512	L-valine	Carbon_sources_2_3_22-kesä-2026 08-41-34.txt	amino_acid
Plate 3	A08	A	8	EVO	H1287	512	L-valine	Carbon_sources_2_3_22-kesä-2026 08-41-34.txt	amino_acid
Plate 3	A09	A	9	ANC	H1977	0	taurine	Carbon_sources_2_3_22-kesä-2026 08-41-34.txt	amino_acid
Plate 3	A10	A	10	EVO	H1977	0	taurine	Carbon_sources_2_3_22-kesä-2026 08-41-34.txt	amino_acid
Plate 3	A11	A	11	ANC	H1287	0	taurine	Carbon_sources_2_3_22-kesä-2026 08-41-34.txt	amino_acid
Plate 3	A12	A	12	EVO	H1287	0	taurine	Carbon_sources_2_3_22-kesä-2026 08-41-34.txt	amino_acid
Plate 3	B01	B	1	ANC	H1977	0	L-valine	Carbon_sources_2_3_22-kesä-2026 08-41-34.txt	amino_acid
Plate 3	B02	B	2	EVO	H1977	0	L-valine	Carbon_sources_2_3_22-kesä-2026 08-41-34.txt	amino_acid
Plate 3	B03	B	3	ANC	H1287	0	L-valine	Carbon_sources_2_3_22-kesä-2026 08-41-34.txt	amino_acid
Plate 3	B04	B	4	EVO	H1287	0	L-valine	Carbon_sources_2_3_22-kesä-2026 08-41-34.txt	amino_acid
Plate 3	B05	B	5	ANC	H1977	10	L-valine	Carbon_sources_2_3_22-kesä-2026 08-41-34.txt	amino_acid
Plate 3	B06	B	6	EVO	H1977	10	L-valine	Carbon_sources_2_3_22-kesä-2026 08-41-34.txt	amino_acid
Plate 3	B07	B	7	ANC	H1287	512	L-valine	Carbon_sources_2_3_22-kesä-2026 08-41-34.txt	amino_acid
Plate 3	B08	B	8	EVO	H1287	512	L-valine	Carbon_sources_2_3_22-kesä-2026 08-41-34.txt	amino_acid
Plate 3	B09	B	9	ANC	H1977	0	taurine	Carbon_sources_2_3_22-kesä-2026 08-41-34.txt	amino_acid
Plate 3	B10	B	10	EVO	H1977	0	taurine	Carbon_sources_2_3_22-kesä-2026 08-41-34.txt	amino_acid
Plate 3	B11	B	11	ANC	H1287	0	taurine	Carbon_sources_2_3_22-kesä-2026 08-41-34.txt	amino_acid
Plate 3	B12	B	12	EVO	H1287	0	taurine	Carbon_sources_2_3_22-kesä-2026 08-41-34.txt	amino_acid
Plate 3	C01	C	1	ANC	H1977	0	L-valine	Carbon_sources_2_3_22-kesä-2026 08-41-34.txt	amino_acid
Plate 3	C02	C	2	EVO	H1977	0	L-valine	Carbon_sources_2_3_22-kesä-2026 08-41-34.txt	amino_acid
Plate 3	C03	C	3	ANC	H1287	0	L-valine	Carbon_sources_2_3_22-kesä-2026 08-41-34.txt	amino_acid
Plate 3	C04	C	4	EVO	H1287	0	L-valine	Carbon_sources_2_3_22-kesä-2026 08-41-34.txt	amino_acid
Plate 3	C05	C	5	ANC	H1977	10	L-valine	Carbon_sources_2_3_22-kesä-2026 08-41-34.txt	amino_acid
Plate 3	C06	C	6	EVO	H1977	10	L-valine	Carbon_sources_2_3_22-kesä-2026 08-41-34.txt	amino_acid
Plate 3	C07	C	7	ANC	H1287	512	L-valine	Carbon_sources_2_3_22-kesä-2026 08-41-34.txt	amino_acid
Plate 3	C08	C	8	EVO	H1287	512	L-valine	Carbon_sources_2_3_22-kesä-2026 08-41-34.txt	amino_acid
Plate 3	C09	C	9	ANC	H1977	0	taurine	Carbon_sources_2_3_22-kesä-2026 08-41-34.txt	amino_acid
Plate 3	C10	C	10	EVO	H1977	0	taurine	Carbon_sources_2_3_22-kesä-2026 08-41-34.txt	amino_acid
Plate 3	C11	C	11	ANC	H1287	0	taurine	Carbon_sources_2_3_22-kesä-2026 08-41-34.txt	amino_acid
Plate 3	C12	C	12	EVO	H1287	0	taurine	Carbon_sources_2_3_22-kesä-2026 08-41-34.txt	amino_acid
Plate 3	D01	D	1	ANC	H1977	0	L-valine	Carbon_sources_2_3_22-kesä-2026 08-41-34.txt	amino_acid
Plate 3	D02	D	2	EVO	H1977	0	L-valine	Carbon_sources_2_3_22-kesä-2026 08-41-34.txt	amino_acid
Plate 3	D03	D	3	ANC	H1287	0	L-valine	Carbon_sources_2_3_22-kesä-2026 08-41-34.txt	amino_acid
Plate 3	D04	D	4	EVO	H1287	0	L-valine	Carbon_sources_2_3_22-kesä-2026 08-41-34.txt	amino_acid
Plate 3	D05	D	5	ANC	H1977	10	L-valine	Carbon_sources_2_3_22-kesä-2026 08-41-34.txt	amino_acid
Plate 3	D06	D	6	EVO	H1977	10	L-valine	Carbon_sources_2_3_22-kesä-2026 08-41-34.txt	amino_acid
Plate 3	D07	D	7	ANC	H1287	512	L-valine	Carbon_sources_2_3_22-kesä-2026 08-41-34.txt	amino_acid
Plate 3	D08	D	8	EVO	H1287	512	L-valine	Carbon_sources_2_3_22-kesä-2026 08-41-34.txt	amino_acid
Plate 3	D09	D	9	ANC	H1977	0	taurine	Carbon_sources_2_3_22-kesä-2026 08-41-34.txt	amino_acid
Plate 3	D10	D	10	EVO	H1977	0	taurine	Carbon_sources_2_3_22-kesä-2026 08-41-34.txt	amino_acid
Plate 3	D11	D	11	ANC	H1287	0	taurine	Carbon_sources_2_3_22-kesä-2026 08-41-34.txt	amino_acid
Plate 3	D12	D	12	EVO	H1287	0	taurine	Carbon_sources_2_3_22-kesä-2026 08-41-34.txt	amino_acid
Plate 3	E01	E	1	ANC	H1977	0	L-valine	Carbon_sources_2_3_22-kesä-2026 08-41-34.txt	amino_acid
Plate 3	E02	E	2	EVO	H1977	0	L-valine	Carbon_sources_2_3_22-kesä-2026 08-41-34.txt	amino_acid
Plate 3	E03	E	3	ANC	H1287	0	L-valine	Carbon_sources_2_3_22-kesä-2026 08-41-34.txt	amino_acid
Plate 3	E04	E	4	EVO	H1287	0	L-valine	Carbon_sources_2_3_22-kesä-2026 08-41-34.txt	amino_acid
Plate 3	E05	E	5	ANC	H1977	10	L-valine	Carbon_sources_2_3_22-kesä-2026 08-41-34.txt	amino_acid
Plate 3	E06	E	6	EVO	H1977	10	L-valine	Carbon_sources_2_3_22-kesä-2026 08-41-34.txt	amino_acid
Plate 3	E07	E	7	ANC	H1287	512	L-valine	Carbon_sources_2_3_22-kesä-2026 08-41-34.txt	amino_acid
Plate 3	E08	E	8	EVO	H1287	512	L-valine	Carbon_sources_2_3_22-kesä-2026 08-41-34.txt	amino_acid
Plate 3	E09	E	9	ANC	H1977	0	taurine	Carbon_sources_2_3_22-kesä-2026 08-41-34.txt	amino_acid
Plate 3	E10	E	10	EVO	H1977	0	taurine	Carbon_sources_2_3_22-kesä-2026 08-41-34.txt	amino_acid
Plate 3	E11	E	11	ANC	H1287	0	taurine	Carbon_sources_2_3_22-kesä-2026 08-41-34.txt	amino_acid
Plate 3	E12	E	12	EVO	H1287	0	taurine	Carbon_sources_2_3_22-kesä-2026 08-41-34.txt	amino_acid
Plate 3	F01	F	1	ANC	H1977	0	L-valine	Carbon_sources_2_3_22-kesä-2026 08-41-34.txt	amino_acid
Plate 3	F02	F	2	EVO	H1977	0	L-valine	Carbon_sources_2_3_22-kesä-2026 08-41-34.txt	amino_acid
Plate 3	F03	F	3	ANC	H1287	0	L-valine	Carbon_sources_2_3_22-kesä-2026 08-41-34.txt	amino_acid
Plate 3	F04	F	4	EVO	H1287	0	L-valine	Carbon_sources_2_3_22-kesä-2026 08-41-34.txt	amino_acid
Plate 3	F05	F	5	ANC	H1977	10	L-valine	Carbon_sources_2_3_22-kesä-2026 08-41-34.txt	amino_acid
Plate 3	F06	F	6	EVO	H1977	10	L-valine	Carbon_sources_2_3_22-kesä-2026 08-41-34.txt	amino_acid
Plate 3	F07	F	7	ANC	H1287	512	L-valine	Carbon_sources_2_3_22-kesä-2026 08-41-34.txt	amino_acid
Plate 3	F08	F	8	EVO	H1287	512	L-valine	Carbon_sources_2_3_22-kesä-2026 08-41-34.txt	amino_acid
Plate 3	F09	F	9	ANC	H1977	0	taurine	Carbon_sources_2_3_22-kesä-2026 08-41-34.txt	amino_acid
Plate 3	F10	F	10	EVO	H1977	0	taurine	Carbon_sources_2_3_22-kesä-2026 08-41-34.txt	amino_acid
Plate 3	F11	F	11	ANC	H1287	0	taurine	Carbon_sources_2_3_22-kesä-2026 08-41-34.txt	amino_acid
Plate 3	F12	F	12	EVO	H1287	0	taurine	Carbon_sources_2_3_22-kesä-2026 08-41-34.txt	amino_acid
Plate 3	G01	G	1	ANC	H1977	0	L-valine	Carbon_sources_2_3_22-kesä-2026 08-41-34.txt	amino_acid
Plate 3	G02	G	2	EVO	H1977	0	L-valine	Carbon_sources_2_3_22-kesä-2026 08-41-34.txt	amino_acid
Plate 3	G03	G	3	ANC	H1287	0	L-valine	Carbon_sources_2_3_22-kesä-2026 08-41-34.txt	amino_acid
Plate 3	G04	G	4	EVO	H1287	0	L-valine	Carbon_sources_2_3_22-kesä-2026 08-41-34.txt	amino_acid
Plate 3	G05	G	5	ANC	H1977	10	L-valine	Carbon_sources_2_3_22-kesä-2026 08-41-34.txt	amino_acid
Plate 3	G06	G	6	EVO	H1977	10	L-valine	Carbon_sources_2_3_22-kesä-2026 08-41-34.txt	amino_acid
Plate 3	G07	G	7	ANC	H1287	512	L-valine	Carbon_sources_2_3_22-kesä-2026 08-41-34.txt	amino_acid
Plate 3	G08	G	8	EVO	H1287	512	L-valine	Carbon_sources_2_3_22-kesä-2026 08-41-34.txt	amino_acid
Plate 3	G09	G	9	ANC	H1977	0	taurine	Carbon_sources_2_3_22-kesä-2026 08-41-34.txt	amino_acid
Plate 3	G10	G	10	EVO	H1977	0	taurine	Carbon_sources_2_3_22-kesä-2026 08-41-34.txt	amino_acid
Plate 3	G11	G	11	ANC	H1287	0	taurine	Carbon_sources_2_3_22-kesä-2026 08-41-34.txt	amino_acid
Plate 3	G12	G	12	EVO	H1287	0	taurine	Carbon_sources_2_3_22-kesä-2026 08-41-34.txt	amino_acid
Plate 3	H01	H	1	ANC	H1977	0	L-valine	Carbon_sources_2_3_22-kesä-2026 08-41-34.txt	amino_acid
Plate 3	H02	H	2	EVO	H1977	0	L-valine	Carbon_sources_2_3_22-kesä-2026 08-41-34.txt	amino_acid
Plate 3	H03	H	3	ANC	H1287	0	L-valine	Carbon_sources_2_3_22-kesä-2026 08-41-34.txt	amino_acid
Plate 3	H04	H	4	EVO	H1287	0	L-valine	Carbon_sources_2_3_22-kesä-2026 08-41-34.txt	amino_acid
Plate 3	H05	H	5	ANC	H1977	10	L-valine	Carbon_sources_2_3_22-kesä-2026 08-41-34.txt	amino_acid
Plate 3	H06	H	6	EVO	H1977	10	L-valine	Carbon_sources_2_3_22-kesä-2026 08-41-34.txt	amino_acid
Plate 3	H07	H	7	ANC	H1287	512	L-valine	Carbon_sources_2_3_22-kesä-2026 08-41-34.txt	amino_acid
Plate 3	H08	H	8	EVO	H1287	512	L-valine	Carbon_sources_2_3_22-kesä-2026 08-41-34.txt	amino_acid
Plate 3	H09	H	9	ANC	H1977	0	taurine	Carbon_sources_2_3_22-kesä-2026 08-41-34.txt	amino_acid
Plate 3	H10	H	10	EVO	H1977	0	taurine	Carbon_sources_2_3_22-kesä-2026 08-41-34.txt	amino_acid
Plate 3	H11	H	11	ANC	H1287	0	taurine	Carbon_sources_2_3_22-kesä-2026 08-41-34.txt	amino_acid
Plate 3	H12	H	12	EVO	H1287	0	taurine	Carbon_sources_2_3_22-kesä-2026 08-41-34.txt	amino_acid
Plate 4	A01	A	1	ANC	H1977	10	taurine	Carbon_sources_2_4_22-kesä-2026 08-41-34.txt	amino_acid
Plate 4	A02	A	2	EVO	H1977	10	taurine	Carbon_sources_2_4_22-kesä-2026 08-41-34.txt	amino_acid
Plate 4	A03	A	3	ANC	H1287	512	taurine	Carbon_sources_2_4_22-kesä-2026 08-41-34.txt	amino_acid
Plate 4	A04	A	4	EVO	H1287	512	taurine	Carbon_sources_2_4_22-kesä-2026 08-41-34.txt	amino_acid
Plate 4	A05	A	5	blank	blank	blank	blank	Carbon_sources_2_4_22-kesä-2026 08-41-34.txt	NA
Plate 4	A06	A	6	blank	blank	blank	blank	Carbon_sources_2_4_22-kesä-2026 08-41-34.txt	NA
Plate 4	A07	A	7	blank	blank	blank	blank	Carbon_sources_2_4_22-kesä-2026 08-41-34.txt	NA
Plate 4	A08	A	8	blank	blank	blank	blank	Carbon_sources_2_4_22-kesä-2026 08-41-34.txt	NA
Plate 4	A09	A	9	blank	blank	blank	blank	Carbon_sources_2_4_22-kesä-2026 08-41-34.txt	NA
Plate 4	A10	A	10	blank	blank	blank	blank	Carbon_sources_2_4_22-kesä-2026 08-41-34.txt	NA
Plate 4	A11	A	11	blank	blank	blank	blank	Carbon_sources_2_4_22-kesä-2026 08-41-34.txt	NA
Plate 4	A12	A	12	blank	blank	blank	blank	Carbon_sources_2_4_22-kesä-2026 08-41-34.txt	NA
Plate 4	B01	B	1	ANC	H1977	10	taurine	Carbon_sources_2_4_22-kesä-2026 08-41-34.txt	amino_acid
Plate 4	B02	B	2	EVO	H1977	10	taurine	Carbon_sources_2_4_22-kesä-2026 08-41-34.txt	amino_acid
Plate 4	B03	B	3	ANC	H1287	512	taurine	Carbon_sources_2_4_22-kesä-2026 08-41-34.txt	amino_acid
Plate 4	B04	B	4	EVO	H1287	512	taurine	Carbon_sources_2_4_22-kesä-2026 08-41-34.txt	amino_acid
Plate 4	B05	B	5	blank	blank	blank	blank	Carbon_sources_2_4_22-kesä-2026 08-41-34.txt	NA
Plate 4	B06	B	6	blank	blank	blank	blank	Carbon_sources_2_4_22-kesä-2026 08-41-34.txt	NA
Plate 4	B07	B	7	blank	blank	blank	blank	Carbon_sources_2_4_22-kesä-2026 08-41-34.txt	NA
Plate 4	B08	B	8	blank	blank	blank	blank	Carbon_sources_2_4_22-kesä-2026 08-41-34.txt	NA
Plate 4	B09	B	9	blank	blank	blank	blank	Carbon_sources_2_4_22-kesä-2026 08-41-34.txt	NA
Plate 4	B10	B	10	blank	blank	blank	blank	Carbon_sources_2_4_22-kesä-2026 08-41-34.txt	NA
Plate 4	B11	B	11	blank	blank	blank	blank	Carbon_sources_2_4_22-kesä-2026 08-41-34.txt	NA
Plate 4	B12	B	12	blank	blank	blank	blank	Carbon_sources_2_4_22-kesä-2026 08-41-34.txt	NA
Plate 4	C01	C	1	ANC	H1977	10	taurine	Carbon_sources_2_4_22-kesä-2026 08-41-34.txt	amino_acid
Plate 4	C02	C	2	EVO	H1977	10	taurine	Carbon_sources_2_4_22-kesä-2026 08-41-34.txt	amino_acid
Plate 4	C03	C	3	ANC	H1287	512	taurine	Carbon_sources_2_4_22-kesä-2026 08-41-34.txt	amino_acid
Plate 4	C04	C	4	EVO	H1287	512	taurine	Carbon_sources_2_4_22-kesä-2026 08-41-34.txt	amino_acid
Plate 4	C05	C	5	blank	blank	blank	blank	Carbon_sources_2_4_22-kesä-2026 08-41-34.txt	NA
Plate 4	C06	C	6	blank	blank	blank	blank	Carbon_sources_2_4_22-kesä-2026 08-41-34.txt	NA
Plate 4	C07	C	7	blank	blank	blank	blank	Carbon_sources_2_4_22-kesä-2026 08-41-34.txt	NA
Plate 4	C08	C	8	blank	blank	blank	blank	Carbon_sources_2_4_22-kesä-2026 08-41-34.txt	NA
Plate 4	C09	C	9	blank	blank	blank	blank	Carbon_sources_2_4_22-kesä-2026 08-41-34.txt	NA
Plate 4	C10	C	10	blank	blank	blank	blank	Carbon_sources_2_4_22-kesä-2026 08-41-34.txt	NA
Plate 4	C11	C	11	blank	blank	blank	blank	Carbon_sources_2_4_22-kesä-2026 08-41-34.txt	NA
Plate 4	C12	C	12	blank	blank	blank	blank	Carbon_sources_2_4_22-kesä-2026 08-41-34.txt	NA
Plate 4	D01	D	1	ANC	H1977	10	taurine	Carbon_sources_2_4_22-kesä-2026 08-41-34.txt	amino_acid
Plate 4	D02	D	2	EVO	H1977	10	taurine	Carbon_sources_2_4_22-kesä-2026 08-41-34.txt	amino_acid
Plate 4	D03	D	3	ANC	H1287	512	taurine	Carbon_sources_2_4_22-kesä-2026 08-41-34.txt	amino_acid
Plate 4	D04	D	4	EVO	H1287	512	taurine	Carbon_sources_2_4_22-kesä-2026 08-41-34.txt	amino_acid
Plate 4	D05	D	5	blank	blank	blank	blank	Carbon_sources_2_4_22-kesä-2026 08-41-34.txt	NA
Plate 4	D06	D	6	blank	blank	blank	blank	Carbon_sources_2_4_22-kesä-2026 08-41-34.txt	NA
Plate 4	D07	D	7	blank	blank	blank	blank	Carbon_sources_2_4_22-kesä-2026 08-41-34.txt	NA
Plate 4	D08	D	8	blank	blank	blank	blank	Carbon_sources_2_4_22-kesä-2026 08-41-34.txt	NA
Plate 4	D09	D	9	blank	blank	blank	blank	Carbon_sources_2_4_22-kesä-2026 08-41-34.txt	NA
Plate 4	D10	D	10	blank	blank	blank	blank	Carbon_sources_2_4_22-kesä-2026 08-41-34.txt	NA
Plate 4	D11	D	11	blank	blank	blank	blank	Carbon_sources_2_4_22-kesä-2026 08-41-34.txt	NA
Plate 4	D12	D	12	blank	blank	blank	blank	Carbon_sources_2_4_22-kesä-2026 08-41-34.txt	NA
Plate 4	E01	E	1	ANC	H1977	10	taurine	Carbon_sources_2_4_22-kesä-2026 08-41-34.txt	amino_acid
Plate 4	E02	E	2	EVO	H1977	10	taurine	Carbon_sources_2_4_22-kesä-2026 08-41-34.txt	amino_acid
Plate 4	E03	E	3	ANC	H1287	512	taurine	Carbon_sources_2_4_22-kesä-2026 08-41-34.txt	amino_acid
Plate 4	E04	E	4	EVO	H1287	512	taurine	Carbon_sources_2_4_22-kesä-2026 08-41-34.txt	amino_acid
Plate 4	E05	E	5	blank	blank	blank	blank	Carbon_sources_2_4_22-kesä-2026 08-41-34.txt	NA
Plate 4	E06	E	6	blank	blank	blank	blank	Carbon_sources_2_4_22-kesä-2026 08-41-34.txt	NA
Plate 4	E07	E	7	blank	blank	blank	blank	Carbon_sources_2_4_22-kesä-2026 08-41-34.txt	NA
Plate 4	E08	E	8	blank	blank	blank	blank	Carbon_sources_2_4_22-kesä-2026 08-41-34.txt	NA
Plate 4	E09	E	9	blank	blank	blank	blank	Carbon_sources_2_4_22-kesä-2026 08-41-34.txt	NA
Plate 4	E10	E	10	blank	blank	blank	blank	Carbon_sources_2_4_22-kesä-2026 08-41-34.txt	NA
Plate 4	E11	E	11	blank	blank	blank	blank	Carbon_sources_2_4_22-kesä-2026 08-41-34.txt	NA
Plate 4	E12	E	12	blank	blank	blank	blank	Carbon_sources_2_4_22-kesä-2026 08-41-34.txt	NA
Plate 4	F01	F	1	ANC	H1977	10	taurine	Carbon_sources_2_4_22-kesä-2026 08-41-34.txt	amino_acid
Plate 4	F02	F	2	EVO	H1977	10	taurine	Carbon_sources_2_4_22-kesä-2026 08-41-34.txt	amino_acid
Plate 4	F03	F	3	ANC	H1287	512	taurine	Carbon_sources_2_4_22-kesä-2026 08-41-34.txt	amino_acid
Plate 4	F04	F	4	EVO	H1287	512	taurine	Carbon_sources_2_4_22-kesä-2026 08-41-34.txt	amino_acid
Plate 4	F05	F	5	blank	blank	blank	blank	Carbon_sources_2_4_22-kesä-2026 08-41-34.txt	NA
Plate 4	F06	F	6	blank	blank	blank	blank	Carbon_sources_2_4_22-kesä-2026 08-41-34.txt	NA
Plate 4	F07	F	7	blank	blank	blank	blank	Carbon_sources_2_4_22-kesä-2026 08-41-34.txt	NA
Plate 4	F08	F	8	blank	blank	blank	blank	Carbon_sources_2_4_22-kesä-2026 08-41-34.txt	NA
Plate 4	F09	F	9	blank	blank	blank	blank	Carbon_sources_2_4_22-kesä-2026 08-41-34.txt	NA
Plate 4	F10	F	10	blank	blank	blank	blank	Carbon_sources_2_4_22-kesä-2026 08-41-34.txt	NA
Plate 4	F11	F	11	blank	blank	blank	blank	Carbon_sources_2_4_22-kesä-2026 08-41-34.txt	NA
Plate 4	F12	F	12	blank	blank	blank	blank	Carbon_sources_2_4_22-kesä-2026 08-41-34.txt	NA
Plate 4	G01	G	1	ANC	H1977	10	taurine	Carbon_sources_2_4_22-kesä-2026 08-41-34.txt	amino_acid
Plate 4	G02	G	2	EVO	H1977	10	taurine	Carbon_sources_2_4_22-kesä-2026 08-41-34.txt	amino_acid
Plate 4	G03	G	3	ANC	H1287	512	taurine	Carbon_sources_2_4_22-kesä-2026 08-41-34.txt	amino_acid
Plate 4	G04	G	4	EVO	H1287	512	taurine	Carbon_sources_2_4_22-kesä-2026 08-41-34.txt	amino_acid
Plate 4	G05	G	5	blank	blank	blank	blank	Carbon_sources_2_4_22-kesä-2026 08-41-34.txt	NA
Plate 4	G06	G	6	blank	blank	blank	blank	Carbon_sources_2_4_22-kesä-2026 08-41-34.txt	NA
Plate 4	G07	G	7	blank	blank	blank	blank	Carbon_sources_2_4_22-kesä-2026 08-41-34.txt	NA
Plate 4	G08	G	8	blank	blank	blank	blank	Carbon_sources_2_4_22-kesä-2026 08-41-34.txt	NA
Plate 4	G09	G	9	blank	blank	blank	blank	Carbon_sources_2_4_22-kesä-2026 08-41-34.txt	NA
Plate 4	G10	G	10	blank	blank	blank	blank	Carbon_sources_2_4_22-kesä-2026 08-41-34.txt	NA
Plate 4	G11	G	11	blank	blank	blank	blank	Carbon_sources_2_4_22-kesä-2026 08-41-34.txt	NA
Plate 4	G12	G	12	blank	blank	blank	blank	Carbon_sources_2_4_22-kesä-2026 08-41-34.txt	NA
Plate 4	H01	H	1	ANC	H1977	10	taurine	Carbon_sources_2_4_22-kesä-2026 08-41-34.txt	amino_acid
Plate 4	H02	H	2	EVO	H1977	10	taurine	Carbon_sources_2_4_22-kesä-2026 08-41-34.txt	amino_acid
Plate 4	H03	H	3	ANC	H1287	512	taurine	Carbon_sources_2_4_22-kesä-2026 08-41-34.txt	amino_acid
Plate 4	H04	H	4	EVO	H1287	512	taurine	Carbon_sources_2_4_22-kesä-2026 08-41-34.txt	amino_acid
Plate 4	H05	H	5	blank	blank	blank	blank	Carbon_sources_2_4_22-kesä-2026 08-41-34.txt	NA
Plate 4	H06	H	6	blank	blank	blank	blank	Carbon_sources_2_4_22-kesä-2026 08-41-34.txt	NA
Plate 4	H07	H	7	blank	blank	blank	blank	Carbon_sources_2_4_22-kesä-2026 08-41-34.txt	NA
Plate 4	H08	H	8	blank	blank	blank	blank	Carbon_sources_2_4_22-kesä-2026 08-41-34.txt	NA
Plate 4	H09	H	9	blank	blank	blank	blank	Carbon_sources_2_4_22-kesä-2026 08-41-34.txt	NA
Plate 4	H10	H	10	blank	blank	blank	blank	Carbon_sources_2_4_22-kesä-2026 08-41-34.txt	NA
Plate 4	H11	H	11	blank	blank	blank	blank	Carbon_sources_2_4_22-kesä-2026 08-41-34.txt	NA
Plate 4	H12	H	12	blank	blank	blank	blank	Carbon_sources_2_4_22-kesä-2026 08-41-34.txt	NA
Plate 1	A01	A	1	ANC	H1977	0	histidine	Carbon_sources_3_1_26-kesä-2026 12-49-10.txt	amino_acid
Plate 1	A02	A	2	EVO	H1977	0	histidine	Carbon_sources_3_1_26-kesä-2026 12-49-10.txt	amino_acid
Plate 1	A03	A	3	ANC	H1287	0	histidine	Carbon_sources_3_1_26-kesä-2026 12-49-10.txt	amino_acid
Plate 1	A04	A	4	EVO	H1287	0	histidine	Carbon_sources_3_1_26-kesä-2026 12-49-10.txt	amino_acid
Plate 1	A05	A	5	ANC	H1977	10	histidine	Carbon_sources_3_1_26-kesä-2026 12-49-10.txt	amino_acid
Plate 1	A06	A	6	EVO	H1977	10	histidine	Carbon_sources_3_1_26-kesä-2026 12-49-10.txt	amino_acid
Plate 1	A07	A	7	ANC	H1287	512	histidine	Carbon_sources_3_1_26-kesä-2026 12-49-10.txt	amino_acid
Plate 1	A08	A	8	EVO	H1287	512	histidine	Carbon_sources_3_1_26-kesä-2026 12-49-10.txt	amino_acid
Plate 1	A09	A	9	ANC	H1977	0	leucine	Carbon_sources_3_1_26-kesä-2026 12-49-10.txt	amino_acid
Plate 1	A10	A	10	EVO	H1977	0	leucine	Carbon_sources_3_1_26-kesä-2026 12-49-10.txt	amino_acid
Plate 1	A11	A	11	ANC	H1287	0	leucine	Carbon_sources_3_1_26-kesä-2026 12-49-10.txt	amino_acid
Plate 1	A12	A	12	EVO	H1287	0	leucine	Carbon_sources_3_1_26-kesä-2026 12-49-10.txt	amino_acid
Plate 1	B01	B	1	ANC	H1977	0	histidine	Carbon_sources_3_1_26-kesä-2026 12-49-10.txt	amino_acid
Plate 1	B02	B	2	EVO	H1977	0	histidine	Carbon_sources_3_1_26-kesä-2026 12-49-10.txt	amino_acid
Plate 1	B03	B	3	ANC	H1287	0	histidine	Carbon_sources_3_1_26-kesä-2026 12-49-10.txt	amino_acid
Plate 1	B04	B	4	EVO	H1287	0	histidine	Carbon_sources_3_1_26-kesä-2026 12-49-10.txt	amino_acid
Plate 1	B05	B	5	ANC	H1977	10	histidine	Carbon_sources_3_1_26-kesä-2026 12-49-10.txt	amino_acid
Plate 1	B06	B	6	EVO	H1977	10	histidine	Carbon_sources_3_1_26-kesä-2026 12-49-10.txt	amino_acid
Plate 1	B07	B	7	ANC	H1287	512	histidine	Carbon_sources_3_1_26-kesä-2026 12-49-10.txt	amino_acid
Plate 1	B08	B	8	EVO	H1287	512	histidine	Carbon_sources_3_1_26-kesä-2026 12-49-10.txt	amino_acid
Plate 1	B09	B	9	ANC	H1977	0	leucine	Carbon_sources_3_1_26-kesä-2026 12-49-10.txt	amino_acid
Plate 1	B10	B	10	EVO	H1977	0	leucine	Carbon_sources_3_1_26-kesä-2026 12-49-10.txt	amino_acid
Plate 1	B11	B	11	ANC	H1287	0	leucine	Carbon_sources_3_1_26-kesä-2026 12-49-10.txt	amino_acid
Plate 1	B12	B	12	EVO	H1287	0	leucine	Carbon_sources_3_1_26-kesä-2026 12-49-10.txt	amino_acid
Plate 1	C01	C	1	ANC	H1977	0	histidine	Carbon_sources_3_1_26-kesä-2026 12-49-10.txt	amino_acid
Plate 1	C02	C	2	EVO	H1977	0	histidine	Carbon_sources_3_1_26-kesä-2026 12-49-10.txt	amino_acid
Plate 1	C03	C	3	ANC	H1287	0	histidine	Carbon_sources_3_1_26-kesä-2026 12-49-10.txt	amino_acid
Plate 1	C04	C	4	EVO	H1287	0	histidine	Carbon_sources_3_1_26-kesä-2026 12-49-10.txt	amino_acid
Plate 1	C05	C	5	ANC	H1977	10	histidine	Carbon_sources_3_1_26-kesä-2026 12-49-10.txt	amino_acid
Plate 1	C06	C	6	EVO	H1977	10	histidine	Carbon_sources_3_1_26-kesä-2026 12-49-10.txt	amino_acid
Plate 1	C07	C	7	ANC	H1287	512	histidine	Carbon_sources_3_1_26-kesä-2026 12-49-10.txt	amino_acid
Plate 1	C08	C	8	EVO	H1287	512	histidine	Carbon_sources_3_1_26-kesä-2026 12-49-10.txt	amino_acid
Plate 1	C09	C	9	ANC	H1977	0	leucine	Carbon_sources_3_1_26-kesä-2026 12-49-10.txt	amino_acid
Plate 1	C10	C	10	EVO	H1977	0	leucine	Carbon_sources_3_1_26-kesä-2026 12-49-10.txt	amino_acid
Plate 1	C11	C	11	ANC	H1287	0	leucine	Carbon_sources_3_1_26-kesä-2026 12-49-10.txt	amino_acid
Plate 1	C12	C	12	EVO	H1287	0	leucine	Carbon_sources_3_1_26-kesä-2026 12-49-10.txt	amino_acid
Plate 1	D01	D	1	ANC	H1977	0	histidine	Carbon_sources_3_1_26-kesä-2026 12-49-10.txt	amino_acid
Plate 1	D02	D	2	EVO	H1977	0	histidine	Carbon_sources_3_1_26-kesä-2026 12-49-10.txt	amino_acid
Plate 1	D03	D	3	ANC	H1287	0	histidine	Carbon_sources_3_1_26-kesä-2026 12-49-10.txt	amino_acid
Plate 1	D04	D	4	EVO	H1287	0	histidine	Carbon_sources_3_1_26-kesä-2026 12-49-10.txt	amino_acid
Plate 1	D05	D	5	ANC	H1977	10	histidine	Carbon_sources_3_1_26-kesä-2026 12-49-10.txt	amino_acid
Plate 1	D06	D	6	EVO	H1977	10	histidine	Carbon_sources_3_1_26-kesä-2026 12-49-10.txt	amino_acid
Plate 1	D07	D	7	ANC	H1287	512	histidine	Carbon_sources_3_1_26-kesä-2026 12-49-10.txt	amino_acid
Plate 1	D08	D	8	EVO	H1287	512	histidine	Carbon_sources_3_1_26-kesä-2026 12-49-10.txt	amino_acid
Plate 1	D09	D	9	ANC	H1977	0	leucine	Carbon_sources_3_1_26-kesä-2026 12-49-10.txt	amino_acid
Plate 1	D10	D	10	EVO	H1977	0	leucine	Carbon_sources_3_1_26-kesä-2026 12-49-10.txt	amino_acid
Plate 1	D11	D	11	ANC	H1287	0	leucine	Carbon_sources_3_1_26-kesä-2026 12-49-10.txt	amino_acid
Plate 1	D12	D	12	EVO	H1287	0	leucine	Carbon_sources_3_1_26-kesä-2026 12-49-10.txt	amino_acid
Plate 1	E01	E	1	ANC	H1977	0	histidine	Carbon_sources_3_1_26-kesä-2026 12-49-10.txt	amino_acid
Plate 1	E02	E	2	EVO	H1977	0	histidine	Carbon_sources_3_1_26-kesä-2026 12-49-10.txt	amino_acid
Plate 1	E03	E	3	ANC	H1287	0	histidine	Carbon_sources_3_1_26-kesä-2026 12-49-10.txt	amino_acid
Plate 1	E04	E	4	EVO	H1287	0	histidine	Carbon_sources_3_1_26-kesä-2026 12-49-10.txt	amino_acid
Plate 1	E05	E	5	ANC	H1977	10	histidine	Carbon_sources_3_1_26-kesä-2026 12-49-10.txt	amino_acid
Plate 1	E06	E	6	EVO	H1977	10	histidine	Carbon_sources_3_1_26-kesä-2026 12-49-10.txt	amino_acid
Plate 1	E07	E	7	ANC	H1287	512	histidine	Carbon_sources_3_1_26-kesä-2026 12-49-10.txt	amino_acid
Plate 1	E08	E	8	EVO	H1287	512	histidine	Carbon_sources_3_1_26-kesä-2026 12-49-10.txt	amino_acid
Plate 1	E09	E	9	ANC	H1977	0	leucine	Carbon_sources_3_1_26-kesä-2026 12-49-10.txt	amino_acid
Plate 1	E10	E	10	EVO	H1977	0	leucine	Carbon_sources_3_1_26-kesä-2026 12-49-10.txt	amino_acid
Plate 1	E11	E	11	ANC	H1287	0	leucine	Carbon_sources_3_1_26-kesä-2026 12-49-10.txt	amino_acid
Plate 1	E12	E	12	EVO	H1287	0	leucine	Carbon_sources_3_1_26-kesä-2026 12-49-10.txt	amino_acid
Plate 1	F01	F	1	ANC	H1977	0	histidine	Carbon_sources_3_1_26-kesä-2026 12-49-10.txt	amino_acid
Plate 1	F02	F	2	EVO	H1977	0	histidine	Carbon_sources_3_1_26-kesä-2026 12-49-10.txt	amino_acid
Plate 1	F03	F	3	ANC	H1287	0	histidine	Carbon_sources_3_1_26-kesä-2026 12-49-10.txt	amino_acid
Plate 1	F04	F	4	EVO	H1287	0	histidine	Carbon_sources_3_1_26-kesä-2026 12-49-10.txt	amino_acid
Plate 1	F05	F	5	ANC	H1977	10	histidine	Carbon_sources_3_1_26-kesä-2026 12-49-10.txt	amino_acid
Plate 1	F06	F	6	EVO	H1977	10	histidine	Carbon_sources_3_1_26-kesä-2026 12-49-10.txt	amino_acid
Plate 1	F07	F	7	ANC	H1287	512	histidine	Carbon_sources_3_1_26-kesä-2026 12-49-10.txt	amino_acid
Plate 1	F08	F	8	EVO	H1287	512	histidine	Carbon_sources_3_1_26-kesä-2026 12-49-10.txt	amino_acid
Plate 1	F09	F	9	ANC	H1977	0	leucine	Carbon_sources_3_1_26-kesä-2026 12-49-10.txt	amino_acid
Plate 1	F10	F	10	EVO	H1977	0	leucine	Carbon_sources_3_1_26-kesä-2026 12-49-10.txt	amino_acid
Plate 1	F11	F	11	ANC	H1287	0	leucine	Carbon_sources_3_1_26-kesä-2026 12-49-10.txt	amino_acid
Plate 1	F12	F	12	EVO	H1287	0	leucine	Carbon_sources_3_1_26-kesä-2026 12-49-10.txt	amino_acid
Plate 1	G01	G	1	ANC	H1977	0	histidine	Carbon_sources_3_1_26-kesä-2026 12-49-10.txt	amino_acid
Plate 1	G02	G	2	EVO	H1977	0	histidine	Carbon_sources_3_1_26-kesä-2026 12-49-10.txt	amino_acid
Plate 1	G03	G	3	ANC	H1287	0	histidine	Carbon_sources_3_1_26-kesä-2026 12-49-10.txt	amino_acid
Plate 1	G04	G	4	EVO	H1287	0	histidine	Carbon_sources_3_1_26-kesä-2026 12-49-10.txt	amino_acid
Plate 1	G05	G	5	ANC	H1977	10	histidine	Carbon_sources_3_1_26-kesä-2026 12-49-10.txt	amino_acid
Plate 1	G06	G	6	EVO	H1977	10	histidine	Carbon_sources_3_1_26-kesä-2026 12-49-10.txt	amino_acid
Plate 1	G07	G	7	ANC	H1287	512	histidine	Carbon_sources_3_1_26-kesä-2026 12-49-10.txt	amino_acid
Plate 1	G08	G	8	EVO	H1287	512	histidine	Carbon_sources_3_1_26-kesä-2026 12-49-10.txt	amino_acid
Plate 1	G09	G	9	ANC	H1977	0	leucine	Carbon_sources_3_1_26-kesä-2026 12-49-10.txt	amino_acid
Plate 1	G10	G	10	EVO	H1977	0	leucine	Carbon_sources_3_1_26-kesä-2026 12-49-10.txt	amino_acid
Plate 1	G11	G	11	ANC	H1287	0	leucine	Carbon_sources_3_1_26-kesä-2026 12-49-10.txt	amino_acid
Plate 1	G12	G	12	EVO	H1287	0	leucine	Carbon_sources_3_1_26-kesä-2026 12-49-10.txt	amino_acid
Plate 1	H01	H	1	ANC	H1977	0	histidine	Carbon_sources_3_1_26-kesä-2026 12-49-10.txt	amino_acid
Plate 1	H02	H	2	EVO	H1977	0	histidine	Carbon_sources_3_1_26-kesä-2026 12-49-10.txt	amino_acid
Plate 1	H03	H	3	ANC	H1287	0	histidine	Carbon_sources_3_1_26-kesä-2026 12-49-10.txt	amino_acid
Plate 1	H04	H	4	EVO	H1287	0	histidine	Carbon_sources_3_1_26-kesä-2026 12-49-10.txt	amino_acid
Plate 1	H05	H	5	ANC	H1977	10	histidine	Carbon_sources_3_1_26-kesä-2026 12-49-10.txt	amino_acid
Plate 1	H06	H	6	EVO	H1977	10	histidine	Carbon_sources_3_1_26-kesä-2026 12-49-10.txt	amino_acid
Plate 1	H07	H	7	ANC	H1287	512	histidine	Carbon_sources_3_1_26-kesä-2026 12-49-10.txt	amino_acid
Plate 1	H08	H	8	EVO	H1287	512	histidine	Carbon_sources_3_1_26-kesä-2026 12-49-10.txt	amino_acid
Plate 1	H09	H	9	ANC	H1977	0	leucine	Carbon_sources_3_1_26-kesä-2026 12-49-10.txt	amino_acid
Plate 1	H10	H	10	EVO	H1977	0	leucine	Carbon_sources_3_1_26-kesä-2026 12-49-10.txt	amino_acid
Plate 1	H11	H	11	ANC	H1287	0	leucine	Carbon_sources_3_1_26-kesä-2026 12-49-10.txt	amino_acid
Plate 1	H12	H	12	EVO	H1287	0	leucine	Carbon_sources_3_1_26-kesä-2026 12-49-10.txt	amino_acid
Plate 2	A01	A	1	ANC	H1977	10	leucine	Carbon_sources_3_2_26-kesä-2026 12-49-10.txt	amino_acid
Plate 2	A02	A	2	EVO	H1977	10	leucine	Carbon_sources_3_2_26-kesä-2026 12-49-10.txt	amino_acid
Plate 2	A03	A	3	ANC	H1287	512	leucine	Carbon_sources_3_2_26-kesä-2026 12-49-10.txt	amino_acid
Plate 2	A04	A	4	EVO	H1287	512	leucine	Carbon_sources_3_2_26-kesä-2026 12-49-10.txt	amino_acid
Plate 2	A05	A	5	ANC	H1977	0	phenylalanine	Carbon_sources_3_2_26-kesä-2026 12-49-10.txt	amino_acid
Plate 2	A06	A	6	EVO	H1977	0	phenylalanine	Carbon_sources_3_2_26-kesä-2026 12-49-10.txt	amino_acid
Plate 2	A07	A	7	ANC	H1287	0	phenylalanine	Carbon_sources_3_2_26-kesä-2026 12-49-10.txt	amino_acid
Plate 2	A08	A	8	EVO	H1287	0	phenylalanine	Carbon_sources_3_2_26-kesä-2026 12-49-10.txt	amino_acid
Plate 2	A09	A	9	ANC	H1977	10	phenylalanine	Carbon_sources_3_2_26-kesä-2026 12-49-10.txt	amino_acid
Plate 2	A10	A	10	EVO	H1977	10	phenylalanine	Carbon_sources_3_2_26-kesä-2026 12-49-10.txt	amino_acid
Plate 2	A11	A	11	ANC	H1287	512	phenylalanine	Carbon_sources_3_2_26-kesä-2026 12-49-10.txt	amino_acid
Plate 2	A12	A	12	EVO	H1287	512	phenylalanine	Carbon_sources_3_2_26-kesä-2026 12-49-10.txt	amino_acid
Plate 2	B01	B	1	ANC	H1977	10	leucine	Carbon_sources_3_2_26-kesä-2026 12-49-10.txt	amino_acid
Plate 2	B02	B	2	EVO	H1977	10	leucine	Carbon_sources_3_2_26-kesä-2026 12-49-10.txt	amino_acid
Plate 2	B03	B	3	ANC	H1287	512	leucine	Carbon_sources_3_2_26-kesä-2026 12-49-10.txt	amino_acid
Plate 2	B04	B	4	EVO	H1287	512	leucine	Carbon_sources_3_2_26-kesä-2026 12-49-10.txt	amino_acid
Plate 2	B05	B	5	ANC	H1977	0	phenylalanine	Carbon_sources_3_2_26-kesä-2026 12-49-10.txt	amino_acid
Plate 2	B06	B	6	EVO	H1977	0	phenylalanine	Carbon_sources_3_2_26-kesä-2026 12-49-10.txt	amino_acid
Plate 2	B07	B	7	ANC	H1287	0	phenylalanine	Carbon_sources_3_2_26-kesä-2026 12-49-10.txt	amino_acid
Plate 2	B08	B	8	EVO	H1287	0	phenylalanine	Carbon_sources_3_2_26-kesä-2026 12-49-10.txt	amino_acid
Plate 2	B09	B	9	ANC	H1977	10	phenylalanine	Carbon_sources_3_2_26-kesä-2026 12-49-10.txt	amino_acid
Plate 2	B10	B	10	EVO	H1977	10	phenylalanine	Carbon_sources_3_2_26-kesä-2026 12-49-10.txt	amino_acid
Plate 2	B11	B	11	ANC	H1287	512	phenylalanine	Carbon_sources_3_2_26-kesä-2026 12-49-10.txt	amino_acid
Plate 2	B12	B	12	EVO	H1287	512	phenylalanine	Carbon_sources_3_2_26-kesä-2026 12-49-10.txt	amino_acid
Plate 2	C01	C	1	ANC	H1977	10	leucine	Carbon_sources_3_2_26-kesä-2026 12-49-10.txt	amino_acid
Plate 2	C02	C	2	EVO	H1977	10	leucine	Carbon_sources_3_2_26-kesä-2026 12-49-10.txt	amino_acid
Plate 2	C03	C	3	ANC	H1287	512	leucine	Carbon_sources_3_2_26-kesä-2026 12-49-10.txt	amino_acid
Plate 2	C04	C	4	EVO	H1287	512	leucine	Carbon_sources_3_2_26-kesä-2026 12-49-10.txt	amino_acid
Plate 2	C05	C	5	ANC	H1977	0	phenylalanine	Carbon_sources_3_2_26-kesä-2026 12-49-10.txt	amino_acid
Plate 2	C06	C	6	EVO	H1977	0	phenylalanine	Carbon_sources_3_2_26-kesä-2026 12-49-10.txt	amino_acid
Plate 2	C07	C	7	ANC	H1287	0	phenylalanine	Carbon_sources_3_2_26-kesä-2026 12-49-10.txt	amino_acid
Plate 2	C08	C	8	EVO	H1287	0	phenylalanine	Carbon_sources_3_2_26-kesä-2026 12-49-10.txt	amino_acid
Plate 2	C09	C	9	ANC	H1977	10	phenylalanine	Carbon_sources_3_2_26-kesä-2026 12-49-10.txt	amino_acid
Plate 2	C10	C	10	EVO	H1977	10	phenylalanine	Carbon_sources_3_2_26-kesä-2026 12-49-10.txt	amino_acid
Plate 2	C11	C	11	ANC	H1287	512	phenylalanine	Carbon_sources_3_2_26-kesä-2026 12-49-10.txt	amino_acid
Plate 2	C12	C	12	EVO	H1287	512	phenylalanine	Carbon_sources_3_2_26-kesä-2026 12-49-10.txt	amino_acid
Plate 2	D01	D	1	ANC	H1977	10	leucine	Carbon_sources_3_2_26-kesä-2026 12-49-10.txt	amino_acid
Plate 2	D02	D	2	EVO	H1977	10	leucine	Carbon_sources_3_2_26-kesä-2026 12-49-10.txt	amino_acid
Plate 2	D03	D	3	ANC	H1287	512	leucine	Carbon_sources_3_2_26-kesä-2026 12-49-10.txt	amino_acid
Plate 2	D04	D	4	EVO	H1287	512	leucine	Carbon_sources_3_2_26-kesä-2026 12-49-10.txt	amino_acid
Plate 2	D05	D	5	ANC	H1977	0	phenylalanine	Carbon_sources_3_2_26-kesä-2026 12-49-10.txt	amino_acid
Plate 2	D06	D	6	EVO	H1977	0	phenylalanine	Carbon_sources_3_2_26-kesä-2026 12-49-10.txt	amino_acid
Plate 2	D07	D	7	ANC	H1287	0	phenylalanine	Carbon_sources_3_2_26-kesä-2026 12-49-10.txt	amino_acid
Plate 2	D08	D	8	EVO	H1287	0	phenylalanine	Carbon_sources_3_2_26-kesä-2026 12-49-10.txt	amino_acid
Plate 2	D09	D	9	ANC	H1977	10	phenylalanine	Carbon_sources_3_2_26-kesä-2026 12-49-10.txt	amino_acid
Plate 2	D10	D	10	EVO	H1977	10	phenylalanine	Carbon_sources_3_2_26-kesä-2026 12-49-10.txt	amino_acid
Plate 2	D11	D	11	ANC	H1287	512	phenylalanine	Carbon_sources_3_2_26-kesä-2026 12-49-10.txt	amino_acid
Plate 2	D12	D	12	EVO	H1287	512	phenylalanine	Carbon_sources_3_2_26-kesä-2026 12-49-10.txt	amino_acid
Plate 2	E01	E	1	ANC	H1977	10	leucine	Carbon_sources_3_2_26-kesä-2026 12-49-10.txt	amino_acid
Plate 2	E02	E	2	EVO	H1977	10	leucine	Carbon_sources_3_2_26-kesä-2026 12-49-10.txt	amino_acid
Plate 2	E03	E	3	ANC	H1287	512	leucine	Carbon_sources_3_2_26-kesä-2026 12-49-10.txt	amino_acid
Plate 2	E04	E	4	EVO	H1287	512	leucine	Carbon_sources_3_2_26-kesä-2026 12-49-10.txt	amino_acid
Plate 2	E05	E	5	ANC	H1977	0	phenylalanine	Carbon_sources_3_2_26-kesä-2026 12-49-10.txt	amino_acid
Plate 2	E06	E	6	EVO	H1977	0	phenylalanine	Carbon_sources_3_2_26-kesä-2026 12-49-10.txt	amino_acid
Plate 2	E07	E	7	ANC	H1287	0	phenylalanine	Carbon_sources_3_2_26-kesä-2026 12-49-10.txt	amino_acid
Plate 2	E08	E	8	EVO	H1287	0	phenylalanine	Carbon_sources_3_2_26-kesä-2026 12-49-10.txt	amino_acid
Plate 2	E09	E	9	ANC	H1977	10	phenylalanine	Carbon_sources_3_2_26-kesä-2026 12-49-10.txt	amino_acid
Plate 2	E10	E	10	EVO	H1977	10	phenylalanine	Carbon_sources_3_2_26-kesä-2026 12-49-10.txt	amino_acid
Plate 2	E11	E	11	ANC	H1287	512	phenylalanine	Carbon_sources_3_2_26-kesä-2026 12-49-10.txt	amino_acid
Plate 2	E12	E	12	EVO	H1287	512	phenylalanine	Carbon_sources_3_2_26-kesä-2026 12-49-10.txt	amino_acid
Plate 2	F01	F	1	ANC	H1977	10	leucine	Carbon_sources_3_2_26-kesä-2026 12-49-10.txt	amino_acid
Plate 2	F02	F	2	EVO	H1977	10	leucine	Carbon_sources_3_2_26-kesä-2026 12-49-10.txt	amino_acid
Plate 2	F03	F	3	ANC	H1287	512	leucine	Carbon_sources_3_2_26-kesä-2026 12-49-10.txt	amino_acid
Plate 2	F04	F	4	EVO	H1287	512	leucine	Carbon_sources_3_2_26-kesä-2026 12-49-10.txt	amino_acid
Plate 2	F05	F	5	ANC	H1977	0	phenylalanine	Carbon_sources_3_2_26-kesä-2026 12-49-10.txt	amino_acid
Plate 2	F06	F	6	EVO	H1977	0	phenylalanine	Carbon_sources_3_2_26-kesä-2026 12-49-10.txt	amino_acid
Plate 2	F07	F	7	ANC	H1287	0	phenylalanine	Carbon_sources_3_2_26-kesä-2026 12-49-10.txt	amino_acid
Plate 2	F08	F	8	EVO	H1287	0	phenylalanine	Carbon_sources_3_2_26-kesä-2026 12-49-10.txt	amino_acid
Plate 2	F09	F	9	ANC	H1977	10	phenylalanine	Carbon_sources_3_2_26-kesä-2026 12-49-10.txt	amino_acid
Plate 2	F10	F	10	EVO	H1977	10	phenylalanine	Carbon_sources_3_2_26-kesä-2026 12-49-10.txt	amino_acid
Plate 2	F11	F	11	ANC	H1287	512	phenylalanine	Carbon_sources_3_2_26-kesä-2026 12-49-10.txt	amino_acid
Plate 2	F12	F	12	EVO	H1287	512	phenylalanine	Carbon_sources_3_2_26-kesä-2026 12-49-10.txt	amino_acid
Plate 2	G01	G	1	ANC	H1977	10	leucine	Carbon_sources_3_2_26-kesä-2026 12-49-10.txt	amino_acid
Plate 2	G02	G	2	EVO	H1977	10	leucine	Carbon_sources_3_2_26-kesä-2026 12-49-10.txt	amino_acid
Plate 2	G03	G	3	ANC	H1287	512	leucine	Carbon_sources_3_2_26-kesä-2026 12-49-10.txt	amino_acid
Plate 2	G04	G	4	EVO	H1287	512	leucine	Carbon_sources_3_2_26-kesä-2026 12-49-10.txt	amino_acid
Plate 2	G05	G	5	ANC	H1977	0	phenylalanine	Carbon_sources_3_2_26-kesä-2026 12-49-10.txt	amino_acid
Plate 2	G06	G	6	EVO	H1977	0	phenylalanine	Carbon_sources_3_2_26-kesä-2026 12-49-10.txt	amino_acid
Plate 2	G07	G	7	ANC	H1287	0	phenylalanine	Carbon_sources_3_2_26-kesä-2026 12-49-10.txt	amino_acid
Plate 2	G08	G	8	EVO	H1287	0	phenylalanine	Carbon_sources_3_2_26-kesä-2026 12-49-10.txt	amino_acid
Plate 2	G09	G	9	ANC	H1977	10	phenylalanine	Carbon_sources_3_2_26-kesä-2026 12-49-10.txt	amino_acid
Plate 2	G10	G	10	EVO	H1977	10	phenylalanine	Carbon_sources_3_2_26-kesä-2026 12-49-10.txt	amino_acid
Plate 2	G11	G	11	ANC	H1287	512	phenylalanine	Carbon_sources_3_2_26-kesä-2026 12-49-10.txt	amino_acid
Plate 2	G12	G	12	EVO	H1287	512	phenylalanine	Carbon_sources_3_2_26-kesä-2026 12-49-10.txt	amino_acid
Plate 2	H01	H	1	ANC	H1977	10	leucine	Carbon_sources_3_2_26-kesä-2026 12-49-10.txt	amino_acid
Plate 2	H02	H	2	EVO	H1977	10	leucine	Carbon_sources_3_2_26-kesä-2026 12-49-10.txt	amino_acid
Plate 2	H03	H	3	ANC	H1287	512	leucine	Carbon_sources_3_2_26-kesä-2026 12-49-10.txt	amino_acid
Plate 2	H04	H	4	EVO	H1287	512	leucine	Carbon_sources_3_2_26-kesä-2026 12-49-10.txt	amino_acid
Plate 2	H05	H	5	ANC	H1977	0	phenylalanine	Carbon_sources_3_2_26-kesä-2026 12-49-10.txt	amino_acid
Plate 2	H06	H	6	EVO	H1977	0	phenylalanine	Carbon_sources_3_2_26-kesä-2026 12-49-10.txt	amino_acid
Plate 2	H07	H	7	ANC	H1287	0	phenylalanine	Carbon_sources_3_2_26-kesä-2026 12-49-10.txt	amino_acid
Plate 2	H08	H	8	EVO	H1287	0	phenylalanine	Carbon_sources_3_2_26-kesä-2026 12-49-10.txt	amino_acid
Plate 2	H09	H	9	ANC	H1977	10	phenylalanine	Carbon_sources_3_2_26-kesä-2026 12-49-10.txt	amino_acid
Plate 2	H10	H	10	EVO	H1977	10	phenylalanine	Carbon_sources_3_2_26-kesä-2026 12-49-10.txt	amino_acid
Plate 2	H11	H	11	ANC	H1287	512	phenylalanine	Carbon_sources_3_2_26-kesä-2026 12-49-10.txt	amino_acid
Plate 2	H12	H	12	EVO	H1287	512	phenylalanine	Carbon_sources_3_2_26-kesä-2026 12-49-10.txt	amino_acid
Plate 3	A01	A	1	ANC	H1977	0	xylose	Carbon_sources_3_3_26-kesä-2026 12-49-10.txt	sugar
Plate 3	A02	A	2	EVO	H1977	0	xylose	Carbon_sources_3_3_26-kesä-2026 12-49-10.txt	sugar
Plate 3	A03	A	3	ANC	H1287	0	xylose	Carbon_sources_3_3_26-kesä-2026 12-49-10.txt	sugar
Plate 3	A04	A	4	EVO	H1287	0	xylose	Carbon_sources_3_3_26-kesä-2026 12-49-10.txt	sugar
Plate 3	A05	A	5	ANC	H1977	10	xylose	Carbon_sources_3_3_26-kesä-2026 12-49-10.txt	sugar
Plate 3	A06	A	6	EVO	H1977	10	xylose	Carbon_sources_3_3_26-kesä-2026 12-49-10.txt	sugar
Plate 3	A07	A	7	ANC	H1287	512	xylose	Carbon_sources_3_3_26-kesä-2026 12-49-10.txt	sugar
Plate 3	A08	A	8	EVO	H1287	512	xylose	Carbon_sources_3_3_26-kesä-2026 12-49-10.txt	sugar
Plate 3	A09	A	9	ANC	H1977	0	starch	Carbon_sources_3_3_26-kesä-2026 12-49-10.txt	sugar
Plate 3	A10	A	10	EVO	H1977	0	starch	Carbon_sources_3_3_26-kesä-2026 12-49-10.txt	sugar
Plate 3	A11	A	11	ANC	H1287	0	starch	Carbon_sources_3_3_26-kesä-2026 12-49-10.txt	sugar
Plate 3	A12	A	12	EVO	H1287	0	starch	Carbon_sources_3_3_26-kesä-2026 12-49-10.txt	sugar
Plate 3	B01	B	1	ANC	H1977	0	xylose	Carbon_sources_3_3_26-kesä-2026 12-49-10.txt	sugar
Plate 3	B02	B	2	EVO	H1977	0	xylose	Carbon_sources_3_3_26-kesä-2026 12-49-10.txt	sugar
Plate 3	B03	B	3	ANC	H1287	0	xylose	Carbon_sources_3_3_26-kesä-2026 12-49-10.txt	sugar
Plate 3	B04	B	4	EVO	H1287	0	xylose	Carbon_sources_3_3_26-kesä-2026 12-49-10.txt	sugar
Plate 3	B05	B	5	ANC	H1977	10	xylose	Carbon_sources_3_3_26-kesä-2026 12-49-10.txt	sugar
Plate 3	B06	B	6	EVO	H1977	10	xylose	Carbon_sources_3_3_26-kesä-2026 12-49-10.txt	sugar
Plate 3	B07	B	7	ANC	H1287	512	xylose	Carbon_sources_3_3_26-kesä-2026 12-49-10.txt	sugar
Plate 3	B08	B	8	EVO	H1287	512	xylose	Carbon_sources_3_3_26-kesä-2026 12-49-10.txt	sugar
Plate 3	B09	B	9	ANC	H1977	0	starch	Carbon_sources_3_3_26-kesä-2026 12-49-10.txt	sugar
Plate 3	B10	B	10	EVO	H1977	0	starch	Carbon_sources_3_3_26-kesä-2026 12-49-10.txt	sugar
Plate 3	B11	B	11	ANC	H1287	0	starch	Carbon_sources_3_3_26-kesä-2026 12-49-10.txt	sugar
Plate 3	B12	B	12	EVO	H1287	0	starch	Carbon_sources_3_3_26-kesä-2026 12-49-10.txt	sugar
Plate 3	C01	C	1	ANC	H1977	0	xylose	Carbon_sources_3_3_26-kesä-2026 12-49-10.txt	sugar
Plate 3	C02	C	2	EVO	H1977	0	xylose	Carbon_sources_3_3_26-kesä-2026 12-49-10.txt	sugar
Plate 3	C03	C	3	ANC	H1287	0	xylose	Carbon_sources_3_3_26-kesä-2026 12-49-10.txt	sugar
Plate 3	C04	C	4	EVO	H1287	0	xylose	Carbon_sources_3_3_26-kesä-2026 12-49-10.txt	sugar
Plate 3	C05	C	5	ANC	H1977	10	xylose	Carbon_sources_3_3_26-kesä-2026 12-49-10.txt	sugar
Plate 3	C06	C	6	EVO	H1977	10	xylose	Carbon_sources_3_3_26-kesä-2026 12-49-10.txt	sugar
Plate 3	C07	C	7	ANC	H1287	512	xylose	Carbon_sources_3_3_26-kesä-2026 12-49-10.txt	sugar
Plate 3	C08	C	8	EVO	H1287	512	xylose	Carbon_sources_3_3_26-kesä-2026 12-49-10.txt	sugar
Plate 3	C09	C	9	ANC	H1977	0	starch	Carbon_sources_3_3_26-kesä-2026 12-49-10.txt	sugar
Plate 3	C10	C	10	EVO	H1977	0	starch	Carbon_sources_3_3_26-kesä-2026 12-49-10.txt	sugar
Plate 3	C11	C	11	ANC	H1287	0	starch	Carbon_sources_3_3_26-kesä-2026 12-49-10.txt	sugar
Plate 3	C12	C	12	EVO	H1287	0	starch	Carbon_sources_3_3_26-kesä-2026 12-49-10.txt	sugar
Plate 3	D01	D	1	ANC	H1977	0	xylose	Carbon_sources_3_3_26-kesä-2026 12-49-10.txt	sugar
Plate 3	D02	D	2	EVO	H1977	0	xylose	Carbon_sources_3_3_26-kesä-2026 12-49-10.txt	sugar
Plate 3	D03	D	3	ANC	H1287	0	xylose	Carbon_sources_3_3_26-kesä-2026 12-49-10.txt	sugar
Plate 3	D04	D	4	EVO	H1287	0	xylose	Carbon_sources_3_3_26-kesä-2026 12-49-10.txt	sugar
Plate 3	D05	D	5	ANC	H1977	10	xylose	Carbon_sources_3_3_26-kesä-2026 12-49-10.txt	sugar
Plate 3	D06	D	6	EVO	H1977	10	xylose	Carbon_sources_3_3_26-kesä-2026 12-49-10.txt	sugar
Plate 3	D07	D	7	ANC	H1287	512	xylose	Carbon_sources_3_3_26-kesä-2026 12-49-10.txt	sugar
Plate 3	D08	D	8	EVO	H1287	512	xylose	Carbon_sources_3_3_26-kesä-2026 12-49-10.txt	sugar
Plate 3	D09	D	9	ANC	H1977	0	starch	Carbon_sources_3_3_26-kesä-2026 12-49-10.txt	sugar
Plate 3	D10	D	10	EVO	H1977	0	starch	Carbon_sources_3_3_26-kesä-2026 12-49-10.txt	sugar
Plate 3	D11	D	11	ANC	H1287	0	starch	Carbon_sources_3_3_26-kesä-2026 12-49-10.txt	sugar
Plate 3	D12	D	12	EVO	H1287	0	starch	Carbon_sources_3_3_26-kesä-2026 12-49-10.txt	sugar
Plate 3	E01	E	1	ANC	H1977	0	xylose	Carbon_sources_3_3_26-kesä-2026 12-49-10.txt	sugar
Plate 3	E02	E	2	EVO	H1977	0	xylose	Carbon_sources_3_3_26-kesä-2026 12-49-10.txt	sugar
Plate 3	E03	E	3	ANC	H1287	0	xylose	Carbon_sources_3_3_26-kesä-2026 12-49-10.txt	sugar
Plate 3	E04	E	4	EVO	H1287	0	xylose	Carbon_sources_3_3_26-kesä-2026 12-49-10.txt	sugar
Plate 3	E05	E	5	ANC	H1977	10	xylose	Carbon_sources_3_3_26-kesä-2026 12-49-10.txt	sugar
Plate 3	E06	E	6	EVO	H1977	10	xylose	Carbon_sources_3_3_26-kesä-2026 12-49-10.txt	sugar
Plate 3	E07	E	7	ANC	H1287	512	xylose	Carbon_sources_3_3_26-kesä-2026 12-49-10.txt	sugar
Plate 3	E08	E	8	EVO	H1287	512	xylose	Carbon_sources_3_3_26-kesä-2026 12-49-10.txt	sugar
Plate 3	E09	E	9	ANC	H1977	0	starch	Carbon_sources_3_3_26-kesä-2026 12-49-10.txt	sugar
Plate 3	E10	E	10	EVO	H1977	0	starch	Carbon_sources_3_3_26-kesä-2026 12-49-10.txt	sugar
Plate 3	E11	E	11	ANC	H1287	0	starch	Carbon_sources_3_3_26-kesä-2026 12-49-10.txt	sugar
Plate 3	E12	E	12	EVO	H1287	0	starch	Carbon_sources_3_3_26-kesä-2026 12-49-10.txt	sugar
Plate 3	F01	F	1	ANC	H1977	0	xylose	Carbon_sources_3_3_26-kesä-2026 12-49-10.txt	sugar
Plate 3	F02	F	2	EVO	H1977	0	xylose	Carbon_sources_3_3_26-kesä-2026 12-49-10.txt	sugar
Plate 3	F03	F	3	ANC	H1287	0	xylose	Carbon_sources_3_3_26-kesä-2026 12-49-10.txt	sugar
Plate 3	F04	F	4	EVO	H1287	0	xylose	Carbon_sources_3_3_26-kesä-2026 12-49-10.txt	sugar
Plate 3	F05	F	5	ANC	H1977	10	xylose	Carbon_sources_3_3_26-kesä-2026 12-49-10.txt	sugar
Plate 3	F06	F	6	EVO	H1977	10	xylose	Carbon_sources_3_3_26-kesä-2026 12-49-10.txt	sugar
Plate 3	F07	F	7	ANC	H1287	512	xylose	Carbon_sources_3_3_26-kesä-2026 12-49-10.txt	sugar
Plate 3	F08	F	8	EVO	H1287	512	xylose	Carbon_sources_3_3_26-kesä-2026 12-49-10.txt	sugar
Plate 3	F09	F	9	ANC	H1977	0	starch	Carbon_sources_3_3_26-kesä-2026 12-49-10.txt	sugar
Plate 3	F10	F	10	EVO	H1977	0	starch	Carbon_sources_3_3_26-kesä-2026 12-49-10.txt	sugar
Plate 3	F11	F	11	ANC	H1287	0	starch	Carbon_sources_3_3_26-kesä-2026 12-49-10.txt	sugar
Plate 3	F12	F	12	EVO	H1287	0	starch	Carbon_sources_3_3_26-kesä-2026 12-49-10.txt	sugar
Plate 3	G01	G	1	ANC	H1977	0	xylose	Carbon_sources_3_3_26-kesä-2026 12-49-10.txt	sugar
Plate 3	G02	G	2	EVO	H1977	0	xylose	Carbon_sources_3_3_26-kesä-2026 12-49-10.txt	sugar
Plate 3	G03	G	3	ANC	H1287	0	xylose	Carbon_sources_3_3_26-kesä-2026 12-49-10.txt	sugar
Plate 3	G04	G	4	EVO	H1287	0	xylose	Carbon_sources_3_3_26-kesä-2026 12-49-10.txt	sugar
Plate 3	G05	G	5	ANC	H1977	10	xylose	Carbon_sources_3_3_26-kesä-2026 12-49-10.txt	sugar
Plate 3	G06	G	6	EVO	H1977	10	xylose	Carbon_sources_3_3_26-kesä-2026 12-49-10.txt	sugar
Plate 3	G07	G	7	ANC	H1287	512	xylose	Carbon_sources_3_3_26-kesä-2026 12-49-10.txt	sugar
Plate 3	G08	G	8	EVO	H1287	512	xylose	Carbon_sources_3_3_26-kesä-2026 12-49-10.txt	sugar
Plate 3	G09	G	9	ANC	H1977	0	starch	Carbon_sources_3_3_26-kesä-2026 12-49-10.txt	sugar
Plate 3	G10	G	10	EVO	H1977	0	starch	Carbon_sources_3_3_26-kesä-2026 12-49-10.txt	sugar
Plate 3	G11	G	11	ANC	H1287	0	starch	Carbon_sources_3_3_26-kesä-2026 12-49-10.txt	sugar
Plate 3	G12	G	12	EVO	H1287	0	starch	Carbon_sources_3_3_26-kesä-2026 12-49-10.txt	sugar
Plate 3	H01	H	1	ANC	H1977	0	xylose	Carbon_sources_3_3_26-kesä-2026 12-49-10.txt	sugar
Plate 3	H02	H	2	EVO	H1977	0	xylose	Carbon_sources_3_3_26-kesä-2026 12-49-10.txt	sugar
Plate 3	H03	H	3	ANC	H1287	0	xylose	Carbon_sources_3_3_26-kesä-2026 12-49-10.txt	sugar
Plate 3	H04	H	4	EVO	H1287	0	xylose	Carbon_sources_3_3_26-kesä-2026 12-49-10.txt	sugar
Plate 3	H05	H	5	ANC	H1977	10	xylose	Carbon_sources_3_3_26-kesä-2026 12-49-10.txt	sugar
Plate 3	H06	H	6	EVO	H1977	10	xylose	Carbon_sources_3_3_26-kesä-2026 12-49-10.txt	sugar
Plate 3	H07	H	7	ANC	H1287	512	xylose	Carbon_sources_3_3_26-kesä-2026 12-49-10.txt	sugar
Plate 3	H08	H	8	EVO	H1287	512	xylose	Carbon_sources_3_3_26-kesä-2026 12-49-10.txt	sugar
Plate 3	H09	H	9	ANC	H1977	0	starch	Carbon_sources_3_3_26-kesä-2026 12-49-10.txt	sugar
Plate 3	H10	H	10	EVO	H1977	0	starch	Carbon_sources_3_3_26-kesä-2026 12-49-10.txt	sugar
Plate 3	H11	H	11	ANC	H1287	0	starch	Carbon_sources_3_3_26-kesä-2026 12-49-10.txt	sugar
Plate 3	H12	H	12	EVO	H1287	0	starch	Carbon_sources_3_3_26-kesä-2026 12-49-10.txt	sugar
Plate 4	A01	A	1	ANC	H1977	10	starch	Carbon_sources_3_4_26-kesä-2026 12-49-10.txt	sugar
Plate 4	A02	A	2	EVO	H1977	10	starch	Carbon_sources_3_4_26-kesä-2026 12-49-10.txt	sugar
Plate 4	A03	A	3	ANC	H1287	512	starch	Carbon_sources_3_4_26-kesä-2026 12-49-10.txt	sugar
Plate 4	A04	A	4	EVO	H1287	512	starch	Carbon_sources_3_4_26-kesä-2026 12-49-10.txt	sugar
Plate 4	A05	A	5	blank	blank	blank	blank	Carbon_sources_3_4_26-kesä-2026 12-49-10.txt	NA
Plate 4	A06	A	6	blank	blank	blank	blank	Carbon_sources_3_4_26-kesä-2026 12-49-10.txt	NA
Plate 4	A07	A	7	blank	blank	blank	blank	Carbon_sources_3_4_26-kesä-2026 12-49-10.txt	NA
Plate 4	A08	A	8	blank	blank	blank	blank	Carbon_sources_3_4_26-kesä-2026 12-49-10.txt	NA
Plate 4	A09	A	9	blank	blank	blank	blank	Carbon_sources_3_4_26-kesä-2026 12-49-10.txt	NA
Plate 4	A10	A	10	blank	blank	blank	blank	Carbon_sources_3_4_26-kesä-2026 12-49-10.txt	NA
Plate 4	A11	A	11	blank	blank	blank	blank	Carbon_sources_3_4_26-kesä-2026 12-49-10.txt	NA
Plate 4	A12	A	12	blank	blank	blank	blank	Carbon_sources_3_4_26-kesä-2026 12-49-10.txt	NA
Plate 4	B01	B	1	ANC	H1977	10	starch	Carbon_sources_3_4_26-kesä-2026 12-49-10.txt	sugar
Plate 4	B02	B	2	EVO	H1977	10	starch	Carbon_sources_3_4_26-kesä-2026 12-49-10.txt	sugar
Plate 4	B03	B	3	ANC	H1287	512	starch	Carbon_sources_3_4_26-kesä-2026 12-49-10.txt	sugar
Plate 4	B04	B	4	EVO	H1287	512	starch	Carbon_sources_3_4_26-kesä-2026 12-49-10.txt	sugar
Plate 4	B05	B	5	blank	blank	blank	blank	Carbon_sources_3_4_26-kesä-2026 12-49-10.txt	NA
Plate 4	B06	B	6	blank	blank	blank	blank	Carbon_sources_3_4_26-kesä-2026 12-49-10.txt	NA
Plate 4	B07	B	7	blank	blank	blank	blank	Carbon_sources_3_4_26-kesä-2026 12-49-10.txt	NA
Plate 4	B08	B	8	blank	blank	blank	blank	Carbon_sources_3_4_26-kesä-2026 12-49-10.txt	NA
Plate 4	B09	B	9	blank	blank	blank	blank	Carbon_sources_3_4_26-kesä-2026 12-49-10.txt	NA
Plate 4	B10	B	10	blank	blank	blank	blank	Carbon_sources_3_4_26-kesä-2026 12-49-10.txt	NA
Plate 4	B11	B	11	blank	blank	blank	blank	Carbon_sources_3_4_26-kesä-2026 12-49-10.txt	NA
Plate 4	B12	B	12	blank	blank	blank	blank	Carbon_sources_3_4_26-kesä-2026 12-49-10.txt	NA
Plate 4	C01	C	1	ANC	H1977	10	starch	Carbon_sources_3_4_26-kesä-2026 12-49-10.txt	sugar
Plate 4	C02	C	2	EVO	H1977	10	starch	Carbon_sources_3_4_26-kesä-2026 12-49-10.txt	sugar
Plate 4	C03	C	3	ANC	H1287	512	starch	Carbon_sources_3_4_26-kesä-2026 12-49-10.txt	sugar
Plate 4	C04	C	4	EVO	H1287	512	starch	Carbon_sources_3_4_26-kesä-2026 12-49-10.txt	sugar
Plate 4	C05	C	5	blank	blank	blank	blank	Carbon_sources_3_4_26-kesä-2026 12-49-10.txt	NA
Plate 4	C06	C	6	blank	blank	blank	blank	Carbon_sources_3_4_26-kesä-2026 12-49-10.txt	NA
Plate 4	C07	C	7	blank	blank	blank	blank	Carbon_sources_3_4_26-kesä-2026 12-49-10.txt	NA
Plate 4	C08	C	8	blank	blank	blank	blank	Carbon_sources_3_4_26-kesä-2026 12-49-10.txt	NA
Plate 4	C09	C	9	blank	blank	blank	blank	Carbon_sources_3_4_26-kesä-2026 12-49-10.txt	NA
Plate 4	C10	C	10	blank	blank	blank	blank	Carbon_sources_3_4_26-kesä-2026 12-49-10.txt	NA
Plate 4	C11	C	11	blank	blank	blank	blank	Carbon_sources_3_4_26-kesä-2026 12-49-10.txt	NA
Plate 4	C12	C	12	blank	blank	blank	blank	Carbon_sources_3_4_26-kesä-2026 12-49-10.txt	NA
Plate 4	D01	D	1	ANC	H1977	10	starch	Carbon_sources_3_4_26-kesä-2026 12-49-10.txt	sugar
Plate 4	D02	D	2	EVO	H1977	10	starch	Carbon_sources_3_4_26-kesä-2026 12-49-10.txt	sugar
Plate 4	D03	D	3	ANC	H1287	512	starch	Carbon_sources_3_4_26-kesä-2026 12-49-10.txt	sugar
Plate 4	D04	D	4	EVO	H1287	512	starch	Carbon_sources_3_4_26-kesä-2026 12-49-10.txt	sugar
Plate 4	D05	D	5	blank	blank	blank	blank	Carbon_sources_3_4_26-kesä-2026 12-49-10.txt	NA
Plate 4	D06	D	6	blank	blank	blank	blank	Carbon_sources_3_4_26-kesä-2026 12-49-10.txt	NA
Plate 4	D07	D	7	blank	blank	blank	blank	Carbon_sources_3_4_26-kesä-2026 12-49-10.txt	NA
Plate 4	D08	D	8	blank	blank	blank	blank	Carbon_sources_3_4_26-kesä-2026 12-49-10.txt	NA
Plate 4	D09	D	9	blank	blank	blank	blank	Carbon_sources_3_4_26-kesä-2026 12-49-10.txt	NA
Plate 4	D10	D	10	blank	blank	blank	blank	Carbon_sources_3_4_26-kesä-2026 12-49-10.txt	NA
Plate 4	D11	D	11	blank	blank	blank	blank	Carbon_sources_3_4_26-kesä-2026 12-49-10.txt	NA
Plate 4	D12	D	12	blank	blank	blank	blank	Carbon_sources_3_4_26-kesä-2026 12-49-10.txt	NA
Plate 4	E01	E	1	ANC	H1977	10	starch	Carbon_sources_3_4_26-kesä-2026 12-49-10.txt	sugar
Plate 4	E02	E	2	EVO	H1977	10	starch	Carbon_sources_3_4_26-kesä-2026 12-49-10.txt	sugar
Plate 4	E03	E	3	ANC	H1287	512	starch	Carbon_sources_3_4_26-kesä-2026 12-49-10.txt	sugar
Plate 4	E04	E	4	EVO	H1287	512	starch	Carbon_sources_3_4_26-kesä-2026 12-49-10.txt	sugar
Plate 4	E05	E	5	blank	blank	blank	blank	Carbon_sources_3_4_26-kesä-2026 12-49-10.txt	NA
Plate 4	E06	E	6	blank	blank	blank	blank	Carbon_sources_3_4_26-kesä-2026 12-49-10.txt	NA
Plate 4	E07	E	7	blank	blank	blank	blank	Carbon_sources_3_4_26-kesä-2026 12-49-10.txt	NA
Plate 4	E08	E	8	blank	blank	blank	blank	Carbon_sources_3_4_26-kesä-2026 12-49-10.txt	NA
Plate 4	E09	E	9	blank	blank	blank	blank	Carbon_sources_3_4_26-kesä-2026 12-49-10.txt	NA
Plate 4	E10	E	10	blank	blank	blank	blank	Carbon_sources_3_4_26-kesä-2026 12-49-10.txt	NA
Plate 4	E11	E	11	blank	blank	blank	blank	Carbon_sources_3_4_26-kesä-2026 12-49-10.txt	NA
Plate 4	E12	E	12	blank	blank	blank	blank	Carbon_sources_3_4_26-kesä-2026 12-49-10.txt	NA
Plate 4	F01	F	1	ANC	H1977	10	starch	Carbon_sources_3_4_26-kesä-2026 12-49-10.txt	sugar
Plate 4	F02	F	2	EVO	H1977	10	starch	Carbon_sources_3_4_26-kesä-2026 12-49-10.txt	sugar
Plate 4	F03	F	3	ANC	H1287	512	starch	Carbon_sources_3_4_26-kesä-2026 12-49-10.txt	sugar
Plate 4	F04	F	4	EVO	H1287	512	starch	Carbon_sources_3_4_26-kesä-2026 12-49-10.txt	sugar
Plate 4	F05	F	5	blank	blank	blank	blank	Carbon_sources_3_4_26-kesä-2026 12-49-10.txt	NA
Plate 4	F06	F	6	blank	blank	blank	blank	Carbon_sources_3_4_26-kesä-2026 12-49-10.txt	NA
Plate 4	F07	F	7	blank	blank	blank	blank	Carbon_sources_3_4_26-kesä-2026 12-49-10.txt	NA
Plate 4	F08	F	8	blank	blank	blank	blank	Carbon_sources_3_4_26-kesä-2026 12-49-10.txt	NA
Plate 4	F09	F	9	blank	blank	blank	blank	Carbon_sources_3_4_26-kesä-2026 12-49-10.txt	NA
Plate 4	F10	F	10	blank	blank	blank	blank	Carbon_sources_3_4_26-kesä-2026 12-49-10.txt	NA
Plate 4	F11	F	11	blank	blank	blank	blank	Carbon_sources_3_4_26-kesä-2026 12-49-10.txt	NA
Plate 4	F12	F	12	blank	blank	blank	blank	Carbon_sources_3_4_26-kesä-2026 12-49-10.txt	NA
Plate 4	G01	G	1	ANC	H1977	10	starch	Carbon_sources_3_4_26-kesä-2026 12-49-10.txt	sugar
Plate 4	G02	G	2	EVO	H1977	10	starch	Carbon_sources_3_4_26-kesä-2026 12-49-10.txt	sugar
Plate 4	G03	G	3	ANC	H1287	512	starch	Carbon_sources_3_4_26-kesä-2026 12-49-10.txt	sugar
Plate 4	G04	G	4	EVO	H1287	512	starch	Carbon_sources_3_4_26-kesä-2026 12-49-10.txt	sugar
Plate 4	G05	G	5	blank	blank	blank	blank	Carbon_sources_3_4_26-kesä-2026 12-49-10.txt	NA
Plate 4	G06	G	6	blank	blank	blank	blank	Carbon_sources_3_4_26-kesä-2026 12-49-10.txt	NA
Plate 4	G07	G	7	blank	blank	blank	blank	Carbon_sources_3_4_26-kesä-2026 12-49-10.txt	NA
Plate 4	G08	G	8	blank	blank	blank	blank	Carbon_sources_3_4_26-kesä-2026 12-49-10.txt	NA
Plate 4	G09	G	9	blank	blank	blank	blank	Carbon_sources_3_4_26-kesä-2026 12-49-10.txt	NA
Plate 4	G10	G	10	blank	blank	blank	blank	Carbon_sources_3_4_26-kesä-2026 12-49-10.txt	NA
Plate 4	G11	G	11	blank	blank	blank	blank	Carbon_sources_3_4_26-kesä-2026 12-49-10.txt	NA
Plate 4	G12	G	12	blank	blank	blank	blank	Carbon_sources_3_4_26-kesä-2026 12-49-10.txt	NA
Plate 4	H01	H	1	ANC	H1977	10	starch	Carbon_sources_3_4_26-kesä-2026 12-49-10.txt	sugar
Plate 4	H02	H	2	EVO	H1977	10	starch	Carbon_sources_3_4_26-kesä-2026 12-49-10.txt	sugar
Plate 4	H03	H	3	ANC	H1287	512	starch	Carbon_sources_3_4_26-kesä-2026 12-49-10.txt	sugar
Plate 4	H04	H	4	EVO	H1287	512	starch	Carbon_sources_3_4_26-kesä-2026 12-49-10.txt	sugar
Plate 4	H05	H	5	blank	blank	blank	blank	Carbon_sources_3_4_26-kesä-2026 12-49-10.txt	NA
Plate 4	H06	H	6	blank	blank	blank	blank	Carbon_sources_3_4_26-kesä-2026 12-49-10.txt	NA
Plate 4	H07	H	7	blank	blank	blank	blank	Carbon_sources_3_4_26-kesä-2026 12-49-10.txt	NA
Plate 4	H08	H	8	blank	blank	blank	blank	Carbon_sources_3_4_26-kesä-2026 12-49-10.txt	NA
Plate 4	H09	H	9	blank	blank	blank	blank	Carbon_sources_3_4_26-kesä-2026 12-49-10.txt	NA
Plate 4	H10	H	10	blank	blank	blank	blank	Carbon_sources_3_4_26-kesä-2026 12-49-10.txt	NA
Plate 4	H11	H	11	blank	blank	blank	blank	Carbon_sources_3_4_26-kesä-2026 12-49-10.txt	NA
Plate 4	H12	H	12	blank	blank	blank	blank	Carbon_sources_3_4_26-kesä-2026 12-49-10.txt	NA
Plate 1	A01	A	1	ANC	H1977	0	cellobiose	Carbon_sources_4_1_30-kesä-2026 10-07-18.txt	sugar
Plate 1	A02	A	2	EVO	H1977	0	cellobiose	Carbon_sources_4_1_30-kesä-2026 10-07-18.txt	sugar
Plate 1	A03	A	3	ANC	H1287	0	cellobiose	Carbon_sources_4_1_30-kesä-2026 10-07-18.txt	sugar
Plate 1	A04	A	4	EVO	H1287	0	cellobiose	Carbon_sources_4_1_30-kesä-2026 10-07-18.txt	sugar
Plate 1	A05	A	5	blank	blank	blank	blank	Carbon_sources_4_1_30-kesä-2026 10-07-18.txt	NA
Plate 1	A06	A	6	blank	blank	blank	blank	Carbon_sources_4_1_30-kesä-2026 10-07-18.txt	NA
Plate 1	A07	A	7	blank	blank	blank	blank	Carbon_sources_4_1_30-kesä-2026 10-07-18.txt	NA
Plate 1	A08	A	8	blank	blank	blank	blank	Carbon_sources_4_1_30-kesä-2026 10-07-18.txt	NA
Plate 1	A09	A	9	ANC	H1977	10	cellobiose	Carbon_sources_4_1_30-kesä-2026 10-07-18.txt	sugar
Plate 1	A10	A	10	EVO	H1977	10	cellobiose	Carbon_sources_4_1_30-kesä-2026 10-07-18.txt	sugar
Plate 1	A11	A	11	ANC	H1287	512	cellobiose	Carbon_sources_4_1_30-kesä-2026 10-07-18.txt	sugar
Plate 1	A12	A	12	EVO	H1287	512	cellobiose	Carbon_sources_4_1_30-kesä-2026 10-07-18.txt	sugar
Plate 1	B01	B	1	ANC	H1977	0	cellobiose	Carbon_sources_4_1_30-kesä-2026 10-07-18.txt	sugar
Plate 1	B02	B	2	EVO	H1977	0	cellobiose	Carbon_sources_4_1_30-kesä-2026 10-07-18.txt	sugar
Plate 1	B03	B	3	ANC	H1287	0	cellobiose	Carbon_sources_4_1_30-kesä-2026 10-07-18.txt	sugar
Plate 1	B04	B	4	EVO	H1287	0	cellobiose	Carbon_sources_4_1_30-kesä-2026 10-07-18.txt	sugar
Plate 1	B05	B	5	blank	blank	blank	blank	Carbon_sources_4_1_30-kesä-2026 10-07-18.txt	NA
Plate 1	B06	B	6	blank	blank	blank	blank	Carbon_sources_4_1_30-kesä-2026 10-07-18.txt	NA
Plate 1	B07	B	7	blank	blank	blank	blank	Carbon_sources_4_1_30-kesä-2026 10-07-18.txt	NA
Plate 1	B08	B	8	blank	blank	blank	blank	Carbon_sources_4_1_30-kesä-2026 10-07-18.txt	NA
Plate 1	B09	B	9	ANC	H1977	10	cellobiose	Carbon_sources_4_1_30-kesä-2026 10-07-18.txt	sugar
Plate 1	B10	B	10	EVO	H1977	10	cellobiose	Carbon_sources_4_1_30-kesä-2026 10-07-18.txt	sugar
Plate 1	B11	B	11	ANC	H1287	512	cellobiose	Carbon_sources_4_1_30-kesä-2026 10-07-18.txt	sugar
Plate 1	B12	B	12	EVO	H1287	512	cellobiose	Carbon_sources_4_1_30-kesä-2026 10-07-18.txt	sugar
Plate 1	C01	C	1	ANC	H1977	0	cellobiose	Carbon_sources_4_1_30-kesä-2026 10-07-18.txt	sugar
Plate 1	C02	C	2	EVO	H1977	0	cellobiose	Carbon_sources_4_1_30-kesä-2026 10-07-18.txt	sugar
Plate 1	C03	C	3	ANC	H1287	0	cellobiose	Carbon_sources_4_1_30-kesä-2026 10-07-18.txt	sugar
Plate 1	C04	C	4	EVO	H1287	0	cellobiose	Carbon_sources_4_1_30-kesä-2026 10-07-18.txt	sugar
Plate 1	C05	C	5	blank	blank	blank	blank	Carbon_sources_4_1_30-kesä-2026 10-07-18.txt	NA
Plate 1	C06	C	6	blank	blank	blank	blank	Carbon_sources_4_1_30-kesä-2026 10-07-18.txt	NA
Plate 1	C07	C	7	blank	blank	blank	blank	Carbon_sources_4_1_30-kesä-2026 10-07-18.txt	NA
Plate 1	C08	C	8	blank	blank	blank	blank	Carbon_sources_4_1_30-kesä-2026 10-07-18.txt	NA
Plate 1	C09	C	9	ANC	H1977	10	cellobiose	Carbon_sources_4_1_30-kesä-2026 10-07-18.txt	sugar
Plate 1	C10	C	10	EVO	H1977	10	cellobiose	Carbon_sources_4_1_30-kesä-2026 10-07-18.txt	sugar
Plate 1	C11	C	11	ANC	H1287	512	cellobiose	Carbon_sources_4_1_30-kesä-2026 10-07-18.txt	sugar
Plate 1	C12	C	12	EVO	H1287	512	cellobiose	Carbon_sources_4_1_30-kesä-2026 10-07-18.txt	sugar
Plate 1	D01	D	1	ANC	H1977	0	cellobiose	Carbon_sources_4_1_30-kesä-2026 10-07-18.txt	sugar
Plate 1	D02	D	2	EVO	H1977	0	cellobiose	Carbon_sources_4_1_30-kesä-2026 10-07-18.txt	sugar
Plate 1	D03	D	3	ANC	H1287	0	cellobiose	Carbon_sources_4_1_30-kesä-2026 10-07-18.txt	sugar
Plate 1	D04	D	4	EVO	H1287	0	cellobiose	Carbon_sources_4_1_30-kesä-2026 10-07-18.txt	sugar
Plate 1	D05	D	5	blank	blank	blank	blank	Carbon_sources_4_1_30-kesä-2026 10-07-18.txt	NA
Plate 1	D06	D	6	blank	blank	blank	blank	Carbon_sources_4_1_30-kesä-2026 10-07-18.txt	NA
Plate 1	D07	D	7	blank	blank	blank	blank	Carbon_sources_4_1_30-kesä-2026 10-07-18.txt	NA
Plate 1	D08	D	8	blank	blank	blank	blank	Carbon_sources_4_1_30-kesä-2026 10-07-18.txt	NA
Plate 1	D09	D	9	ANC	H1977	10	cellobiose	Carbon_sources_4_1_30-kesä-2026 10-07-18.txt	sugar
Plate 1	D10	D	10	EVO	H1977	10	cellobiose	Carbon_sources_4_1_30-kesä-2026 10-07-18.txt	sugar
Plate 1	D11	D	11	ANC	H1287	512	cellobiose	Carbon_sources_4_1_30-kesä-2026 10-07-18.txt	sugar
Plate 1	D12	D	12	EVO	H1287	512	cellobiose	Carbon_sources_4_1_30-kesä-2026 10-07-18.txt	sugar
Plate 1	E01	E	1	ANC	H1977	0	cellobiose	Carbon_sources_4_1_30-kesä-2026 10-07-18.txt	sugar
Plate 1	E02	E	2	EVO	H1977	0	cellobiose	Carbon_sources_4_1_30-kesä-2026 10-07-18.txt	sugar
Plate 1	E03	E	3	ANC	H1287	0	cellobiose	Carbon_sources_4_1_30-kesä-2026 10-07-18.txt	sugar
Plate 1	E04	E	4	EVO	H1287	0	cellobiose	Carbon_sources_4_1_30-kesä-2026 10-07-18.txt	sugar
Plate 1	E05	E	5	blank	blank	blank	blank	Carbon_sources_4_1_30-kesä-2026 10-07-18.txt	NA
Plate 1	E06	E	6	blank	blank	blank	blank	Carbon_sources_4_1_30-kesä-2026 10-07-18.txt	NA
Plate 1	E07	E	7	blank	blank	blank	blank	Carbon_sources_4_1_30-kesä-2026 10-07-18.txt	NA
Plate 1	E08	E	8	blank	blank	blank	blank	Carbon_sources_4_1_30-kesä-2026 10-07-18.txt	NA
Plate 1	E09	E	9	ANC	H1977	10	cellobiose	Carbon_sources_4_1_30-kesä-2026 10-07-18.txt	sugar
Plate 1	E10	E	10	EVO	H1977	10	cellobiose	Carbon_sources_4_1_30-kesä-2026 10-07-18.txt	sugar
Plate 1	E11	E	11	ANC	H1287	512	cellobiose	Carbon_sources_4_1_30-kesä-2026 10-07-18.txt	sugar
Plate 1	E12	E	12	EVO	H1287	512	cellobiose	Carbon_sources_4_1_30-kesä-2026 10-07-18.txt	sugar
Plate 1	F01	F	1	ANC	H1977	0	cellobiose	Carbon_sources_4_1_30-kesä-2026 10-07-18.txt	sugar
Plate 1	F02	F	2	EVO	H1977	0	cellobiose	Carbon_sources_4_1_30-kesä-2026 10-07-18.txt	sugar
Plate 1	F03	F	3	ANC	H1287	0	cellobiose	Carbon_sources_4_1_30-kesä-2026 10-07-18.txt	sugar
Plate 1	F04	F	4	EVO	H1287	0	cellobiose	Carbon_sources_4_1_30-kesä-2026 10-07-18.txt	sugar
Plate 1	F05	F	5	blank	blank	blank	blank	Carbon_sources_4_1_30-kesä-2026 10-07-18.txt	NA
Plate 1	F06	F	6	blank	blank	blank	blank	Carbon_sources_4_1_30-kesä-2026 10-07-18.txt	NA
Plate 1	F07	F	7	blank	blank	blank	blank	Carbon_sources_4_1_30-kesä-2026 10-07-18.txt	NA
Plate 1	F08	F	8	blank	blank	blank	blank	Carbon_sources_4_1_30-kesä-2026 10-07-18.txt	NA
Plate 1	F09	F	9	ANC	H1977	10	cellobiose	Carbon_sources_4_1_30-kesä-2026 10-07-18.txt	sugar
Plate 1	F10	F	10	EVO	H1977	10	cellobiose	Carbon_sources_4_1_30-kesä-2026 10-07-18.txt	sugar
Plate 1	F11	F	11	ANC	H1287	512	cellobiose	Carbon_sources_4_1_30-kesä-2026 10-07-18.txt	sugar
Plate 1	F12	F	12	EVO	H1287	512	cellobiose	Carbon_sources_4_1_30-kesä-2026 10-07-18.txt	sugar
Plate 1	G01	G	1	ANC	H1977	0	cellobiose	Carbon_sources_4_1_30-kesä-2026 10-07-18.txt	sugar
Plate 1	G02	G	2	EVO	H1977	0	cellobiose	Carbon_sources_4_1_30-kesä-2026 10-07-18.txt	sugar
Plate 1	G03	G	3	ANC	H1287	0	cellobiose	Carbon_sources_4_1_30-kesä-2026 10-07-18.txt	sugar
Plate 1	G04	G	4	EVO	H1287	0	cellobiose	Carbon_sources_4_1_30-kesä-2026 10-07-18.txt	sugar
Plate 1	G05	G	5	blank	blank	blank	blank	Carbon_sources_4_1_30-kesä-2026 10-07-18.txt	NA
Plate 1	G06	G	6	blank	blank	blank	blank	Carbon_sources_4_1_30-kesä-2026 10-07-18.txt	NA
Plate 1	G07	G	7	blank	blank	blank	blank	Carbon_sources_4_1_30-kesä-2026 10-07-18.txt	NA
Plate 1	G08	G	8	blank	blank	blank	blank	Carbon_sources_4_1_30-kesä-2026 10-07-18.txt	NA
Plate 1	G09	G	9	ANC	H1977	10	cellobiose	Carbon_sources_4_1_30-kesä-2026 10-07-18.txt	sugar
Plate 1	G10	G	10	EVO	H1977	10	cellobiose	Carbon_sources_4_1_30-kesä-2026 10-07-18.txt	sugar
Plate 1	G11	G	11	ANC	H1287	512	cellobiose	Carbon_sources_4_1_30-kesä-2026 10-07-18.txt	sugar
Plate 1	G12	G	12	EVO	H1287	512	cellobiose	Carbon_sources_4_1_30-kesä-2026 10-07-18.txt	sugar
Plate 1	H01	H	1	ANC	H1977	0	cellobiose	Carbon_sources_4_1_30-kesä-2026 10-07-18.txt	sugar
Plate 1	H02	H	2	EVO	H1977	0	cellobiose	Carbon_sources_4_1_30-kesä-2026 10-07-18.txt	sugar
Plate 1	H03	H	3	ANC	H1287	0	cellobiose	Carbon_sources_4_1_30-kesä-2026 10-07-18.txt	sugar
Plate 1	H04	H	4	EVO	H1287	0	cellobiose	Carbon_sources_4_1_30-kesä-2026 10-07-18.txt	sugar
Plate 1	H05	H	5	blank	blank	blank	blank	Carbon_sources_4_1_30-kesä-2026 10-07-18.txt	NA
Plate 1	H06	H	6	blank	blank	blank	blank	Carbon_sources_4_1_30-kesä-2026 10-07-18.txt	NA
Plate 1	H07	H	7	blank	blank	blank	blank	Carbon_sources_4_1_30-kesä-2026 10-07-18.txt	NA
Plate 1	H08	H	8	blank	blank	blank	blank	Carbon_sources_4_1_30-kesä-2026 10-07-18.txt	NA
Plate 1	H09	H	9	ANC	H1977	10	cellobiose	Carbon_sources_4_1_30-kesä-2026 10-07-18.txt	sugar
Plate 1	H10	H	10	EVO	H1977	10	cellobiose	Carbon_sources_4_1_30-kesä-2026 10-07-18.txt	sugar
Plate 1	H11	H	11	ANC	H1287	512	cellobiose	Carbon_sources_4_1_30-kesä-2026 10-07-18.txt	sugar
Plate 1	H12	H	12	EVO	H1287	512	cellobiose	Carbon_sources_4_1_30-kesä-2026 10-07-18.txt	sugar
Plate 2	A01	A	1	ANC	H1977	0	succinic acid	Carbon_sources_4_2_30-kesä-2026 10-07-18.txt	organic_acid
Plate 2	A02	A	2	EVO	H1977	0	succinic acid	Carbon_sources_4_2_30-kesä-2026 10-07-18.txt	organic_acid
Plate 2	A03	A	3	ANC	H1287	0	succinic acid	Carbon_sources_4_2_30-kesä-2026 10-07-18.txt	organic_acid
Plate 2	A04	A	4	EVO	H1287	0	succinic acid	Carbon_sources_4_2_30-kesä-2026 10-07-18.txt	organic_acid
Plate 2	A05	A	5	blank	blank	blank	blank	Carbon_sources_4_2_30-kesä-2026 10-07-18.txt	NA
Plate 2	A06	A	6	blank	blank	blank	blank	Carbon_sources_4_2_30-kesä-2026 10-07-18.txt	NA
Plate 2	A07	A	7	blank	blank	blank	blank	Carbon_sources_4_2_30-kesä-2026 10-07-18.txt	NA
Plate 2	A08	A	8	blank	blank	blank	blank	Carbon_sources_4_2_30-kesä-2026 10-07-18.txt	NA
Plate 2	A09	A	9	ANC	H1977	10	succinic acid	Carbon_sources_4_2_30-kesä-2026 10-07-18.txt	organic_acid
Plate 2	A10	A	10	EVO	H1977	10	succinic acid	Carbon_sources_4_2_30-kesä-2026 10-07-18.txt	organic_acid
Plate 2	A11	A	11	ANC	H1287	512	succinic acid	Carbon_sources_4_2_30-kesä-2026 10-07-18.txt	organic_acid
Plate 2	A12	A	12	EVO	H1287	512	succinic acid	Carbon_sources_4_2_30-kesä-2026 10-07-18.txt	organic_acid
Plate 2	B01	B	1	ANC	H1977	0	succinic acid	Carbon_sources_4_2_30-kesä-2026 10-07-18.txt	organic_acid
Plate 2	B02	B	2	EVO	H1977	0	succinic acid	Carbon_sources_4_2_30-kesä-2026 10-07-18.txt	organic_acid
Plate 2	B03	B	3	ANC	H1287	0	succinic acid	Carbon_sources_4_2_30-kesä-2026 10-07-18.txt	organic_acid
Plate 2	B04	B	4	EVO	H1287	0	succinic acid	Carbon_sources_4_2_30-kesä-2026 10-07-18.txt	organic_acid
Plate 2	B05	B	5	blank	blank	blank	blank	Carbon_sources_4_2_30-kesä-2026 10-07-18.txt	NA
Plate 2	B06	B	6	blank	blank	blank	blank	Carbon_sources_4_2_30-kesä-2026 10-07-18.txt	NA
Plate 2	B07	B	7	blank	blank	blank	blank	Carbon_sources_4_2_30-kesä-2026 10-07-18.txt	NA
Plate 2	B08	B	8	blank	blank	blank	blank	Carbon_sources_4_2_30-kesä-2026 10-07-18.txt	NA
Plate 2	B09	B	9	ANC	H1977	10	succinic acid	Carbon_sources_4_2_30-kesä-2026 10-07-18.txt	organic_acid
Plate 2	B10	B	10	EVO	H1977	10	succinic acid	Carbon_sources_4_2_30-kesä-2026 10-07-18.txt	organic_acid
Plate 2	B11	B	11	ANC	H1287	512	succinic acid	Carbon_sources_4_2_30-kesä-2026 10-07-18.txt	organic_acid
Plate 2	B12	B	12	EVO	H1287	512	succinic acid	Carbon_sources_4_2_30-kesä-2026 10-07-18.txt	organic_acid
Plate 2	C01	C	1	ANC	H1977	0	succinic acid	Carbon_sources_4_2_30-kesä-2026 10-07-18.txt	organic_acid
Plate 2	C02	C	2	EVO	H1977	0	succinic acid	Carbon_sources_4_2_30-kesä-2026 10-07-18.txt	organic_acid
Plate 2	C03	C	3	ANC	H1287	0	succinic acid	Carbon_sources_4_2_30-kesä-2026 10-07-18.txt	organic_acid
Plate 2	C04	C	4	EVO	H1287	0	succinic acid	Carbon_sources_4_2_30-kesä-2026 10-07-18.txt	organic_acid
Plate 2	C05	C	5	blank	blank	blank	blank	Carbon_sources_4_2_30-kesä-2026 10-07-18.txt	NA
Plate 2	C06	C	6	blank	blank	blank	blank	Carbon_sources_4_2_30-kesä-2026 10-07-18.txt	NA
Plate 2	C07	C	7	blank	blank	blank	blank	Carbon_sources_4_2_30-kesä-2026 10-07-18.txt	NA
Plate 2	C08	C	8	blank	blank	blank	blank	Carbon_sources_4_2_30-kesä-2026 10-07-18.txt	NA
Plate 2	C09	C	9	ANC	H1977	10	succinic acid	Carbon_sources_4_2_30-kesä-2026 10-07-18.txt	organic_acid
Plate 2	C10	C	10	EVO	H1977	10	succinic acid	Carbon_sources_4_2_30-kesä-2026 10-07-18.txt	organic_acid
Plate 2	C11	C	11	ANC	H1287	512	succinic acid	Carbon_sources_4_2_30-kesä-2026 10-07-18.txt	organic_acid
Plate 2	C12	C	12	EVO	H1287	512	succinic acid	Carbon_sources_4_2_30-kesä-2026 10-07-18.txt	organic_acid
Plate 2	D01	D	1	ANC	H1977	0	succinic acid	Carbon_sources_4_2_30-kesä-2026 10-07-18.txt	organic_acid
Plate 2	D02	D	2	EVO	H1977	0	succinic acid	Carbon_sources_4_2_30-kesä-2026 10-07-18.txt	organic_acid
Plate 2	D03	D	3	ANC	H1287	0	succinic acid	Carbon_sources_4_2_30-kesä-2026 10-07-18.txt	organic_acid
Plate 2	D04	D	4	EVO	H1287	0	succinic acid	Carbon_sources_4_2_30-kesä-2026 10-07-18.txt	organic_acid
Plate 2	D05	D	5	blank	blank	blank	blank	Carbon_sources_4_2_30-kesä-2026 10-07-18.txt	NA
Plate 2	D06	D	6	blank	blank	blank	blank	Carbon_sources_4_2_30-kesä-2026 10-07-18.txt	NA
Plate 2	D07	D	7	blank	blank	blank	blank	Carbon_sources_4_2_30-kesä-2026 10-07-18.txt	NA
Plate 2	D08	D	8	blank	blank	blank	blank	Carbon_sources_4_2_30-kesä-2026 10-07-18.txt	NA
Plate 2	D09	D	9	ANC	H1977	10	succinic acid	Carbon_sources_4_2_30-kesä-2026 10-07-18.txt	organic_acid
Plate 2	D10	D	10	EVO	H1977	10	succinic acid	Carbon_sources_4_2_30-kesä-2026 10-07-18.txt	organic_acid
Plate 2	D11	D	11	ANC	H1287	512	succinic acid	Carbon_sources_4_2_30-kesä-2026 10-07-18.txt	organic_acid
Plate 2	D12	D	12	EVO	H1287	512	succinic acid	Carbon_sources_4_2_30-kesä-2026 10-07-18.txt	organic_acid
Plate 2	E01	E	1	ANC	H1977	0	succinic acid	Carbon_sources_4_2_30-kesä-2026 10-07-18.txt	organic_acid
Plate 2	E02	E	2	EVO	H1977	0	succinic acid	Carbon_sources_4_2_30-kesä-2026 10-07-18.txt	organic_acid
Plate 2	E03	E	3	ANC	H1287	0	succinic acid	Carbon_sources_4_2_30-kesä-2026 10-07-18.txt	organic_acid
Plate 2	E04	E	4	EVO	H1287	0	succinic acid	Carbon_sources_4_2_30-kesä-2026 10-07-18.txt	organic_acid
Plate 2	E05	E	5	blank	blank	blank	blank	Carbon_sources_4_2_30-kesä-2026 10-07-18.txt	NA
Plate 2	E06	E	6	blank	blank	blank	blank	Carbon_sources_4_2_30-kesä-2026 10-07-18.txt	NA
Plate 2	E07	E	7	blank	blank	blank	blank	Carbon_sources_4_2_30-kesä-2026 10-07-18.txt	NA
Plate 2	E08	E	8	blank	blank	blank	blank	Carbon_sources_4_2_30-kesä-2026 10-07-18.txt	NA
Plate 2	E09	E	9	ANC	H1977	10	succinic acid	Carbon_sources_4_2_30-kesä-2026 10-07-18.txt	organic_acid
Plate 2	E10	E	10	EVO	H1977	10	succinic acid	Carbon_sources_4_2_30-kesä-2026 10-07-18.txt	organic_acid
Plate 2	E11	E	11	ANC	H1287	512	succinic acid	Carbon_sources_4_2_30-kesä-2026 10-07-18.txt	organic_acid
Plate 2	E12	E	12	EVO	H1287	512	succinic acid	Carbon_sources_4_2_30-kesä-2026 10-07-18.txt	organic_acid
Plate 2	F01	F	1	ANC	H1977	0	succinic acid	Carbon_sources_4_2_30-kesä-2026 10-07-18.txt	organic_acid
Plate 2	F02	F	2	EVO	H1977	0	succinic acid	Carbon_sources_4_2_30-kesä-2026 10-07-18.txt	organic_acid
Plate 2	F03	F	3	ANC	H1287	0	succinic acid	Carbon_sources_4_2_30-kesä-2026 10-07-18.txt	organic_acid
Plate 2	F04	F	4	EVO	H1287	0	succinic acid	Carbon_sources_4_2_30-kesä-2026 10-07-18.txt	organic_acid
Plate 2	F05	F	5	blank	blank	blank	blank	Carbon_sources_4_2_30-kesä-2026 10-07-18.txt	NA
Plate 2	F06	F	6	blank	blank	blank	blank	Carbon_sources_4_2_30-kesä-2026 10-07-18.txt	NA
Plate 2	F07	F	7	blank	blank	blank	blank	Carbon_sources_4_2_30-kesä-2026 10-07-18.txt	NA
Plate 2	F08	F	8	blank	blank	blank	blank	Carbon_sources_4_2_30-kesä-2026 10-07-18.txt	NA
Plate 2	F09	F	9	ANC	H1977	10	succinic acid	Carbon_sources_4_2_30-kesä-2026 10-07-18.txt	organic_acid
Plate 2	F10	F	10	EVO	H1977	10	succinic acid	Carbon_sources_4_2_30-kesä-2026 10-07-18.txt	organic_acid
Plate 2	F11	F	11	ANC	H1287	512	succinic acid	Carbon_sources_4_2_30-kesä-2026 10-07-18.txt	organic_acid
Plate 2	F12	F	12	EVO	H1287	512	succinic acid	Carbon_sources_4_2_30-kesä-2026 10-07-18.txt	organic_acid
Plate 2	G01	G	1	ANC	H1977	0	succinic acid	Carbon_sources_4_2_30-kesä-2026 10-07-18.txt	organic_acid
Plate 2	G02	G	2	EVO	H1977	0	succinic acid	Carbon_sources_4_2_30-kesä-2026 10-07-18.txt	organic_acid
Plate 2	G03	G	3	ANC	H1287	0	succinic acid	Carbon_sources_4_2_30-kesä-2026 10-07-18.txt	organic_acid
Plate 2	G04	G	4	EVO	H1287	0	succinic acid	Carbon_sources_4_2_30-kesä-2026 10-07-18.txt	organic_acid
Plate 2	G05	G	5	blank	blank	blank	blank	Carbon_sources_4_2_30-kesä-2026 10-07-18.txt	NA
Plate 2	G06	G	6	blank	blank	blank	blank	Carbon_sources_4_2_30-kesä-2026 10-07-18.txt	NA
Plate 2	G07	G	7	blank	blank	blank	blank	Carbon_sources_4_2_30-kesä-2026 10-07-18.txt	NA
Plate 2	G08	G	8	blank	blank	blank	blank	Carbon_sources_4_2_30-kesä-2026 10-07-18.txt	NA
Plate 2	G09	G	9	ANC	H1977	10	succinic acid	Carbon_sources_4_2_30-kesä-2026 10-07-18.txt	organic_acid
Plate 2	G10	G	10	EVO	H1977	10	succinic acid	Carbon_sources_4_2_30-kesä-2026 10-07-18.txt	organic_acid
Plate 2	G11	G	11	ANC	H1287	512	succinic acid	Carbon_sources_4_2_30-kesä-2026 10-07-18.txt	organic_acid
Plate 2	G12	G	12	EVO	H1287	512	succinic acid	Carbon_sources_4_2_30-kesä-2026 10-07-18.txt	organic_acid
Plate 2	H01	H	1	ANC	H1977	0	succinic acid	Carbon_sources_4_2_30-kesä-2026 10-07-18.txt	organic_acid
Plate 2	H02	H	2	EVO	H1977	0	succinic acid	Carbon_sources_4_2_30-kesä-2026 10-07-18.txt	organic_acid
Plate 2	H03	H	3	ANC	H1287	0	succinic acid	Carbon_sources_4_2_30-kesä-2026 10-07-18.txt	organic_acid
Plate 2	H04	H	4	EVO	H1287	0	succinic acid	Carbon_sources_4_2_30-kesä-2026 10-07-18.txt	organic_acid
Plate 2	H05	H	5	blank	blank	blank	blank	Carbon_sources_4_2_30-kesä-2026 10-07-18.txt	NA
Plate 2	H06	H	6	blank	blank	blank	blank	Carbon_sources_4_2_30-kesä-2026 10-07-18.txt	NA
Plate 2	H07	H	7	blank	blank	blank	blank	Carbon_sources_4_2_30-kesä-2026 10-07-18.txt	NA
Plate 2	H08	H	8	blank	blank	blank	blank	Carbon_sources_4_2_30-kesä-2026 10-07-18.txt	NA
Plate 2	H09	H	9	ANC	H1977	10	succinic acid	Carbon_sources_4_2_30-kesä-2026 10-07-18.txt	organic_acid
Plate 2	H10	H	10	EVO	H1977	10	succinic acid	Carbon_sources_4_2_30-kesä-2026 10-07-18.txt	organic_acid
Plate 2	H11	H	11	ANC	H1287	512	succinic acid	Carbon_sources_4_2_30-kesä-2026 10-07-18.txt	organic_acid
Plate 2	H12	H	12	EVO	H1287	512	succinic acid	Carbon_sources_4_2_30-kesä-2026 10-07-18.txt	organic_acid
Plate 1	A01	A	1	ANC	H1977	0	4-Hydroxybenzoic acid	Carbon_sources_9_1_09-heinä-2026 14-42-47.txt	organic_acid
Plate 1	A02	A	2	EVO	H1977	0	4-Hydroxybenzoic acid	Carbon_sources_9_1_09-heinä-2026 14-42-47.txt	organic_acid
Plate 1	A03	A	3	ANC	H1287	0	4-Hydroxybenzoic acid	Carbon_sources_9_1_09-heinä-2026 14-42-47.txt	organic_acid
Plate 1	A04	A	4	EVO	H1287	0	4-Hydroxybenzoic acid	Carbon_sources_9_1_09-heinä-2026 14-42-47.txt	organic_acid
Plate 1	A05	A	5	blank	blank	blank	blank	Carbon_sources_9_1_09-heinä-2026 14-42-47.txt	NA
Plate 1	A06	A	6	blank	blank	blank	blank	Carbon_sources_9_1_09-heinä-2026 14-42-47.txt	NA
Plate 1	A07	A	7	blank	blank	blank	blank	Carbon_sources_9_1_09-heinä-2026 14-42-47.txt	NA
Plate 1	A08	A	8	blank	blank	blank	blank	Carbon_sources_9_1_09-heinä-2026 14-42-47.txt	NA
Plate 1	A09	A	9	ANC	H1977	10	4-Hydroxybenzoic acid	Carbon_sources_9_1_09-heinä-2026 14-42-47.txt	organic_acid
Plate 1	A10	A	10	EVO	H1977	10	4-Hydroxybenzoic acid	Carbon_sources_9_1_09-heinä-2026 14-42-47.txt	organic_acid
Plate 1	A11	A	11	ANC	H1287	512	4-Hydroxybenzoic acid	Carbon_sources_9_1_09-heinä-2026 14-42-47.txt	organic_acid
Plate 1	A12	A	12	EVO	H1287	512	4-Hydroxybenzoic acid	Carbon_sources_9_1_09-heinä-2026 14-42-47.txt	organic_acid
Plate 1	B01	B	1	ANC	H1977	0	4-Hydroxybenzoic acid	Carbon_sources_9_1_09-heinä-2026 14-42-47.txt	organic_acid
Plate 1	B02	B	2	EVO	H1977	0	4-Hydroxybenzoic acid	Carbon_sources_9_1_09-heinä-2026 14-42-47.txt	organic_acid
Plate 1	B03	B	3	ANC	H1287	0	4-Hydroxybenzoic acid	Carbon_sources_9_1_09-heinä-2026 14-42-47.txt	organic_acid
Plate 1	B04	B	4	EVO	H1287	0	4-Hydroxybenzoic acid	Carbon_sources_9_1_09-heinä-2026 14-42-47.txt	organic_acid
Plate 1	B05	B	5	blank	blank	blank	blank	Carbon_sources_9_1_09-heinä-2026 14-42-47.txt	NA
Plate 1	B06	B	6	blank	blank	blank	blank	Carbon_sources_9_1_09-heinä-2026 14-42-47.txt	NA
Plate 1	B07	B	7	blank	blank	blank	blank	Carbon_sources_9_1_09-heinä-2026 14-42-47.txt	NA
Plate 1	B08	B	8	blank	blank	blank	blank	Carbon_sources_9_1_09-heinä-2026 14-42-47.txt	NA
Plate 1	B09	B	9	ANC	H1977	10	4-Hydroxybenzoic acid	Carbon_sources_9_1_09-heinä-2026 14-42-47.txt	organic_acid
Plate 1	B10	B	10	EVO	H1977	10	4-Hydroxybenzoic acid	Carbon_sources_9_1_09-heinä-2026 14-42-47.txt	organic_acid
Plate 1	B11	B	11	ANC	H1287	512	4-Hydroxybenzoic acid	Carbon_sources_9_1_09-heinä-2026 14-42-47.txt	organic_acid
Plate 1	B12	B	12	EVO	H1287	512	4-Hydroxybenzoic acid	Carbon_sources_9_1_09-heinä-2026 14-42-47.txt	organic_acid
Plate 1	C01	C	1	ANC	H1977	0	4-Hydroxybenzoic acid	Carbon_sources_9_1_09-heinä-2026 14-42-47.txt	organic_acid
Plate 1	C02	C	2	EVO	H1977	0	4-Hydroxybenzoic acid	Carbon_sources_9_1_09-heinä-2026 14-42-47.txt	organic_acid
Plate 1	C03	C	3	ANC	H1287	0	4-Hydroxybenzoic acid	Carbon_sources_9_1_09-heinä-2026 14-42-47.txt	organic_acid
Plate 1	C04	C	4	EVO	H1287	0	4-Hydroxybenzoic acid	Carbon_sources_9_1_09-heinä-2026 14-42-47.txt	organic_acid
Plate 1	C05	C	5	blank	blank	blank	blank	Carbon_sources_9_1_09-heinä-2026 14-42-47.txt	NA
Plate 1	C06	C	6	blank	blank	blank	blank	Carbon_sources_9_1_09-heinä-2026 14-42-47.txt	NA
Plate 1	C07	C	7	blank	blank	blank	blank	Carbon_sources_9_1_09-heinä-2026 14-42-47.txt	NA
Plate 1	C08	C	8	blank	blank	blank	blank	Carbon_sources_9_1_09-heinä-2026 14-42-47.txt	NA
Plate 1	C09	C	9	ANC	H1977	10	4-Hydroxybenzoic acid	Carbon_sources_9_1_09-heinä-2026 14-42-47.txt	organic_acid
Plate 1	C10	C	10	EVO	H1977	10	4-Hydroxybenzoic acid	Carbon_sources_9_1_09-heinä-2026 14-42-47.txt	organic_acid
Plate 1	C11	C	11	ANC	H1287	512	4-Hydroxybenzoic acid	Carbon_sources_9_1_09-heinä-2026 14-42-47.txt	organic_acid
Plate 1	C12	C	12	EVO	H1287	512	4-Hydroxybenzoic acid	Carbon_sources_9_1_09-heinä-2026 14-42-47.txt	organic_acid
Plate 1	D01	D	1	ANC	H1977	0	4-Hydroxybenzoic acid	Carbon_sources_9_1_09-heinä-2026 14-42-47.txt	organic_acid
Plate 1	D02	D	2	EVO	H1977	0	4-Hydroxybenzoic acid	Carbon_sources_9_1_09-heinä-2026 14-42-47.txt	organic_acid
Plate 1	D03	D	3	ANC	H1287	0	4-Hydroxybenzoic acid	Carbon_sources_9_1_09-heinä-2026 14-42-47.txt	organic_acid
Plate 1	D04	D	4	EVO	H1287	0	4-Hydroxybenzoic acid	Carbon_sources_9_1_09-heinä-2026 14-42-47.txt	organic_acid
Plate 1	D05	D	5	blank	blank	blank	blank	Carbon_sources_9_1_09-heinä-2026 14-42-47.txt	NA
Plate 1	D06	D	6	blank	blank	blank	blank	Carbon_sources_9_1_09-heinä-2026 14-42-47.txt	NA
Plate 1	D07	D	7	blank	blank	blank	blank	Carbon_sources_9_1_09-heinä-2026 14-42-47.txt	NA
Plate 1	D08	D	8	blank	blank	blank	blank	Carbon_sources_9_1_09-heinä-2026 14-42-47.txt	NA
Plate 1	D09	D	9	ANC	H1977	10	4-Hydroxybenzoic acid	Carbon_sources_9_1_09-heinä-2026 14-42-47.txt	organic_acid
Plate 1	D10	D	10	EVO	H1977	10	4-Hydroxybenzoic acid	Carbon_sources_9_1_09-heinä-2026 14-42-47.txt	organic_acid
Plate 1	D11	D	11	ANC	H1287	512	4-Hydroxybenzoic acid	Carbon_sources_9_1_09-heinä-2026 14-42-47.txt	organic_acid
Plate 1	D12	D	12	EVO	H1287	512	4-Hydroxybenzoic acid	Carbon_sources_9_1_09-heinä-2026 14-42-47.txt	organic_acid
Plate 1	E01	E	1	ANC	H1977	0	4-Hydroxybenzoic acid	Carbon_sources_9_1_09-heinä-2026 14-42-47.txt	organic_acid
Plate 1	E02	E	2	EVO	H1977	0	4-Hydroxybenzoic acid	Carbon_sources_9_1_09-heinä-2026 14-42-47.txt	organic_acid
Plate 1	E03	E	3	ANC	H1287	0	4-Hydroxybenzoic acid	Carbon_sources_9_1_09-heinä-2026 14-42-47.txt	organic_acid
Plate 1	E04	E	4	EVO	H1287	0	4-Hydroxybenzoic acid	Carbon_sources_9_1_09-heinä-2026 14-42-47.txt	organic_acid
Plate 1	E05	E	5	blank	blank	blank	blank	Carbon_sources_9_1_09-heinä-2026 14-42-47.txt	NA
Plate 1	E06	E	6	blank	blank	blank	blank	Carbon_sources_9_1_09-heinä-2026 14-42-47.txt	NA
Plate 1	E07	E	7	blank	blank	blank	blank	Carbon_sources_9_1_09-heinä-2026 14-42-47.txt	NA
Plate 1	E08	E	8	blank	blank	blank	blank	Carbon_sources_9_1_09-heinä-2026 14-42-47.txt	NA
Plate 1	E09	E	9	ANC	H1977	10	4-Hydroxybenzoic acid	Carbon_sources_9_1_09-heinä-2026 14-42-47.txt	organic_acid
Plate 1	E10	E	10	EVO	H1977	10	4-Hydroxybenzoic acid	Carbon_sources_9_1_09-heinä-2026 14-42-47.txt	organic_acid
Plate 1	E11	E	11	ANC	H1287	512	4-Hydroxybenzoic acid	Carbon_sources_9_1_09-heinä-2026 14-42-47.txt	organic_acid
Plate 1	E12	E	12	EVO	H1287	512	4-Hydroxybenzoic acid	Carbon_sources_9_1_09-heinä-2026 14-42-47.txt	organic_acid
Plate 1	F01	F	1	ANC	H1977	0	4-Hydroxybenzoic acid	Carbon_sources_9_1_09-heinä-2026 14-42-47.txt	organic_acid
Plate 1	F02	F	2	EVO	H1977	0	4-Hydroxybenzoic acid	Carbon_sources_9_1_09-heinä-2026 14-42-47.txt	organic_acid
Plate 1	F03	F	3	ANC	H1287	0	4-Hydroxybenzoic acid	Carbon_sources_9_1_09-heinä-2026 14-42-47.txt	organic_acid
Plate 1	F04	F	4	EVO	H1287	0	4-Hydroxybenzoic acid	Carbon_sources_9_1_09-heinä-2026 14-42-47.txt	organic_acid
Plate 1	F05	F	5	blank	blank	blank	blank	Carbon_sources_9_1_09-heinä-2026 14-42-47.txt	NA
Plate 1	F06	F	6	blank	blank	blank	blank	Carbon_sources_9_1_09-heinä-2026 14-42-47.txt	NA
Plate 1	F07	F	7	blank	blank	blank	blank	Carbon_sources_9_1_09-heinä-2026 14-42-47.txt	NA
Plate 1	F08	F	8	blank	blank	blank	blank	Carbon_sources_9_1_09-heinä-2026 14-42-47.txt	NA
Plate 1	F09	F	9	ANC	H1977	10	4-Hydroxybenzoic acid	Carbon_sources_9_1_09-heinä-2026 14-42-47.txt	organic_acid
Plate 1	F10	F	10	EVO	H1977	10	4-Hydroxybenzoic acid	Carbon_sources_9_1_09-heinä-2026 14-42-47.txt	organic_acid
Plate 1	F11	F	11	ANC	H1287	512	4-Hydroxybenzoic acid	Carbon_sources_9_1_09-heinä-2026 14-42-47.txt	organic_acid
Plate 1	F12	F	12	EVO	H1287	512	4-Hydroxybenzoic acid	Carbon_sources_9_1_09-heinä-2026 14-42-47.txt	organic_acid
Plate 1	G01	G	1	ANC	H1977	0	4-Hydroxybenzoic acid	Carbon_sources_9_1_09-heinä-2026 14-42-47.txt	organic_acid
Plate 1	G02	G	2	EVO	H1977	0	4-Hydroxybenzoic acid	Carbon_sources_9_1_09-heinä-2026 14-42-47.txt	organic_acid
Plate 1	G03	G	3	ANC	H1287	0	4-Hydroxybenzoic acid	Carbon_sources_9_1_09-heinä-2026 14-42-47.txt	organic_acid
Plate 1	G04	G	4	EVO	H1287	0	4-Hydroxybenzoic acid	Carbon_sources_9_1_09-heinä-2026 14-42-47.txt	organic_acid
Plate 1	G05	G	5	blank	blank	blank	blank	Carbon_sources_9_1_09-heinä-2026 14-42-47.txt	NA
Plate 1	G06	G	6	blank	blank	blank	blank	Carbon_sources_9_1_09-heinä-2026 14-42-47.txt	NA
Plate 1	G07	G	7	blank	blank	blank	blank	Carbon_sources_9_1_09-heinä-2026 14-42-47.txt	NA
Plate 1	G08	G	8	blank	blank	blank	blank	Carbon_sources_9_1_09-heinä-2026 14-42-47.txt	NA
Plate 1	G09	G	9	ANC	H1977	10	4-Hydroxybenzoic acid	Carbon_sources_9_1_09-heinä-2026 14-42-47.txt	organic_acid
Plate 1	G10	G	10	EVO	H1977	10	4-Hydroxybenzoic acid	Carbon_sources_9_1_09-heinä-2026 14-42-47.txt	organic_acid
Plate 1	G11	G	11	ANC	H1287	512	4-Hydroxybenzoic acid	Carbon_sources_9_1_09-heinä-2026 14-42-47.txt	organic_acid
Plate 1	G12	G	12	EVO	H1287	512	4-Hydroxybenzoic acid	Carbon_sources_9_1_09-heinä-2026 14-42-47.txt	organic_acid
Plate 1	H01	H	1	ANC	H1977	0	4-Hydroxybenzoic acid	Carbon_sources_9_1_09-heinä-2026 14-42-47.txt	organic_acid
Plate 1	H02	H	2	EVO	H1977	0	4-Hydroxybenzoic acid	Carbon_sources_9_1_09-heinä-2026 14-42-47.txt	organic_acid
Plate 1	H03	H	3	ANC	H1287	0	4-Hydroxybenzoic acid	Carbon_sources_9_1_09-heinä-2026 14-42-47.txt	organic_acid
Plate 1	H04	H	4	EVO	H1287	0	4-Hydroxybenzoic acid	Carbon_sources_9_1_09-heinä-2026 14-42-47.txt	organic_acid
Plate 1	H05	H	5	blank	blank	blank	blank	Carbon_sources_9_1_09-heinä-2026 14-42-47.txt	NA
Plate 1	H06	H	6	blank	blank	blank	blank	Carbon_sources_9_1_09-heinä-2026 14-42-47.txt	NA
Plate 1	H07	H	7	blank	blank	blank	blank	Carbon_sources_9_1_09-heinä-2026 14-42-47.txt	NA
Plate 1	H08	H	8	blank	blank	blank	blank	Carbon_sources_9_1_09-heinä-2026 14-42-47.txt	NA
Plate 1	H09	H	9	ANC	H1977	10	4-Hydroxybenzoic acid	Carbon_sources_9_1_09-heinä-2026 14-42-47.txt	organic_acid
Plate 1	H10	H	10	EVO	H1977	10	4-Hydroxybenzoic acid	Carbon_sources_9_1_09-heinä-2026 14-42-47.txt	organic_acid
Plate 1	H11	H	11	ANC	H1287	512	4-Hydroxybenzoic acid	Carbon_sources_9_1_09-heinä-2026 14-42-47.txt	organic_acid
Plate 1	H12	H	12	EVO	H1287	512	4-Hydroxybenzoic acid	Carbon_sources_9_1_09-heinä-2026 14-42-47.txt	organic_acid
Plate 1	A01	A	1	ANC	H0403	0	starch	Carbon_sources_7_1_06-heinä-2026 09-01-31.txt	sugar
Plate 1	A02	A	2	EVO	H0403	0	starch	Carbon_sources_7_1_06-heinä-2026 09-01-31.txt	sugar
Plate 1	A03	A	3	ANC	H1896	0	starch	Carbon_sources_7_1_06-heinä-2026 09-01-31.txt	sugar
Plate 1	A04	A	4	EVO	H1896	0	starch	Carbon_sources_7_1_06-heinä-2026 09-01-31.txt	sugar
Plate 1	A05	A	5	blank	blank	blank	blank	Carbon_sources_7_1_06-heinä-2026 09-01-31.txt	NA
Plate 1	A06	A	6	blank	blank	blank	blank	Carbon_sources_7_1_06-heinä-2026 09-01-31.txt	NA
Plate 1	A07	A	7	blank	blank	blank	blank	Carbon_sources_7_1_06-heinä-2026 09-01-31.txt	NA
Plate 1	A08	A	8	blank	blank	blank	blank	Carbon_sources_7_1_06-heinä-2026 09-01-31.txt	NA
Plate 1	A09	A	9	ANC	H0403	0	malate	Carbon_sources_7_1_06-heinä-2026 09-01-31.txt	organic_acid
Plate 1	A10	A	10	EVO	H0403	0	malate	Carbon_sources_7_1_06-heinä-2026 09-01-31.txt	organic_acid
Plate 1	A11	A	11	ANC	H1896	0	malate	Carbon_sources_7_1_06-heinä-2026 09-01-31.txt	organic_acid
Plate 1	A12	A	12	EVO	H1896	0	malate	Carbon_sources_7_1_06-heinä-2026 09-01-31.txt	organic_acid
Plate 1	B01	B	1	ANC	H0403	0	starch	Carbon_sources_7_1_06-heinä-2026 09-01-31.txt	sugar
Plate 1	B02	B	2	EVO	H0403	0	starch	Carbon_sources_7_1_06-heinä-2026 09-01-31.txt	sugar
Plate 1	B03	B	3	ANC	H1896	0	starch	Carbon_sources_7_1_06-heinä-2026 09-01-31.txt	sugar
Plate 1	B04	B	4	EVO	H1896	0	starch	Carbon_sources_7_1_06-heinä-2026 09-01-31.txt	sugar
Plate 1	B05	B	5	blank	blank	blank	blank	Carbon_sources_7_1_06-heinä-2026 09-01-31.txt	NA
Plate 1	B06	B	6	blank	blank	blank	blank	Carbon_sources_7_1_06-heinä-2026 09-01-31.txt	NA
Plate 1	B07	B	7	blank	blank	blank	blank	Carbon_sources_7_1_06-heinä-2026 09-01-31.txt	NA
Plate 1	B08	B	8	blank	blank	blank	blank	Carbon_sources_7_1_06-heinä-2026 09-01-31.txt	NA
Plate 1	B09	B	9	ANC	H0403	0	malate	Carbon_sources_7_1_06-heinä-2026 09-01-31.txt	organic_acid
Plate 1	B10	B	10	EVO	H0403	0	malate	Carbon_sources_7_1_06-heinä-2026 09-01-31.txt	organic_acid
Plate 1	B11	B	11	ANC	H1896	0	malate	Carbon_sources_7_1_06-heinä-2026 09-01-31.txt	organic_acid
Plate 1	B12	B	12	EVO	H1896	0	malate	Carbon_sources_7_1_06-heinä-2026 09-01-31.txt	organic_acid
Plate 1	C01	C	1	ANC	H0403	0	starch	Carbon_sources_7_1_06-heinä-2026 09-01-31.txt	sugar
Plate 1	C02	C	2	EVO	H0403	0	starch	Carbon_sources_7_1_06-heinä-2026 09-01-31.txt	sugar
Plate 1	C03	C	3	ANC	H1896	0	starch	Carbon_sources_7_1_06-heinä-2026 09-01-31.txt	sugar
Plate 1	C04	C	4	EVO	H1896	0	starch	Carbon_sources_7_1_06-heinä-2026 09-01-31.txt	sugar
Plate 1	C05	C	5	blank	blank	blank	blank	Carbon_sources_7_1_06-heinä-2026 09-01-31.txt	NA
Plate 1	C06	C	6	blank	blank	blank	blank	Carbon_sources_7_1_06-heinä-2026 09-01-31.txt	NA
Plate 1	C07	C	7	blank	blank	blank	blank	Carbon_sources_7_1_06-heinä-2026 09-01-31.txt	NA
Plate 1	C08	C	8	blank	blank	blank	blank	Carbon_sources_7_1_06-heinä-2026 09-01-31.txt	NA
Plate 1	C09	C	9	ANC	H0403	0	malate	Carbon_sources_7_1_06-heinä-2026 09-01-31.txt	organic_acid
Plate 1	C10	C	10	EVO	H0403	0	malate	Carbon_sources_7_1_06-heinä-2026 09-01-31.txt	organic_acid
Plate 1	C11	C	11	ANC	H1896	0	malate	Carbon_sources_7_1_06-heinä-2026 09-01-31.txt	organic_acid
Plate 1	C12	C	12	EVO	H1896	0	malate	Carbon_sources_7_1_06-heinä-2026 09-01-31.txt	organic_acid
Plate 1	D01	D	1	ANC	H0403	0	starch	Carbon_sources_7_1_06-heinä-2026 09-01-31.txt	sugar
Plate 1	D02	D	2	EVO	H0403	0	starch	Carbon_sources_7_1_06-heinä-2026 09-01-31.txt	sugar
Plate 1	D03	D	3	ANC	H1896	0	starch	Carbon_sources_7_1_06-heinä-2026 09-01-31.txt	sugar
Plate 1	D04	D	4	EVO	H1896	0	starch	Carbon_sources_7_1_06-heinä-2026 09-01-31.txt	sugar
Plate 1	D05	D	5	blank	blank	blank	blank	Carbon_sources_7_1_06-heinä-2026 09-01-31.txt	NA
Plate 1	D06	D	6	blank	blank	blank	blank	Carbon_sources_7_1_06-heinä-2026 09-01-31.txt	NA
Plate 1	D07	D	7	blank	blank	blank	blank	Carbon_sources_7_1_06-heinä-2026 09-01-31.txt	NA
Plate 1	D08	D	8	blank	blank	blank	blank	Carbon_sources_7_1_06-heinä-2026 09-01-31.txt	NA
Plate 1	D09	D	9	ANC	H0403	0	malate	Carbon_sources_7_1_06-heinä-2026 09-01-31.txt	organic_acid
Plate 1	D10	D	10	EVO	H0403	0	malate	Carbon_sources_7_1_06-heinä-2026 09-01-31.txt	organic_acid
Plate 1	D11	D	11	ANC	H1896	0	malate	Carbon_sources_7_1_06-heinä-2026 09-01-31.txt	organic_acid
Plate 1	D12	D	12	EVO	H1896	0	malate	Carbon_sources_7_1_06-heinä-2026 09-01-31.txt	organic_acid
Plate 1	E01	E	1	ANC	H0403	0	starch	Carbon_sources_7_1_06-heinä-2026 09-01-31.txt	sugar
Plate 1	E02	E	2	EVO	H0403	0	starch	Carbon_sources_7_1_06-heinä-2026 09-01-31.txt	sugar
Plate 1	E03	E	3	ANC	H1896	0	starch	Carbon_sources_7_1_06-heinä-2026 09-01-31.txt	sugar
Plate 1	E04	E	4	EVO	H1896	0	starch	Carbon_sources_7_1_06-heinä-2026 09-01-31.txt	sugar
Plate 1	E05	E	5	blank	blank	blank	blank	Carbon_sources_7_1_06-heinä-2026 09-01-31.txt	NA
Plate 1	E06	E	6	blank	blank	blank	blank	Carbon_sources_7_1_06-heinä-2026 09-01-31.txt	NA
Plate 1	E07	E	7	blank	blank	blank	blank	Carbon_sources_7_1_06-heinä-2026 09-01-31.txt	NA
Plate 1	E08	E	8	blank	blank	blank	blank	Carbon_sources_7_1_06-heinä-2026 09-01-31.txt	NA
Plate 1	E09	E	9	ANC	H0403	0	malate	Carbon_sources_7_1_06-heinä-2026 09-01-31.txt	organic_acid
Plate 1	E10	E	10	EVO	H0403	0	malate	Carbon_sources_7_1_06-heinä-2026 09-01-31.txt	organic_acid
Plate 1	E11	E	11	ANC	H1896	0	malate	Carbon_sources_7_1_06-heinä-2026 09-01-31.txt	organic_acid
Plate 1	E12	E	12	EVO	H1896	0	malate	Carbon_sources_7_1_06-heinä-2026 09-01-31.txt	organic_acid
Plate 1	F01	F	1	ANC	H0403	0	starch	Carbon_sources_7_1_06-heinä-2026 09-01-31.txt	sugar
Plate 1	F02	F	2	EVO	H0403	0	starch	Carbon_sources_7_1_06-heinä-2026 09-01-31.txt	sugar
Plate 1	F03	F	3	ANC	H1896	0	starch	Carbon_sources_7_1_06-heinä-2026 09-01-31.txt	sugar
Plate 1	F04	F	4	EVO	H1896	0	starch	Carbon_sources_7_1_06-heinä-2026 09-01-31.txt	sugar
Plate 1	F05	F	5	blank	blank	blank	blank	Carbon_sources_7_1_06-heinä-2026 09-01-31.txt	NA
Plate 1	F06	F	6	blank	blank	blank	blank	Carbon_sources_7_1_06-heinä-2026 09-01-31.txt	NA
Plate 1	F07	F	7	blank	blank	blank	blank	Carbon_sources_7_1_06-heinä-2026 09-01-31.txt	NA
Plate 1	F08	F	8	blank	blank	blank	blank	Carbon_sources_7_1_06-heinä-2026 09-01-31.txt	NA
Plate 1	F09	F	9	ANC	H0403	0	malate	Carbon_sources_7_1_06-heinä-2026 09-01-31.txt	organic_acid
Plate 1	F10	F	10	EVO	H0403	0	malate	Carbon_sources_7_1_06-heinä-2026 09-01-31.txt	organic_acid
Plate 1	F11	F	11	ANC	H1896	0	malate	Carbon_sources_7_1_06-heinä-2026 09-01-31.txt	organic_acid
Plate 1	F12	F	12	EVO	H1896	0	malate	Carbon_sources_7_1_06-heinä-2026 09-01-31.txt	organic_acid
Plate 1	G01	G	1	ANC	H0403	0	starch	Carbon_sources_7_1_06-heinä-2026 09-01-31.txt	sugar
Plate 1	G02	G	2	EVO	H0403	0	starch	Carbon_sources_7_1_06-heinä-2026 09-01-31.txt	sugar
Plate 1	G03	G	3	ANC	H1896	0	starch	Carbon_sources_7_1_06-heinä-2026 09-01-31.txt	sugar
Plate 1	G04	G	4	EVO	H1896	0	starch	Carbon_sources_7_1_06-heinä-2026 09-01-31.txt	sugar
Plate 1	G05	G	5	blank	blank	blank	blank	Carbon_sources_7_1_06-heinä-2026 09-01-31.txt	NA
Plate 1	G06	G	6	blank	blank	blank	blank	Carbon_sources_7_1_06-heinä-2026 09-01-31.txt	NA
Plate 1	G07	G	7	blank	blank	blank	blank	Carbon_sources_7_1_06-heinä-2026 09-01-31.txt	NA
Plate 1	G08	G	8	blank	blank	blank	blank	Carbon_sources_7_1_06-heinä-2026 09-01-31.txt	NA
Plate 1	G09	G	9	ANC	H0403	0	malate	Carbon_sources_7_1_06-heinä-2026 09-01-31.txt	organic_acid
Plate 1	G10	G	10	EVO	H0403	0	malate	Carbon_sources_7_1_06-heinä-2026 09-01-31.txt	organic_acid
Plate 1	G11	G	11	ANC	H1896	0	malate	Carbon_sources_7_1_06-heinä-2026 09-01-31.txt	organic_acid
Plate 1	G12	G	12	EVO	H1896	0	malate	Carbon_sources_7_1_06-heinä-2026 09-01-31.txt	organic_acid
Plate 1	H01	H	1	ANC	H0403	0	starch	Carbon_sources_7_1_06-heinä-2026 09-01-31.txt	sugar
Plate 1	H02	H	2	EVO	H0403	0	starch	Carbon_sources_7_1_06-heinä-2026 09-01-31.txt	sugar
Plate 1	H03	H	3	ANC	H1896	0	starch	Carbon_sources_7_1_06-heinä-2026 09-01-31.txt	sugar
Plate 1	H04	H	4	EVO	H1896	0	starch	Carbon_sources_7_1_06-heinä-2026 09-01-31.txt	sugar
Plate 1	H05	H	5	blank	blank	blank	blank	Carbon_sources_7_1_06-heinä-2026 09-01-31.txt	NA
Plate 1	H06	H	6	blank	blank	blank	blank	Carbon_sources_7_1_06-heinä-2026 09-01-31.txt	NA
Plate 1	H07	H	7	blank	blank	blank	blank	Carbon_sources_7_1_06-heinä-2026 09-01-31.txt	NA
Plate 1	H08	H	8	blank	blank	blank	blank	Carbon_sources_7_1_06-heinä-2026 09-01-31.txt	NA
Plate 1	H09	H	9	ANC	H0403	0	malate	Carbon_sources_7_1_06-heinä-2026 09-01-31.txt	organic_acid
Plate 1	H10	H	10	EVO	H0403	0	malate	Carbon_sources_7_1_06-heinä-2026 09-01-31.txt	organic_acid
Plate 1	H11	H	11	ANC	H1896	0	malate	Carbon_sources_7_1_06-heinä-2026 09-01-31.txt	organic_acid
Plate 1	H12	H	12	EVO	H1896	0	malate	Carbon_sources_7_1_06-heinä-2026 09-01-31.txt	organic_acid
