species	genotype	streptomycin_ug_ml	carbon_source	carbon_class	replicate	growth_rate	carrying_capacity	area_under_growth_curve
H1287	A	0	4-hydroxybenzoic acid	organic_acid	A	1.3598685225319607	0.17741666666666667	5.761665277777778
H1287	A	0	4-hydroxybenzoic acid	organic_acid	B	1.6259144997388317	0.1495	5.251422222222223
H1287	A	0	4-hydroxybenzoic acid	organic_acid	C	1.3385019107863279	0.1494166666666667	5.197115277777778
H1287	A	0	4-hydroxybenzoic acid	organic_acid	D	1.6959308743635226	0.14408333333333334	4.62405138888889
H1287	A	0	4-hydroxybenzoic acid	organic_acid	E	1.7552471892204897	0.18875	6.132044444444444
H1287	A	0	4-hydroxybenzoic acid	organic_acid	F	1.7187783878184213	0.1625	5.150672222222223
H1287	A	0	4-hydroxybenzoic acid	organic_acid	G	2.0064841289041437	0.16524999999999998	5.436097222222223
H1287	A	0	4-hydroxybenzoic acid	organic_acid	H	1.3290443142315278	0.1940833333333333	6.934609722222222
H1287	A	0	4-hydroxybenzoic acid	organic_acid	I	1.0540507937591996	0.16699999999999998	4.2064263888888895
H1287	A	0	4-hydroxybenzoic acid	organic_acid	J	1.277319312310903	0.1400833333333333	4.052518055555555
H1287	A	0	4-hydroxybenzoic acid	organic_acid	K	1.2981398508475765	0.1195	3.956961111111111
H1287	A	0	4-hydroxybenzoic acid	organic_acid	L	1.4641592499944078	0.14025	5.129181944444444
H1287	A	0	4-hydroxybenzoic acid	organic_acid	M	1.1085138034323516	0.15620000000000003	5.592394444444445
H1287	A	0	4-hydroxybenzoic acid	organic_acid	N	1.1414388628235812	0.15240000000000004	5.391205555555556
H1287	A	0	4-hydroxybenzoic acid	organic_acid	O	1.2300761400861944	0.1531666666666667	5.08578888888889
H1287	A	0	4-hydroxybenzoic acid	organic_acid	P	1.1196012420862078	0.16100000000000003	5.705272222222223
H1287	A	0	arabinose	sugar	A	1.4876099095677986	0.56535	17.3000875
H1287	A	0	arabinose	sugar	B	2.355622308693786	0.46524999999999994	15.345791666666667
H1287	A	0	arabinose	sugar	C	1.5660702505264166	0.5433333333333333	16.751705555555557
H1287	A	0	arabinose	sugar	D	1.590403374269937	0.5266666666666667	16.459227777777777
H1287	A	0	arabinose	sugar	E	1.8641487720443706	0.52675	15.374491666666668
H1287	A	0	arabinose	sugar	F	1.5037067269532207	0.41875000000000007	14.103261111111111
H1287	A	0	arabinose	sugar	G	1.7829877408670949	0.4524499999999999	15.888119444444444
H1287	A	0	arabinose	sugar	H	2.02604537696819	0.49115	16.891180555555557
H1287	A	0	cellobiose	sugar	A	1.4332688903773487	0.5684166666666668	17.591098611111114
H1287	A	0	cellobiose	sugar	B	1.3229516020949603	0.5433	16.767255555555558
H1287	A	0	cellobiose	sugar	C	1.4230424713649492	0.44435	13.636054166666668
H1287	A	0	cellobiose	sugar	D	1.498021406619401	0.48335	14.372343055555556
H1287	A	0	cellobiose	sugar	E	1.7473998578720205	0.4695	14.349377777777779
H1287	A	0	cellobiose	sugar	F	1.2462016802852198	0.46955	14.872004166666667
H1287	A	0	cellobiose	sugar	G	1.649852494398928	0.49255	15.410559722222223
H1287	A	0	cellobiose	sugar	H	1.2600111873785107	0.5189	16.721566666666668
H1287	A	0	cellobiose	sugar	I	1.419911864566961	0.481	16.436527777777776
H1287	A	0	cellobiose	sugar	J	1.2347847688090274	0.5743333333333333	17.79388888888889
H1287	A	0	cellobiose	sugar	K	1.416127164462222	0.46824999999999994	15.990366666666668
H1287	A	0	cellobiose	sugar	L	1.3024002161748658	0.5190833333333333	16.653347222222223
H1287	A	0	cellobiose	sugar	M	1.6450125916464557	0.46224999999999994	15.771166666666668
H1287	A	0	cellobiose	sugar	N	1.7326791635278926	0.5165500000000001	16.720593055555558
H1287	A	0	cellobiose	sugar	O	1.3865069423687	0.44100000000000006	15.074027777777777
H1287	A	0	cellobiose	sugar	P	1.3240230578990968	0.51125	16.489533333333334
H1287	A	0	cellobiose	sugar	Q	1.511767465562673	0.45050000000000007	15.141566666666668
H1287	A	0	cellobiose	sugar	R	1.7281346204334531	0.5156666666666667	16.622511111111113
H1287	A	0	cellobiose	sugar	S	1.346087398361975	0.4305000000000001	14.54818888888889
H1287	A	0	cellobiose	sugar	T	1.4025420820864978	0.51375	16.635755555555555
H1287	A	0	cellobiose	sugar	U	1.6717355339025157	0.4802499999999999	16.202393055555557
H1287	A	0	cellobiose	sugar	V	1.4394672055505617	0.5241	16.806
H1287	A	0	cellobiose	sugar	W	1.4970166263635525	0.48375	16.336404166666664
H1287	A	0	cellobiose	sugar	X	1.8572251424660786	0.582	17.8942
H1287	A	0	citric acid	organic_acid	A	1.1692527484755153	0.6050833333333333	21.607393055555555
H1287	A	0	citric acid	organic_acid	B	1.181059438661296	0.5983333333333333	21.14703888888889
H1287	A	0	citric acid	organic_acid	C	1.3263612104386395	0.54225	19.85461527777778
H1287	A	0	citric acid	organic_acid	D	1.1154360154117529	0.586	20.841183333333333
H1287	A	0	citric acid	organic_acid	E	1.0738563913567467	0.6013333333333333	20.988355555555557
H1287	A	0	citric acid	organic_acid	F	1.0790330706283164	0.57	20.3743
H1287	A	0	citric acid	organic_acid	G	1.3090533622985716	0.5872499999999999	20.858131944444445
H1287	A	0	citric acid	organic_acid	H	1.2521707570170915	0.5731666666666666	20.589072222222224
H1287	A	0	d-mannitol	sugar	A	1.4361941112598968	0.33380000000000004	12.397355555555556
H1287	A	0	d-mannitol	sugar	B	1.4743587076764777	0.32675	12.339726388888888
H1287	A	0	d-mannitol	sugar	C	1.4784223955871976	0.3436	13.259705555555556
H1287	A	0	d-mannitol	sugar	D	1.8059325173979284	0.35869999999999996	14.025594444444446
H1287	A	0	d-mannitol	sugar	E	1.514411123239683	0.37995	14.582220833333334
H1287	A	0	d-mannitol	sugar	F	1.8736655669911555	0.37144999999999995	14.263443055555555
H1287	A	0	d-mannitol	sugar	G	1.5307362565271336	0.3779499999999999	14.616909722222221
H1287	A	0	d-mannitol	sugar	H	1.4873046661225358	0.3772	14.576
H1287	A	0	d-mannitol	sugar	I	1.339699184004938	0.451	15.728266666666668
H1287	A	0	d-mannitol	sugar	J	1.8330278001547937	0.38869999999999993	13.898216666666666
H1287	A	0	d-mannitol	sugar	K	1.7747518014445234	0.3887	13.570633333333333
H1287	A	0	d-mannitol	sugar	L	1.778348834721931	0.4055	14.28742777777778
H1287	A	0	d-mannitol	sugar	M	1.4254002042703675	0.39495	13.612370833333333
H1287	A	0	d-mannitol	sugar	N	1.756343576070047	0.4135	14.2543
H1287	A	0	d-mannitol	sugar	O	2.006943457496965	0.43085	15.06808611111111
H1287	A	0	d-mannitol	sugar	P	1.888135284959468	0.44345	15.492309722222222
H1287	A	0	dl-aspartic acid	amino_acid	A	1.4794619280860444	0.577	17.903183333333335
H1287	A	0	dl-aspartic acid	amino_acid	B	1.5266934316105134	0.4890000000000001	13.131394444444446
H1287	A	0	dl-aspartic acid	amino_acid	C	1.5842916303077696	0.37935	13.578219444444445
H1287	A	0	dl-aspartic acid	amino_acid	D	1.4133081779077443	0.41545	11.658984722222222
H1287	A	0	dl-aspartic acid	amino_acid	E	1.1750115246273631	0.5794	17.663677777777778
H1287	A	0	dl-aspartic acid	amino_acid	F	1.2903276855003931	0.41115000000000007	11.802098611111111
H1287	A	0	dl-aspartic acid	amino_acid	G	1.3868388654257047	0.4148	13.113144444444444
H1287	A	0	dl-aspartic acid	amino_acid	H	2.1488702753089215	0.38025	12.474087500000001
H1287	A	0	glucose	sugar	A	1.568612930972196	0.32034999999999997	11.862015277777777
H1287	A	0	glucose	sugar	B	1.58669147390564	0.30494999999999994	11.462543055555555
H1287	A	0	glucose	sugar	C	1.5087089340065276	0.30665000000000003	12.072577777777777
H1287	A	0	glucose	sugar	D	1.5556896716049877	0.30034999999999995	12.073370833333334
H1287	A	0	glucose	sugar	E	1.9226289738947842	0.3041	12.252944444444445
H1287	A	0	glucose	sugar	F	1.3875427068697757	0.29819999999999997	12.139855555555556
H1287	A	0	glucose	sugar	G	2.2020059923987763	0.30624999999999997	12.259397222222221
H1287	A	0	glucose	sugar	H	1.5374828131821154	0.30874999999999997	12.340076388888887
H1287	A	0	glycine	amino_acid	A	1.254632860265201	0.097	2.424388888888889
H1287	A	0	glycine	amino_acid	B	1.2812113078214578	0.068	1.7100166666666667
H1287	A	0	glycine	amino_acid	C	1.8687302145973765	0.03725	1.4774375
H1287	A	0	glycine	amino_acid	D	2.061785994943249	0.03625	1.3416972222222219
H1287	A	0	glycine	amino_acid	E	1.230279289872862	0.0355	1.3351083333333331
H1287	A	0	glycine	amino_acid	F	1.900448541377007	0.03625	1.377109722222222
H1287	A	0	glycine	amino_acid	G	1.2175595099791547	0.06675	1.8484041666666668
H1287	A	0	glycine	amino_acid	H	1.1981359145888295	0.0875	1.9583083333333333
H1287	A	0	glycolic acid	organic_acid	A	1.4604824105577734	0.11500000000000002	3.8767597222222228
H1287	A	0	glycolic acid	organic_acid	B	1.135405352057506	0.08499999999999999	3.4345
H1287	A	0	glycolic acid	organic_acid	C	1.212113167270251	0.11250000000000002	3.2473819444444447
H1287	A	0	glycolic acid	organic_acid	D	1.3066921010483192	0.10383333333333336	3.2178666666666667
H1287	A	0	glycolic acid	organic_acid	E	1.4149246653245002	0.0669	2.69295
H1287	A	0	glycolic acid	organic_acid	F	1.3784454387445388	0.0917	3.580261111111111
H1287	A	0	glycolic acid	organic_acid	G	1.1653377011511978	0.10666666666666667	3.380544444444445
H1287	A	0	glycolic acid	organic_acid	H	1.2058060013334801	0.09795	3.4058819444444444
H1287	A	0	histidine	amino_acid	A	1.1107977864715142	0.5352	14.365944444444445
H1287	A	0	histidine	amino_acid	B	1.1450819558234755	0.42075	7.831704166666667
H1287	A	0	histidine	amino_acid	C	1.643564935693518	0.41430000000000006	9.048311111111111
H1287	A	0	histidine	amino_acid	D	1.1527253081940991	0.41415	12.149531944444446
H1287	A	0	histidine	amino_acid	E	1.2469169958583808	0.4143500000000001	12.542519444444446
H1287	A	0	histidine	amino_acid	F	1.127344633512166	0.3695500000000001	9.015634722222224
H1287	A	0	histidine	amino_acid	G	1.6469684979164583	0.35675	10.156033333333333
H1287	A	0	histidine	amino_acid	H	1.1948216574635269	0.46974999999999995	12.777070833333333
H1287	A	0	l-alanine	amino_acid	A	1.1731225228116875	0.4586666666666667	11.188705555555556
H1287	A	0	l-alanine	amino_acid	B	1.2674238238308528	0.4086666666666667	10.662861111111113
H1287	A	0	l-alanine	amino_acid	C	1.2170809127211726	0.4138333333333334	11.100969444444445
H1287	A	0	l-alanine	amino_acid	D	1.2666068774963628	0.4173333333333334	11.40368888888889
H1287	A	0	l-alanine	amino_acid	E	1.1946797931328494	0.4153333333333334	11.20133888888889
H1287	A	0	l-alanine	amino_acid	F	1.609330114988742	0.40858333333333335	11.583520833333333
H1287	A	0	l-alanine	amino_acid	G	1.4979750269654117	0.29774999999999996	8.945429166666667
H1287	A	0	l-alanine	amino_acid	H	1.063363489787452	0.303	9.144194444444445
H1287	A	0	l-asparagine	amino_acid	A	1.8193178759709594	0.18124999999999997	6.33174861111111
H1287	A	0	l-asparagine	amino_acid	B	1.26023355102543	0.1774	6.601333333333334
H1287	A	0	l-asparagine	amino_acid	C	1.6281088514290822	0.18104999999999996	7.0602874999999985
H1287	A	0	l-asparagine	amino_acid	D	1.532277992770745	0.17454999999999996	6.774218055555554
H1287	A	0	l-asparagine	amino_acid	E	1.6710705882297425	0.1943	7.287405555555555
H1287	A	0	l-asparagine	amino_acid	F	1.2935106450285232	0.2012	7.084672222222222
H1287	A	0	l-asparagine	amino_acid	G	1.3540387469570365	0.19855	7.428387499999999
H1287	A	0	l-asparagine	amino_acid	H	1.331961141191909	0.20495	7.1178875
H1287	A	0	l-asparagine	amino_acid	I	1.1150460088308347	0.5444	14.303222222222223
H1287	A	0	l-asparagine	amino_acid	J	1.4976918304427205	0.41025	11.0198
H1287	A	0	l-asparagine	amino_acid	K	1.3486257056374737	0.4256666666666667	11.0935
H1287	A	0	l-asparagine	amino_acid	L	1.4954974728420565	0.51125	13.556298611111112
H1287	A	0	l-asparagine	amino_acid	M	1.494748404110651	0.36495	10.226056944444444
H1287	A	0	l-asparagine	amino_acid	N	1.2422617444997928	0.47775	13.57122638888889
H1287	A	0	l-asparagine	amino_acid	O	1.5557330288373767	0.382	11.279920833333334
H1287	A	0	l-asparagine	amino_acid	P	1.2440383408998377	0.59455	15.424531944444446
H1287	A	0	l-cysteine	amino_acid	A	1.1669560247561548	0.23259999999999997	7.406883333333334
H1287	A	0	l-cysteine	amino_acid	B	1.6245400086919723	0.22565	7.140598611111112
H1287	A	0	l-cysteine	amino_acid	C	1.2777952050329486	0.23034999999999997	7.511370833333333
H1287	A	0	l-cysteine	amino_acid	D	1.4389730789246256	0.14858333333333332	5.1015875
H1287	A	0	l-cysteine	amino_acid	E	1.157031185501388	0.2166	7.741894444444445
H1287	A	0	l-cysteine	amino_acid	F	1.2479152735410335	0.2356	8.407261111111112
H1287	A	0	l-cysteine	amino_acid	G	1.279452376929174	0.2446	8.27971111111111
H1287	A	0	l-cysteine	amino_acid	H	1.5628047088629042	0.27485	9.063104166666667
H1287	A	0	l-cysteine	amino_acid	I	1.5774960488420782	0.19591666666666668	5.646909722222222
H1287	A	0	l-cysteine	amino_acid	J	1.3185112967983024	0.1124	3.9744611111111108
H1287	A	0	l-cysteine	amino_acid	K	1.3880610554454387	0.22516666666666665	6.561638888888889
H1287	A	0	l-cysteine	amino_acid	L	1.2638339690947442	0.24755	7.294220833333333
H1287	A	0	l-cysteine	amino_acid	M	1.0846024922977768	0.2432	7.5189666666666675
H1287	A	0	l-cysteine	amino_acid	N	1.284859272953767	0.13883333333333334	4.172161111111111
H1287	A	0	l-cysteine	amino_acid	O	1.125905797630826	0.1416	5.087027777777778
H1287	A	0	l-cysteine	amino_acid	P	1.3814210300150513	0.14400000000000002	5.182255555555556
H1287	A	0	l-glutamine	amino_acid	A	1.2445618866128905	0.2116666666666667	6.163916666666667
H1287	A	0	l-glutamine	amino_acid	B	1.3417392159761692	0.33330000000000004	9.280677777777779
H1287	A	0	l-glutamine	amino_acid	C	1.2930212574904696	0.34825	9.702609722222222
H1287	A	0	l-glutamine	amino_acid	D	1.6448620898990365	0.4802	10.763605555555557
H1287	A	0	l-glutamine	amino_acid	E	0.427860035502432	0.2909	6.818438888888889
H1287	A	0	l-glutamine	amino_acid	F	1.2339115604713813	0.33854999999999996	9.026554166666665
H1287	A	0	l-glutamine	amino_acid	G	1.6575854173481328	0.42265	10.959898611111111
H1287	A	0	l-glutamine	amino_acid	H	1.3330735912220604	0.4841	13.009400000000001
H1287	A	0	l-glutamine	amino_acid	I	1.4554554801844983	0.3977500000000001	10.621476388888889
H1287	A	0	l-glutamine	amino_acid	J	1.487276249692018	0.5520833333333334	14.91417638888889
H1287	A	0	l-glutamine	amino_acid	K	1.5990240616763274	0.42405	11.22211388888889
H1287	A	0	l-glutamine	amino_acid	L	1.1821112300380456	0.526	14.916761111111112
H1287	A	0	l-glutamine	amino_acid	M	1.5044797708847186	0.0097	0.1798777777777778
H1287	A	0	l-glutamine	amino_acid	N	1.1809238853637727	0.6804	15.040627777777779
H1287	A	0	l-glutamine	amino_acid	O	1.7472241325813078	0.4291	12.013211111111112
H1287	A	0	l-glutamine	amino_acid	P	1.562859977030304	0.5233333333333333	11.712605555555557
H1287	A	0	l-isoleucine	amino_acid	A	1.9891349193261647	0.06114999999999999	2.143824999999999
H1287	A	0	l-isoleucine	amino_acid	B	1.7647351825986421	0.037	0.9811916666666664
H1287	A	0	l-isoleucine	amino_acid	C	1.4851003768578586	0.07525000000000001	2.046188888888889
H1287	A	0	l-isoleucine	amino_acid	D	1.7619367256027438	0.06505	1.7853249999999998
H1287	A	0	l-isoleucine	amino_acid	E	1.1772850201416594	0.07275000000000001	2.0833875
H1287	A	0	l-isoleucine	amino_acid	F	1.4250650270263447	0.05150000000000002	1.374927777777778
H1287	A	0	l-isoleucine	amino_acid	G	1.4690990029821194	0.02369999999999999	0.9966944444444441
H1287	A	0	l-isoleucine	amino_acid	H	1.4153386903625338	0.02409999999999999	0.9985499999999997
H1287	A	0	l-methionine	amino_acid	A	1.7630928458038924	0.10016666666666668	3.447855555555556
H1287	A	0	l-methionine	amino_acid	B	1.3137007491139336	0.07375000000000001	2.545154166666667
H1287	A	0	l-methionine	amino_acid	C	1.1483033225111823	0.05166666666666669	1.6753611111111113
H1287	A	0	l-methionine	amino_acid	D	1.5861294417987095	0.04345000000000001	1.4730152777777776
H1287	A	0	l-methionine	amino_acid	E	1.2903446520894917	0.05755	1.9485430555555552
H1287	A	0	l-methionine	amino_acid	F	1.7007219435753216	0.06670000000000001	2.1737
H1287	A	0	l-methionine	amino_acid	G	1.7134655535236147	0.06785000000000001	2.4915319444444446
H1287	A	0	l-methionine	amino_acid	H	1.4632016593502815	0.0665	2.0985777777777774
H1287	A	0	l-proline	amino_acid	A	1.3021383384576997	0.4407500000000001	13.417554166666669
H1287	A	0	l-proline	amino_acid	B	1.7632548687084102	0.45424999999999993	13.203698611111111
H1287	A	0	l-proline	amino_acid	C	1.3069030939772097	0.4357500000000001	12.784954166666667
H1287	A	0	l-proline	amino_acid	D	1.4651042609815548	0.44855000000000006	12.778240277777778
H1287	A	0	l-proline	amino_acid	E	1.3098771126700446	0.4251500000000001	12.221259722222223
H1287	A	0	l-proline	amino_acid	F	1.3015741671907926	0.4233333333333334	12.34088888888889
H1287	A	0	l-proline	amino_acid	G	1.3579309422286088	0.37416666666666665	10.896955555555556
H1287	A	0	l-proline	amino_acid	H	1.1697819874996107	0.44641666666666663	12.139048611111113
H1287	A	0	l-valine	amino_acid	A	1.2665277104394654	0.08055000000000001	3.149843055555556
H1287	A	0	l-valine	amino_acid	B	1.4643702337860809	0.07410000000000001	3.047505555555556
H1287	A	0	l-valine	amino_acid	C	1.5957991677628511	0.09004999999999998	3.5256152777777774
H1287	A	0	l-valine	amino_acid	D	1.5692382445599318	0.08554999999999999	3.367740277777778
H1287	A	0	l-valine	amino_acid	E	1.6331954803675366	0.09965	3.713004166666667
H1287	A	0	l-valine	amino_acid	F	1.250776848408193	0.07415000000000001	3.0403875000000005
H1287	A	0	l-valine	amino_acid	G	1.5691644054435472	0.08075	3.3596125
H1287	A	0	l-valine	amino_acid	H	1.1705851546223582	0.0998	3.525094444444445
H1287	A	0	lactic acid	organic_acid	A	1.755501498067444	0.27975	7.985468055555555
H1287	A	0	lactic acid	organic_acid	B	1.367806591553564	0.27194999999999997	8.673720833333332
H1287	A	0	lactic acid	organic_acid	C	1.6867768582752347	0.2635	7.919211111111111
H1287	A	0	lactic acid	organic_acid	D	1.7789119612658182	0.24815	7.9423458333333325
H1287	A	0	lactic acid	organic_acid	E	1.7440838118337092	0.25005	8.169765277777778
H1287	A	0	lactic acid	organic_acid	F	1.4138693672297304	0.2483	7.829186111111111
H1287	A	0	lactic acid	organic_acid	G	1.6937966845684589	0.2527	7.984711111111111
H1287	A	0	lactic acid	organic_acid	H	1.28951769745725	0.2544	8.101066666666666
H1287	A	0	lactic acid	organic_acid	I	1.7391094118290165	0.34425000000000006	9.746098611111112
H1287	A	0	lactic acid	organic_acid	J	1.6669836854705748	0.3115	9.261094444444446
H1287	A	0	lactic acid	organic_acid	K	1.4393996479312057	0.3044166666666666	9.838681944444446
H1287	A	0	lactic acid	organic_acid	L	1.3585451861583924	0.4303333333333334	12.414355555555556
H1287	A	0	lactic acid	organic_acid	M	1.1989652129673811	0.43108333333333343	12.678868055555556
H1287	A	0	lactic acid	organic_acid	N	1.6297225949382792	0.3975	12.528444444444444
H1287	A	0	lactic acid	organic_acid	O	1.651409135297196	0.4338333333333334	12.830950000000001
H1287	A	0	lactic acid	organic_acid	P	1.779195062740271	0.4535833333333333	13.0501375
H1287	A	0	leucine	amino_acid	A	1.377958995687223	0.11975	4.428754166666667
H1287	A	0	leucine	amino_acid	B	1.336654374442042	0.15934999999999996	5.660054166666666
H1287	A	0	leucine	amino_acid	C	1.2995116750370006	0.1688	5.895066666666668
H1287	A	0	leucine	amino_acid	D	1.3670216122685137	0.13474999999999998	4.6822875
H1287	A	0	leucine	amino_acid	E	1.762020217555813	0.1221	3.938444444444445
H1287	A	0	leucine	amino_acid	F	2.0889924942608844	0.11758333333333332	4.147869444444445
H1287	A	0	leucine	amino_acid	G	1.8440877519788472	0.1927	7.038027777777778
H1287	A	0	leucine	amino_acid	H	2.20145592100632	0.15525000000000003	6.072347222222223
H1287	A	0	malate	organic_acid	A	1.3280238058261726	0.2411	9.031919444444444
H1287	A	0	malate	organic_acid	B	1.2950481220762375	0.2274	8.695833333333333
H1287	A	0	malate	organic_acid	C	1.4397053918814529	0.23075	8.869554166666667
H1287	A	0	malate	organic_acid	D	1.558853135226163	0.2335	8.954525
H1287	A	0	malate	organic_acid	E	1.3790113439013636	0.2388	9.184683333333334
H1287	A	0	malate	organic_acid	F	1.4405491999979894	0.24295	9.339754166666667
H1287	A	0	malate	organic_acid	G	1.402775630698698	0.24775	9.450570833333334
H1287	A	0	malate	organic_acid	H	1.5318405469320604	0.25175	9.554070833333332
H1287	A	0	malonic acid	organic_acid	A	1.1775996662314838	0.23059999999999997	6.898388888888889
H1287	A	0	malonic acid	organic_acid	B	1.3619382848620296	0.24058333333333332	7.0304875000000004
H1287	A	0	malonic acid	organic_acid	C	1.1635906506885767	0.2590833333333334	7.692126388888889
H1287	A	0	malonic acid	organic_acid	D	1.1117102624540804	0.2670833333333334	8.255459722222223
H1287	A	0	malonic acid	organic_acid	E	1.2845567539262648	0.27385	8.749393055555556
H1287	A	0	malonic acid	organic_acid	F	1.1004908636642015	0.27015000000000006	9.023231944444445
H1287	A	0	malonic acid	organic_acid	G	1.2702400935241407	0.2885	8.609677777777778
H1287	A	0	malonic acid	organic_acid	H	1.1575599133402774	0.29694999999999994	9.231737500000001
H1287	A	0	phenylalanine	amino_acid	A	1.9634982147723719	0.1569166666666667	4.416975
H1287	A	0	phenylalanine	amino_acid	B	1.310000377854473	0.09655	3.6182708333333333
H1287	A	0	phenylalanine	amino_acid	C	1.2504843992014103	0.1716	5.4120333333333335
H1287	A	0	phenylalanine	amino_acid	D	1.5008922094573027	0.14835	4.553070833333334
H1287	A	0	phenylalanine	amino_acid	E	1.6677950829051926	0.17629999999999998	6.328166666666667
H1287	A	0	phenylalanine	amino_acid	F	1.295650274848181	0.1864	5.738166666666666
H1287	A	0	phenylalanine	amino_acid	G	1.2949508880737153	0.12525	4.234654166666667
H1287	A	0	phenylalanine	amino_acid	H	1.7335490186452311	0.1565	5.03535
H1287	A	0	pyruvic acid	organic_acid	A	1.6139131166131524	0.48008333333333336	14.85201388888889
H1287	A	0	pyruvic acid	organic_acid	B	1.8449466435695296	0.4605833333333333	14.511304166666667
H1287	A	0	pyruvic acid	organic_acid	C	1.3175813064521567	0.4636666666666666	14.517744444444444
H1287	A	0	pyruvic acid	organic_acid	D	1.3230424046934899	0.357	12.379666666666667
H1287	A	0	pyruvic acid	organic_acid	E	1.8420811497599328	0.4655833333333333	14.578154166666666
H1287	A	0	pyruvic acid	organic_acid	F	1.219575358835263	0.4683333333333333	14.630555555555556
H1287	A	0	pyruvic acid	organic_acid	G	1.7097627491206688	0.4418333333333333	14.532083333333334
H1287	A	0	pyruvic acid	organic_acid	H	1.3567503484554007	0.467	14.610916666666668
H1287	A	0	salicylic acid	organic_acid	A	1.494900779589269	2.500000000000002e-4	0.008490277777777784
H1287	A	0	salicylic acid	organic_acid	B	0.7886725129455785	0.00169999999999998	0.023861111111110986
H1287	A	0	salicylic acid	organic_acid	C	0.6085713712013239	0.00214999999999998	0.04787916666666647
H1287	A	0	salicylic acid	organic_acid	D	0.8683245508606103	0.00314999999999998	0.033212499999999937
H1287	A	0	salicylic acid	organic_acid	E	0.6078650936600951	0.00384999999999998	0.0946791666666658
H1287	A	0	salicylic acid	organic_acid	F	0.42625055789827454	0.0039	0.04719444444444446
H1287	A	0	salicylic acid	organic_acid	G	0.27353838349975	0.008	0.13335
H1287	A	0	salicylic acid	organic_acid	H	0.8665319444011023	0.00604999999999999	0.05916249999999965
H1287	A	0	serine	amino_acid	A	2.007075764717895	0.66825	17.246098611111112
H1287	A	0	serine	amino_acid	B	2.2179492743991633	0.5009166666666667	14.033675
H1287	A	0	serine	amino_acid	C	1.5691248960140973	0.46775	13.901687500000001
H1287	A	0	serine	amino_acid	D	1.5865832025997804	0.46775	14.305070833333335
H1287	A	0	serine	amino_acid	E	1.606705585446119	0.40375000000000005	13.726565277777778
H1287	A	0	serine	amino_acid	F	2.2696739492224873	0.478	15.037225
H1287	A	0	serine	amino_acid	G	1.8590145328411112	0.5680833333333334	16.004580555555556
H1287	A	0	serine	amino_acid	H	2.3514101188619754	0.64425	17.544797222222222
H1287	A	0	shikimic acid	organic_acid	A	1.2838825977025876	0.1792	5.673333333333334
H1287	A	0	shikimic acid	organic_acid	B	1.7015141523335018	0.12416666666666666	4.455405555555556
H1287	A	0	shikimic acid	organic_acid	C	1.7459954519408012	0.12183333333333334	4.227783333333334
H1287	A	0	shikimic acid	organic_acid	D	1.714703997897719	0.14970000000000003	5.390405555555556
H1287	A	0	shikimic acid	organic_acid	E	1.276889159395791	0.1074	4.033105555555555
H1287	A	0	shikimic acid	organic_acid	F	1.3230550312207257	0.14915	4.663493055555556
H1287	A	0	shikimic acid	organic_acid	G	1.2815598036012086	0.12966666666666668	4.3916611111111115
H1287	A	0	shikimic acid	organic_acid	H	1.5319935417018442	0.14415000000000003	5.026630555555556
H1287	A	0	sodium acetate	organic_acid	A	0.8561185672324436	0.276	6.434516666666667
H1287	A	0	sodium acetate	organic_acid	B	0.8355060125629383	0.2294	5.881605555555556
H1287	A	0	sodium acetate	organic_acid	C	0.8428050866877141	0.24508333333333332	6.4327097222222225
H1287	A	0	sodium acetate	organic_acid	D	1.1950361070527693	0.24916666666666668	5.9993388888888894
H1287	A	0	sodium acetate	organic_acid	E	0.8372169656107694	0.21900000000000003	5.708777777777779
H1287	A	0	sodium acetate	organic_acid	F	0.7880519148737603	0.25880000000000003	6.464261111111112
H1287	A	0	sodium acetate	organic_acid	G	0.8329656767334094	0.26608333333333334	6.634459722222222
H1287	A	0	sodium acetate	organic_acid	H	0.8465815525539693	0.29241666666666666	6.931048611111111
H1287	A	0	starch	sugar	A	1.1768261379892195	0.28859999999999997	8.365516666666666
H1287	A	0	starch	sugar	B	1.8279907141860778	0.17075	5.050197222222223
H1287	A	0	starch	sugar	C	1.6249766736046833	0.2525	8.238211111111111
H1287	A	0	starch	sugar	D	1.2253747945784026	0.17825	5.473777777777778
H1287	A	0	starch	sugar	E	1.1384226791155958	0.2022	6.677322222222222
H1287	A	0	starch	sugar	F	1.1299484380397342	0.27575000000000005	7.064711111111111
H1287	A	0	starch	sugar	G	1.2423173896197839	0.275	8.219983333333333
H1287	A	0	starch	sugar	H	1.632267704034941	0.25425	7.994166666666667
H1287	A	0	succinic acid	organic_acid	A	1.2269846440578296	0.3830833333333334	11.321526388888888
H1287	A	0	succinic acid	organic_acid	B	1.2753804821624062	0.32916666666666666	9.15825277777778
H1287	A	0	succinic acid	organic_acid	C	1.3852689904284363	0.33508333333333334	9.920176388888889
H1287	A	0	succinic acid	organic_acid	D	1.792462531059279	0.38283333333333336	11.424216666666668
H1287	A	0	succinic acid	organic_acid	E	1.413746540301391	0.407	11.624472222222224
H1287	A	0	succinic acid	organic_acid	F	1.4488467806303478	0.4046666666666667	11.443455555555555
H1287	A	0	succinic acid	organic_acid	G	2.0282332671786496	0.40691666666666665	11.669841666666667
H1287	A	0	succinic acid	organic_acid	H	1.5749833752428277	0.4114166666666667	11.807986111111111
H1287	A	0	sucrose	sugar	A	2.088065264644891	0.20765000000000003	6.766380555555555
H1287	A	0	sucrose	sugar	B	1.3426891936567749	0.1918	6.928944444444444
H1287	A	0	sucrose	sugar	C	1.8358230920081982	0.1383	5.146116666666667
H1287	A	0	sucrose	sugar	D	1.4045609237173424	0.17334999999999998	6.004109722222221
H1287	A	0	sucrose	sugar	E	1.3748568077097367	0.21308333333333335	7.849643055555556
H1287	A	0	sucrose	sugar	F	2.102967061977573	0.14765000000000003	5.724669444444445
H1287	A	0	sucrose	sugar	G	1.4012301478207372	0.14655	5.314426388888889
H1287	A	0	sucrose	sugar	H	1.3789973740954988	0.22295	7.914804166666666
H1287	A	0	taurine	amino_acid	A	1.268405128184428	0.10741666666666666	3.474381944444444
H1287	A	0	taurine	amino_acid	B	1.201941290047077	0.0964	3.695377777777778
H1287	A	0	taurine	amino_acid	C	1.245323189923786	0.16754999999999998	6.300720833333333
H1287	A	0	taurine	amino_acid	D	1.276926192336427	0.14400000000000002	4.451833333333333
H1287	A	0	taurine	amino_acid	E	1.6188854001985407	0.09683333333333334	3.841666666666667
H1287	A	0	taurine	amino_acid	F	1.7680532983494894	0.15705000000000002	5.730293055555556
H1287	A	0	taurine	amino_acid	G	1.219482871425687	0.1318	4.679466666666666
H1287	A	0	taurine	amino_acid	H	1.224887672827952	0.14375000000000002	4.391470833333334
H1287	A	0	threonine	amino_acid	A	1.6784264247378031	0.30191666666666667	6.808793055555556
H1287	A	0	threonine	amino_acid	B	1.283526719583345	0.2524166666666666	6.590765277777777
H1287	A	0	threonine	amino_acid	C	1.1744876699721332	0.32866666666666666	7.596011111111111
H1287	A	0	threonine	amino_acid	D	1.2283454385492791	0.45175	10.643620833333335
H1287	A	0	threonine	amino_acid	E	1.266911112924207	0.4835	12.134081944444445
H1287	A	0	threonine	amino_acid	F	1.6080784355631392	0.4752499999999999	12.885666666666667
H1287	A	0	threonine	amino_acid	G	1.709650566173015	0.46075	12.167311111111111
H1287	A	0	threonine	amino_acid	H	1.1164821623931853	0.3993333333333334	11.147905555555557
H1287	A	0	xylose	sugar	A	1.4809798290214757	0.33725	11.969754166666666
H1287	A	0	xylose	sugar	B	1.8438760109018706	0.3963	13.428500000000001
H1287	A	0	xylose	sugar	C	2.1487350955653004	0.39885	13.468069444444446
H1287	A	0	xylose	sugar	D	1.4672913743543592	0.32499999999999996	11.695270833333332
H1287	A	0	xylose	sugar	E	1.4425666479494665	0.32899999999999996	11.871081944444443
H1287	A	0	xylose	sugar	F	1.9120140727606125	0.329	11.838727777777779
H1287	A	0	xylose	sugar	G	2.128264589611862	0.33625000000000005	12.175208333333334
H1287	A	0	xylose	sugar	H	2.1315360369546905	0.41285	14.234386111111112
H1287	A	512	4-hydroxybenzoic acid	organic_acid	A	0.8201741544276056	0.17608333333333334	5.988747222222223
H1287	A	512	4-hydroxybenzoic acid	organic_acid	B	0.7686339331121127	0.14435	5.345576388888889
H1287	A	512	4-hydroxybenzoic acid	organic_acid	C	0.9119559182849838	0.14729999999999996	5.610061111111111
H1287	A	512	4-hydroxybenzoic acid	organic_acid	D	1.0042709950123025	0.15094999999999997	5.662998611111111
H1287	A	512	4-hydroxybenzoic acid	organic_acid	E	1.0758096355356266	0.15033333333333332	5.4249888888888895
H1287	A	512	4-hydroxybenzoic acid	organic_acid	F	1.126556721525495	0.16491666666666666	5.692726388888889
H1287	A	512	4-hydroxybenzoic acid	organic_acid	G	1.4340288967419461	0.1135	3.651966666666666
H1287	A	512	4-hydroxybenzoic acid	organic_acid	H	1.134718242698997	0.13635	3.8743263888888886
H1287	A	512	4-hydroxybenzoic acid	organic_acid	I	1.539197080433299	0.14708333333333332	3.418659722222222
H1287	A	512	4-hydroxybenzoic acid	organic_acid	J	1.4416674542192096	0.103	2.151816666666667
H1287	A	512	4-hydroxybenzoic acid	organic_acid	K	1.8617810794682008	0.14733333333333334	4.841038888888889
H1287	A	512	4-hydroxybenzoic acid	organic_acid	L	1.5922952734627058	0.15708333333333335	5.5190430555555565
H1287	A	512	4-hydroxybenzoic acid	organic_acid	M	1.4661069245299012	0.14880000000000002	5.302877777777778
H1287	A	512	4-hydroxybenzoic acid	organic_acid	N	1.6159911997605185	0.1428	4.990961111111111
H1287	A	512	4-hydroxybenzoic acid	organic_acid	O	1.2548977331047955	0.142	5.070209722222222
H1287	A	512	4-hydroxybenzoic acid	organic_acid	P	1.1644787571081634	0.15100000000000002	5.328166666666667
H1287	A	512	arabinose	sugar	A	1.057241257960758	0.633	15.273933333333334
H1287	A	512	arabinose	sugar	B	1.2106037019206992	0.596	13.680033333333334
H1287	A	512	arabinose	sugar	C	1.0999228708554998	0.4934	11.798388888888889
H1287	A	512	arabinose	sugar	D	1.9231560748121854	0.51085	12.723291666666666
H1287	A	512	arabinose	sugar	E	1.8259779449572908	0.61825	14.756308333333333
H1287	A	512	arabinose	sugar	F	1.6441977028050465	0.5073000000000001	12.757750000000001
H1287	A	512	arabinose	sugar	G	1.545108419781099	0.50315	12.843997222222223
H1287	A	512	arabinose	sugar	H	1.7701977120671382	0.6156499999999999	15.587643055555555
H1287	A	512	cellobiose	sugar	A	1.186010054166016	0.4704	15.032816666666667
H1287	A	512	cellobiose	sugar	B	1.6616850784305026	0.5043	15.683883333333334
H1287	A	512	cellobiose	sugar	C	1.2945293898170964	0.45915	14.435220833333334
H1287	A	512	cellobiose	sugar	D	1.2094736692146084	0.5375500000000001	15.970209722222224
H1287	A	512	cellobiose	sugar	E	1.6503995799967723	0.4634499999999999	14.551509722222223
H1287	A	512	cellobiose	sugar	F	1.6704602166745977	0.54725	16.91617638888889
H1287	A	512	cellobiose	sugar	G	1.2791400273096196	0.5607500000000001	17.442993055555558
H1287	A	512	cellobiose	sugar	H	1.7990521069861651	0.6925833333333333	21.2292375
H1287	A	512	citric acid	organic_acid	A	1.177871542184461	0.6567500000000001	22.446604166666667
H1287	A	512	citric acid	organic_acid	B	1.237688378193248	0.6126666666666667	21.914794444444443
H1287	A	512	citric acid	organic_acid	C	1.1269282293825875	0.596	21.080516666666668
H1287	A	512	citric acid	organic_acid	D	1.2772756170127564	0.58085	20.964387499999997
H1287	A	512	citric acid	organic_acid	E	1.228428269055233	0.5765	21.066855555555556
H1287	A	512	citric acid	organic_acid	F	1.3826520805668372	0.54765	19.556681944444446
H1287	A	512	citric acid	organic_acid	G	1.2257827825299672	0.6068333333333333	21.51395
H1287	A	512	citric acid	organic_acid	H	1.4634867812629218	0.6098333333333333	21.68658333333333
H1287	A	512	d-mannitol	sugar	A	1.1227672745620543	0.46	12.159183333333333
H1287	A	512	d-mannitol	sugar	B	1.4650524997321484	0.4241666666666667	10.839005555555557
H1287	A	512	d-mannitol	sugar	C	1.4866030693670915	0.4441666666666666	13.90938888888889
H1287	A	512	d-mannitol	sugar	D	1.1794441387740913	0.4304166666666667	13.78101527777778
H1287	A	512	d-mannitol	sugar	E	1.4250284260851194	0.42805	11.207931944444445
H1287	A	512	d-mannitol	sugar	F	1.577266271263226	0.43985	11.403470833333333
H1287	A	512	d-mannitol	sugar	G	1.5782125146597987	0.4835	15.306411111111112
H1287	A	512	d-mannitol	sugar	H	1.1597543160373596	0.44675	11.165387500000001
H1287	A	512	d-mannitol	sugar	I	1.2754534816679348	0.43635000000000007	12.12690416666667
H1287	A	512	d-mannitol	sugar	J	1.6478495142962066	0.42130000000000006	11.379944444444446
H1287	A	512	d-mannitol	sugar	K	1.6663074748412825	0.41085	11.325970833333335
H1287	A	512	d-mannitol	sugar	L	1.4430944032731314	0.3829	10.3399
H1287	A	512	d-mannitol	sugar	M	1.4376234374293837	0.3873	10.44435
H1287	A	512	d-mannitol	sugar	N	1.4709842868150618	0.3899	10.525994444444445
H1287	A	512	d-mannitol	sugar	O	1.3089381058220362	0.40815000000000007	11.586743055555557
H1287	A	512	d-mannitol	sugar	P	1.2481820450488206	0.4014	11.084850000000001
H1287	A	512	dl-aspartic acid	amino_acid	A	1.3554933733123677	0.30974999999999997	10.006393055555556
H1287	A	512	dl-aspartic acid	amino_acid	B	1.0175813707828512	0.2651	8.764986111111112
H1287	A	512	dl-aspartic acid	amino_acid	C	1.9711121250233685	0.4929166666666666	13.949341666666667
H1287	A	512	dl-aspartic acid	amino_acid	D	1.402761673748012	0.54725	16.2786375
H1287	A	512	dl-aspartic acid	amino_acid	E	1.6807681156432146	0.49483333333333335	13.757033333333334
H1287	A	512	dl-aspartic acid	amino_acid	F	1.7384040716658122	0.43925	12.249015277777778
H1287	A	512	dl-aspartic acid	amino_acid	G	1.9965737832526156	0.40525	11.781930555555556
H1287	A	512	dl-aspartic acid	amino_acid	H	1.805881398979764	0.31930000000000003	10.357283333333333
H1287	A	512	glucose	sugar	A	1.3179784879701024	0.36135	10.946015277777779
H1287	A	512	glucose	sugar	B	1.7772204476823141	0.33405	9.556765277777778
H1287	A	512	glucose	sugar	C	1.8282835824318024	0.3173	9.688722222222223
H1287	A	512	glucose	sugar	D	0.9081260022614619	0.3206	9.851572222222222
H1287	A	512	glucose	sugar	E	1.3062006553887937	0.33255	9.612926388888889
H1287	A	512	glucose	sugar	F	1.746917994032063	0.31930000000000003	9.9968
H1287	A	512	glucose	sugar	G	1.2331806935828051	0.33035	9.498259722222222
H1287	A	512	glucose	sugar	H	1.1437697095904518	0.34600000000000003	10.234561111111113
H1287	A	512	glycine	amino_acid	A	1.243889116457359	0.15115000000000003	4.2920875
H1287	A	512	glycine	amino_acid	B	1.980548121343926	0.11025	3.5485472222222225
H1287	A	512	glycine	amino_acid	C	1.2902631530335267	0.10075	3.461720833333333
H1287	A	512	glycine	amino_acid	D	1.2611928373820913	0.10555	3.5269097222222223
H1287	A	512	glycine	amino_acid	E	1.6900329831368888	0.1079	3.6894277777777775
H1287	A	512	glycine	amino_acid	F	1.957884610467505	0.10605	3.6875638888888886
H1287	A	512	glycine	amino_acid	G	1.2282905617031772	0.11	3.6317055555555555
H1287	A	512	glycine	amino_acid	H	1.2084666337073873	0.1003	3.5184583333333332
H1287	A	512	glycolic acid	organic_acid	A	1.1583337669677445	0.0724	2.607038888888889
H1287	A	512	glycolic acid	organic_acid	B	1.101412283669249	0.0666	2.186627777777778
H1287	A	512	glycolic acid	organic_acid	C	1.2337897513021565	0.05499999999999999	2.095666666666667
H1287	A	512	glycolic acid	organic_acid	D	1.212602118214445	0.0618	2.277222222222222
H1287	A	512	glycolic acid	organic_acid	E	1.1225358320345156	0.06039999999999999	2.3546
H1287	A	512	glycolic acid	organic_acid	F	1.145406771474337	0.06595000000000001	2.4939708333333335
H1287	A	512	glycolic acid	organic_acid	G	1.132823121988133	0.05699999999999999	1.866577777777778
H1287	A	512	glycolic acid	organic_acid	H	1.2216554371148067	0.06720000000000001	2.4010944444444444
H1287	A	512	histidine	amino_acid	A	1.7418718047390513	0.2539166666666666	7.360058333333334
H1287	A	512	histidine	amino_acid	B	1.0978594160972333	0.19975	5.730170833333334
H1287	A	512	histidine	amino_acid	C	1.1140550735838917	0.1925	5.985972222222222
H1287	A	512	histidine	amino_acid	D	1.8508785764048576	0.19465	6.222508333333334
H1287	A	512	histidine	amino_acid	E	1.0496189928062265	0.21320000000000003	7.055494444444445
H1287	A	512	histidine	amino_acid	F	1.4559875788217786	0.22825	7.536381944444445
H1287	A	512	histidine	amino_acid	G	1.1254925082396787	0.20875	6.678170833333334
H1287	A	512	histidine	amino_acid	H	1.6475653260222947	0.22150000000000003	6.858844444444445
H1287	A	512	l-alanine	amino_acid	A	1.5861654813643529	0.31683333333333336	8.3012
H1287	A	512	l-alanine	amino_acid	B	1.1861692623870983	0.278	6.81315
H1287	A	512	l-alanine	amino_acid	C	1.2064425648104433	0.27108333333333334	7.269576388888889
H1287	A	512	l-alanine	amino_acid	D	1.2307776279857185	0.28675	8.195904166666667
H1287	A	512	l-alanine	amino_acid	E	1.4410522407819073	0.35316666666666663	8.78573888888889
H1287	A	512	l-alanine	amino_acid	F	1.2299538780195782	0.35608333333333336	8.593859722222223
H1287	A	512	l-alanine	amino_acid	G	1.1302384743606009	0.358	8.597416666666668
H1287	A	512	l-alanine	amino_acid	H	2.0242513086075626	0.38725	9.487480555555557
H1287	A	512	l-asparagine	amino_acid	A	1.256242102528826	0.3115	3.761544444444445
H1287	A	512	l-asparagine	amino_acid	B	0.6996526293373924	0.277	3.668516666666667
H1287	A	512	l-asparagine	amino_acid	C	1.2777083712928974	0.26025	4.289948611111112
H1287	A	512	l-asparagine	amino_acid	D	1.2617961964826838	0.2525	4.059094444444445
H1287	A	512	l-asparagine	amino_acid	E	1.0813846663100672	0.2225	3.1240111111111117
H1287	A	512	l-asparagine	amino_acid	F	0.6726831466360855	0.31833333333333336	4.517522222222223
H1287	A	512	l-asparagine	amino_acid	G	1.5464309235775622	0.2569166666666666	3.9596750000000007
H1287	A	512	l-asparagine	amino_acid	H	1.1243084326473491	0.35833333333333334	4.992022222222223
H1287	A	512	l-asparagine	amino_acid	I	0.7125517543180134	0.3986666666666666	7.199127777777778
H1287	A	512	l-asparagine	amino_acid	J	1.0717087437453723	0.2868333333333334	5.139833333333334
H1287	A	512	l-asparagine	amino_acid	K	1.2471315037375854	0.3339166666666667	6.017793055555557
H1287	A	512	l-asparagine	amino_acid	L	1.0744618507931645	0.32916666666666666	6.135705555555556
H1287	A	512	l-asparagine	amino_acid	M	1.1042179730821706	0.32983333333333337	6.276750000000001
H1287	A	512	l-asparagine	amino_acid	N	0.78050379822364	0.2800833333333334	5.774806944444445
H1287	A	512	l-asparagine	amino_acid	O	1.2020428343730396	0.2808333333333334	5.974583333333334
H1287	A	512	l-asparagine	amino_acid	P	0.8291755339393324	0.2890833333333333	5.963876388888889
H1287	A	512	l-cysteine	amino_acid	A	1.1661830852113668	0.294	7.5155
H1287	A	512	l-cysteine	amino_acid	B	1.191609674328104	0.26641666666666663	8.506031944444445
H1287	A	512	l-cysteine	amino_acid	C	1.1369259418837203	0.29400000000000004	8.749794444444445
H1287	A	512	l-cysteine	amino_acid	D	1.5362936202355384	0.32941666666666664	10.870131944444445
H1287	A	512	l-cysteine	amino_acid	E	1.141148023640621	0.29133333333333333	8.647772222222223
H1287	A	512	l-cysteine	amino_acid	F	1.6318762235197426	0.27291666666666664	8.459343055555555
H1287	A	512	l-cysteine	amino_acid	G	1.6532176815835653	0.28291666666666665	8.32897638888889
H1287	A	512	l-cysteine	amino_acid	H	1.492203026183682	0.3035	8.910444444444446
H1287	A	512	l-glutamine	amino_acid	A	0.48643075670151537	0.319	4.9005
H1287	A	512	l-glutamine	amino_acid	B	1.0389808515758523	0.31516666666666665	5.19845
H1287	A	512	l-glutamine	amino_acid	C	1.108513642610758	0.25483333333333336	4.294950000000001
H1287	A	512	l-glutamine	amino_acid	D	0.643442626934053	0.228	4.098333333333334
H1287	A	512	l-glutamine	amino_acid	E	0.9386355969289074	0.22333333333333336	4.2285055555555555
H1287	A	512	l-glutamine	amino_acid	F	0.5920047772042971	0.22100000000000003	3.9304833333333336
H1287	A	512	l-glutamine	amino_acid	G	1.0392347955586874	0.27508333333333335	4.737409722222222
H1287	A	512	l-glutamine	amino_acid	H	1.6056103677786027	0.2813333333333334	5.005355555555556
H1287	A	512	l-glutamine	amino_acid	I	0.7129141328006292	0.3145833333333333	4.686301388888889
H1287	A	512	l-glutamine	amino_acid	J	0.9292595574323004	0.1159	2.922727777777778
H1287	A	512	l-glutamine	amino_acid	K	1.223375873151466	0.2265833333333333	2.9704708333333336
H1287	A	512	l-glutamine	amino_acid	L	0.6907243364657053	0.23275	3.2762875000000005
H1287	A	512	l-glutamine	amino_acid	M	0.7142636643488239	0.22741666666666663	3.287523611111111
H1287	A	512	l-glutamine	amino_acid	N	0.6476087124547929	0.233	3.5301
H1287	A	512	l-glutamine	amino_acid	O	0.7705152362080941	0.3411666666666667	5.363555555555556
H1287	A	512	l-glutamine	amino_acid	P	0.6933243610586315	0.31525000000000003	5.177313888888889
H1287	A	512	l-isoleucine	amino_acid	A	0.9235832076552938	0.01450000000000001	0.23867777777777793
H1287	A	512	l-isoleucine	amino_acid	B	0.608093091154997	0.01795000000000001	0.3817791666666669
H1287	A	512	l-isoleucine	amino_acid	C	0.596175770188652	0.0176	0.42099999999999954
H1287	A	512	l-isoleucine	amino_acid	D	1.1685830165929632	0.0542	0.5144055555555553
H1287	A	512	l-isoleucine	amino_acid	E	0.7446528980514734	0.02894999999999999	0.6467097222222222
H1287	A	512	l-isoleucine	amino_acid	F	0.6048042720444942	0.02154999999999999	0.48453750000000023
H1287	A	512	l-isoleucine	amino_acid	G	0.3200203743725574	0.009	0.16996111111111112
H1287	A	512	l-isoleucine	amino_acid	H	0.5360367232604969	0.01975000000000001	0.46634861111111137
H1287	A	512	l-methionine	amino_acid	A	1.1573756933594888	0.06183333333333333	0.8827833333333335
H1287	A	512	l-methionine	amino_acid	B	0.8291656527230118	0.05175000000000002	1.122554166666667
H1287	A	512	l-methionine	amino_acid	C	0.8079753935696896	0.06516666666666666	1.1637388888888889
H1287	A	512	l-methionine	amino_acid	D	0.5034582906465933	0.06041666666666668	0.9836069444444446
H1287	A	512	l-methionine	amino_acid	E	0.7493295909308487	0.02035	0.4668930555555551
H1287	A	512	l-methionine	amino_acid	F	0.47949930138914115	0.0338	0.5731666666666666
H1287	A	512	l-methionine	amino_acid	G	0.703319513216086	0.06266666666666666	0.9890166666666668
H1287	A	512	l-methionine	amino_acid	H	1.1949199590751685	0.0397	0.8585944444444445
H1287	A	512	l-proline	amino_acid	A	1.2506172392527068	0.35866666666666663	10.879144444444446
H1287	A	512	l-proline	amino_acid	B	1.7378717420487	0.35516666666666663	11.762372222222224
H1287	A	512	l-proline	amino_acid	C	1.632259437381248	0.33816666666666667	10.639655555555557
H1287	A	512	l-proline	amino_acid	D	1.4094833039453745	0.4204166666666667	12.034586111111112
H1287	A	512	l-proline	amino_acid	E	1.2564347419547317	0.4304166666666666	11.771094444444445
H1287	A	512	l-proline	amino_acid	F	1.6398451703581405	0.4335000000000001	11.592061111111112
H1287	A	512	l-proline	amino_acid	G	1.156710832153014	0.4396666666666667	11.102261111111112
H1287	A	512	l-proline	amino_acid	H	1.6747919363563308	0.4571666666666666	11.727172222222222
H1287	A	512	l-valine	amino_acid	A	1.5021949145006044	0.14334999999999998	5.951704166666666
H1287	A	512	l-valine	amino_acid	B	1.5721894999256822	0.15355000000000002	5.847520833333334
H1287	A	512	l-valine	amino_acid	C	2.3473358411152265	0.10065	4.124958333333334
H1287	A	512	l-valine	amino_acid	D	1.411447625674915	0.194	7.285894444444445
H1287	A	512	l-valine	amino_acid	E	1.1776251697765354	0.14420000000000002	5.361205555555556
H1287	A	512	l-valine	amino_acid	F	1.084754149979837	0.0976	3.498188888888889
H1287	A	512	l-valine	amino_acid	G	1.7906849721003282	0.10575	4.299825
H1287	A	512	l-valine	amino_acid	H	1.4404290508106155	0.06616666666666667	2.5350722222222224
H1287	A	512	lactic acid	organic_acid	A	1.1552131892656943	0.5145000000000001	11.873405555555557
H1287	A	512	lactic acid	organic_acid	B	1.5688965435312578	0.45824999999999994	10.577265277777778
H1287	A	512	lactic acid	organic_acid	C	1.3016612100247926	0.44141666666666673	11.029656944444445
H1287	A	512	lactic acid	organic_acid	D	0.855866381236845	0.4316666666666667	10.716977777777778
H1287	A	512	lactic acid	organic_acid	E	1.1149274479915845	0.42341666666666666	10.786269444444445
H1287	A	512	lactic acid	organic_acid	F	1.2708342112240179	0.29725	8.118948611111112
H1287	A	512	lactic acid	organic_acid	G	0.9357407004444444	0.36275	10.2028875
H1287	A	512	lactic acid	organic_acid	H	1.052005907098254	0.5160833333333333	12.606309722222223
H1287	A	512	leucine	amino_acid	A	1.04230841753312	0.08741666666666664	2.8729152777777776
H1287	A	512	leucine	amino_acid	B	1.0825855274939282	0.07275	2.6907208333333332
H1287	A	512	leucine	amino_acid	C	1.0050498360797568	0.10555	3.674959722222222
H1287	A	512	leucine	amino_acid	D	1.4380496973441605	0.10065	3.371659722222222
H1287	A	512	leucine	amino_acid	E	0.9658388982034524	0.0904	3.169816666666667
H1287	A	512	leucine	amino_acid	F	1.5101110725852056	0.07725	2.795098611111111
H1287	A	512	leucine	amino_acid	G	1.4964273000193347	0.08225000000000002	2.6755819444444446
H1287	A	512	leucine	amino_acid	H	0.9144480730573599	0.0773	2.8268138888888887
H1287	A	512	malate	organic_acid	A	1.3538274812068087	0.15941666666666665	4.1786819444444445
H1287	A	512	malate	organic_acid	B	1.575599780729194	0.17341666666666666	4.938648611111111
H1287	A	512	malate	organic_acid	C	1.6433929984667692	0.19408333333333333	5.3860930555555555
H1287	A	512	malate	organic_acid	D	1.9864715588234896	0.20825	5.933781944444444
H1287	A	512	malate	organic_acid	E	1.5990014845004155	0.18608333333333332	5.239076388888889
H1287	A	512	malate	organic_acid	F	1.3986036375541333	0.2402	6.648816666666667
H1287	A	512	malate	organic_acid	G	1.490078771547771	0.21274999999999997	5.394520833333333
H1287	A	512	malate	organic_acid	H	1.4134977497572816	0.21554999999999996	6.706204166666667
H1287	A	512	malonic acid	organic_acid	A	1.0296432499662946	0.24375	7.736220833333333
H1287	A	512	malonic acid	organic_acid	B	1.1754884888975368	0.24783333333333332	7.488
H1287	A	512	malonic acid	organic_acid	C	1.1125786484493276	0.2335	6.843106944444444
H1287	A	512	malonic acid	organic_acid	D	1.0227601397879433	0.2510833333333334	7.039593055555556
H1287	A	512	malonic acid	organic_acid	E	1.1355165993159135	0.23966666666666667	7.071977777777778
H1287	A	512	malonic acid	organic_acid	F	1.192622982252883	0.2328333333333333	6.977083333333333
H1287	A	512	malonic acid	organic_acid	G	0.8545808432791504	0.21899999999999997	6.818099999999999
H1287	A	512	malonic acid	organic_acid	H	1.094158591801674	0.2293333333333333	6.823372222222222
H1287	A	512	phenylalanine	amino_acid	A	1.0458040040667385	0.1195	3.5195611111111114
H1287	A	512	phenylalanine	amino_acid	B	1.333344386251271	0.0985	3.1493027777777782
H1287	A	512	phenylalanine	amino_acid	C	1.844878326414937	0.08704999999999999	2.971752777777778
H1287	A	512	phenylalanine	amino_acid	D	1.529809841307575	0.11125000000000002	3.4512486111111116
H1287	A	512	phenylalanine	amino_acid	E	0.9652320709702527	0.10333333333333336	3.2657222222222226
H1287	A	512	phenylalanine	amino_acid	F	0.9965778650551639	0.1152	3.2224777777777778
H1287	A	512	phenylalanine	amino_acid	G	0.9860278286115393	0.07315	2.7199597222222223
H1287	A	512	phenylalanine	amino_acid	H	1.562749424994058	0.1551	3.886
H1287	A	512	pyruvic acid	organic_acid	A	1.0110651704481228	0.5343333333333333	15.554405555555556
H1287	A	512	pyruvic acid	organic_acid	B	1.1516663167623928	0.4626666666666666	14.418177777777778
H1287	A	512	pyruvic acid	organic_acid	C	1.4816832843087095	0.35941666666666666	12.395090277777777
H1287	A	512	pyruvic acid	organic_acid	D	1.6024687540379852	0.4489166666666666	14.092326388888889
H1287	A	512	pyruvic acid	organic_acid	E	1.1899423358194186	0.45041666666666663	13.860515277777779
H1287	A	512	pyruvic acid	organic_acid	F	1.421823852515347	0.45641666666666664	13.790423611111112
H1287	A	512	pyruvic acid	organic_acid	G	1.1933561443578282	0.4636666666666666	14.24772777777778
H1287	A	512	pyruvic acid	organic_acid	H	1.5771239429256674	0.51775	15.357875000000002
H1287	A	512	salicylic acid	organic_acid	A	0.5334135935111229	0.0049	0.08209444444444446
H1287	A	512	salicylic acid	organic_acid	B	0.868306940092161	2.500000000000002e-4	1.541666666666668e-4
H1287	A	512	salicylic acid	organic_acid	C	0.5750913059177	0.003	0.04483333333333335
H1287	A	512	salicylic acid	organic_acid	D	0.6036569476301835	0.015	0.4533666666666662
H1287	A	512	salicylic acid	organic_acid	E	0.7264852466016123	0.01440000000000001	0.5504611111111115
H1287	A	512	salicylic acid	organic_acid	F	1.0151314617789235	0.02430000000000001	0.8832166666666668
H1287	A	512	salicylic acid	organic_acid	G	0.32676021856378396	0.03	1.0207666666666673
H1287	A	512	salicylic acid	organic_acid	H	0.2557466867757831	0.017	0.4068722222222218
H1287	A	512	serine	amino_acid	A	2.013535630546461	0.5131666666666667	13.99708888888889
H1287	A	512	serine	amino_acid	B	1.5629883571277745	0.4220833333333334	12.735243055555557
H1287	A	512	serine	amino_acid	C	2.023043857463849	0.4181666666666667	12.976655555555556
H1287	A	512	serine	amino_acid	D	1.947587264410927	0.4055	12.309744444444444
H1287	A	512	serine	amino_acid	E	1.990910878273862	0.4255	12.967411111111112
H1287	A	512	serine	amino_acid	F	1.6299336916605436	0.34375	11.2183875
H1287	A	512	serine	amino_acid	G	2.001516220495714	0.34883333333333333	11.51655
H1287	A	512	serine	amino_acid	H	1.5910627539771125	0.36241666666666666	11.983948611111112
H1287	A	512	shikimic acid	organic_acid	A	1.59019995088282	0.0787	3.0809277777777777
H1287	A	512	shikimic acid	organic_acid	B	1.2046972454675797	0.1315	4.474913888888889
H1287	A	512	shikimic acid	organic_acid	C	1.3991672862364009	0.08954999999999999	3.279340277777778
H1287	A	512	shikimic acid	organic_acid	D	1.7569709091485919	0.1155	4.310888888888889
H1287	A	512	shikimic acid	organic_acid	E	1.3677528538824397	0.1438	5.389038888888889
H1287	A	512	shikimic acid	organic_acid	F	1.584806610058515	0.08745	3.214748611111111
H1287	A	512	shikimic acid	organic_acid	G	1.1678378453017484	0.086	3.180888888888889
H1287	A	512	shikimic acid	organic_acid	H	1.1910593092516286	0.06234999999999999	2.201559722222222
H1287	A	512	sodium acetate	organic_acid	A	0.7986019607210051	0.4003333333333334	10.015255555555557
H1287	A	512	sodium acetate	organic_acid	B	0.8426780823409367	0.3185	7.993204166666667
H1287	A	512	sodium acetate	organic_acid	C	0.8990070890556962	0.27355	8.1723875
H1287	A	512	sodium acetate	organic_acid	D	0.9399070400182815	0.31225	8.840294444444444
H1287	A	512	sodium acetate	organic_acid	E	0.9896826918455641	0.26875000000000004	8.3384125
H1287	A	512	sodium acetate	organic_acid	F	0.8450050852576548	0.3145	8.844793055555556
H1287	A	512	sodium acetate	organic_acid	G	0.7723972136219076	0.3306	8.713733333333334
H1287	A	512	sodium acetate	organic_acid	H	1.0336927127176252	0.36125	9.230468055555557
H1287	A	512	starch	sugar	A	1.0491133149056722	0.116	4.121766666666667
H1287	A	512	starch	sugar	B	1.613347589243565	0.095	3.6764430555555556
H1287	A	512	starch	sugar	C	1.073127284266598	0.1176	4.263366666666667
H1287	A	512	starch	sugar	D	0.9055005721589323	0.12425	4.379384722222222
H1287	A	512	starch	sugar	E	1.5343172945671484	0.1247	4.420444444444445
H1287	A	512	starch	sugar	F	1.659383065379395	0.11685	4.2581375
H1287	A	512	starch	sugar	G	1.5599856644685035	0.0951	3.58515
H1287	A	512	starch	sugar	H	1.5629399954726493	0.0945	3.68295
H1287	A	512	succinic acid	organic_acid	A	1.7596098227023793	0.3981666666666666	12.868405555555556
H1287	A	512	succinic acid	organic_acid	B	1.357461461566064	0.4303333333333334	12.939455555555556
H1287	A	512	succinic acid	organic_acid	C	1.752930547134234	0.43808333333333344	13.14015138888889
H1287	A	512	succinic acid	organic_acid	D	1.365170465837612	0.4226666666666667	13.100277777777778
H1287	A	512	succinic acid	organic_acid	E	1.6782928185687371	0.33475	11.096808333333334
H1287	A	512	succinic acid	organic_acid	F	1.4950009647472038	0.4051666666666667	12.785350000000001
H1287	A	512	succinic acid	organic_acid	G	1.4397419820250625	0.4131666666666667	12.768427777777779
H1287	A	512	succinic acid	organic_acid	H	1.4190243752654965	0.33675	11.135220833333333
H1287	A	512	sucrose	sugar	A	1.5981860603644193	0.17409999999999998	5.75225
H1287	A	512	sucrose	sugar	B	0.9784744099453756	0.12933333333333333	3.547705555555556
H1287	A	512	sucrose	sugar	C	1.1082696671985244	0.12008333333333332	3.639743055555556
H1287	A	512	sucrose	sugar	D	1.0442083736917076	0.1430833333333333	4.027909722222222
H1287	A	512	sucrose	sugar	E	1.6454441490422635	0.11391666666666668	3.6926430555555556
H1287	A	512	sucrose	sugar	F	0.8069665177841657	0.1932	6.37865
H1287	A	512	sucrose	sugar	G	1.071597415166383	0.08941666666666666	3.0951819444444446
H1287	A	512	sucrose	sugar	H	1.0844533570574655	0.12533333333333332	3.754038888888889
H1287	A	512	taurine	amino_acid	A	1.50191865654638	0.0779	2.8777777777777778
H1287	A	512	taurine	amino_acid	B	0.8785841510961735	0.08466666666666667	3.086611111111111
H1287	A	512	taurine	amino_acid	C	1.068346050481575	0.08120000000000002	2.967333333333334
H1287	A	512	taurine	amino_acid	D	1.0314321815182181	0.09315	3.272054166666667
H1287	A	512	taurine	amino_acid	E	0.8730382629892754	0.09339999999999998	3.3797777777777775
H1287	A	512	taurine	amino_acid	F	0.9309302455867536	0.0814	3.0708333333333333
H1287	A	512	taurine	amino_acid	G	1.69749721325863	0.07645000000000002	2.8267305555555557
H1287	A	512	taurine	amino_acid	H	0.7538041598049533	0.06995	2.6377374999999996
H1287	A	512	threonine	amino_acid	A	1.7424409535130112	0.4645833333333333	10.578020833333333
H1287	A	512	threonine	amino_acid	B	1.692704134747541	0.463	10.986093055555555
H1287	A	512	threonine	amino_acid	C	1.2250854812751717	0.474	11.950866666666668
H1287	A	512	threonine	amino_acid	D	1.2806519380343986	0.45375	11.499404166666668
H1287	A	512	threonine	amino_acid	E	1.2340508058348325	0.5014166666666667	13.45706527777778
H1287	A	512	threonine	amino_acid	F	1.2878461032867565	0.36075	11.080731944444445
H1287	A	512	threonine	amino_acid	G	1.6258786263657738	0.4393	13.733205555555557
H1287	A	512	threonine	amino_acid	H	1.7197389864776194	0.53665	15.85784861111111
H1287	A	512	xylose	sugar	A	1.7497946585365742	0.4435833333333333	9.660119444444446
H1287	A	512	xylose	sugar	B	1.8097884299401379	0.39891666666666664	8.363491666666668
H1287	A	512	xylose	sugar	C	1.7978214680553173	0.39025	8.280030555555555
H1287	A	512	xylose	sugar	D	0.99859143165550035	0.38050000000000006	8.645393055555557
H1287	A	512	xylose	sugar	E	0.9621961918086789	0.322	8.16505
H1287	A	512	xylose	sugar	F	1.0138360168828546	0.31234999999999996	7.636976388888888
H1287	A	512	xylose	sugar	G	1.038779395141312	0.32475	7.862731944444444
H1287	A	512	xylose	sugar	H	1.0543014839081026	0.43700000000000006	9.86805
H1287	E	0	4-hydroxybenzoic acid	organic_acid	A	1.0068506579535175	0.08695000000000001	2.7643763888888895
H1287	E	0	4-hydroxybenzoic acid	organic_acid	B	1.3985899476898613	0.08691666666666667	2.850993055555556
H1287	E	0	4-hydroxybenzoic acid	organic_acid	C	0.9794378249332666	0.0864	2.6522611111111116
H1287	E	0	4-hydroxybenzoic acid	organic_acid	D	1.2044595276117327	0.08641666666666666	2.5896569444444446
H1287	E	0	4-hydroxybenzoic acid	organic_acid	E	0.9399394273814567	0.0806	2.035355555555556
H1287	E	0	4-hydroxybenzoic acid	organic_acid	F	1.0040551141341958	0.08474999999999999	2.4166555555555562
H1287	E	0	4-hydroxybenzoic acid	organic_acid	G	1.3779518105694957	0.08785	2.5936986111111113
H1287	E	0	4-hydroxybenzoic acid	organic_acid	H	1.2904696047977509	0.08270000000000001	2.8782000000000005
H1287	E	0	4-hydroxybenzoic acid	organic_acid	I	0.5400250253504565	0.064	0.9524333333333335
H1287	E	0	4-hydroxybenzoic acid	organic_acid	J	0.4507688403924682	0.02349999999999999	0.5823888888888886
H1287	E	0	4-hydroxybenzoic acid	organic_acid	K	0.9921262359682852	0.07741666666666668	1.9262236111111113
H1287	E	0	4-hydroxybenzoic acid	organic_acid	L	0.7945448584488717	0.06899999999999999	1.8700444444444442
H1287	E	0	4-hydroxybenzoic acid	organic_acid	M	0.9790814393177105	0.07850000000000001	2.350288888888889
H1287	E	0	4-hydroxybenzoic acid	organic_acid	N	0.6856719021931369	0.07525	2.0659166666666664
H1287	E	0	4-hydroxybenzoic acid	organic_acid	O	0.6600480795319877	0.06975	1.9181875000000002
H1287	E	0	4-hydroxybenzoic acid	organic_acid	P	0.3098325071561693	0.07033333333333333	1.6478555555555552
H1287	E	0	arabinose	sugar	A	1.3060454691566272	0.52	15.832600000000001
H1287	E	0	arabinose	sugar	B	1.379251724743751	0.46735	14.778743055555557
H1287	E	0	arabinose	sugar	C	1.4174947061376935	0.46915	15.065909722222223
H1287	E	0	arabinose	sugar	D	1.4037860460053952	0.45535	14.779259722222223
H1287	E	0	arabinose	sugar	E	1.315418008502854	0.45675	15.28492638888889
H1287	E	0	arabinose	sugar	F	1.8523994664067678	0.4291	14.17413888888889
H1287	E	0	arabinose	sugar	G	1.20103261284577	0.4928	15.896894444444445
H1287	E	0	arabinose	sugar	H	1.9060186931523075	0.4935	16.099633333333333
H1287	E	0	cellobiose	sugar	A	1.64386529172108	0.35995	9.287948611111112
H1287	E	0	cellobiose	sugar	B	1.5268196853417573	0.34855	8.903048611111112
H1287	E	0	cellobiose	sugar	C	1.241238773172601	0.35141666666666665	8.722865277777778
H1287	E	0	cellobiose	sugar	D	1.2165524181402194	0.35169999999999996	9.19328888888889
H1287	E	0	cellobiose	sugar	E	1.1747869375028812	0.3425	8.97305
H1287	E	0	cellobiose	sugar	F	1.637159914237741	0.34500000000000003	9.391855555555557
H1287	E	0	cellobiose	sugar	G	1.7246611088468908	0.38035	10.452754166666667
H1287	E	0	cellobiose	sugar	H	1.4956183546052617	0.39935	11.020515277777779
H1287	E	0	cellobiose	sugar	I	1.767417922008625	0.3979	12.727683333333333
H1287	E	0	cellobiose	sugar	J	1.6813960988079542	0.42675	13.917315277777778
H1287	E	0	cellobiose	sugar	K	1.1282539534623273	0.39115	12.595470833333334
H1287	E	0	cellobiose	sugar	L	1.9619843908415964	0.38375	12.510070833333334
H1287	E	0	cellobiose	sugar	M	1.6823098308906907	0.379	12.355822222222223
H1287	E	0	cellobiose	sugar	N	1.506692813415495	0.41530000000000006	13.54003888888889
H1287	E	0	cellobiose	sugar	O	1.685922233599115	0.38625	12.616652777777778
H1287	E	0	cellobiose	sugar	P	1.2493993131542858	0.44415	14.279719444444446
H1287	E	0	cellobiose	sugar	Q	1.2861450566901744	0.39905	13.007869444444445
H1287	E	0	cellobiose	sugar	R	1.207145055842271	0.44669999999999993	14.37135
H1287	E	0	cellobiose	sugar	S	1.127900592300463	0.38035	12.477306944444445
H1287	E	0	cellobiose	sugar	T	1.473922856511033	0.4015	13.079947222222224
H1287	E	0	cellobiose	sugar	U	1.4222059901636965	0.38865	12.625454166666668
H1287	E	0	cellobiose	sugar	V	1.1394610946248795	0.4357500000000001	14.016486111111114
H1287	E	0	cellobiose	sugar	W	1.285109333417587	0.3975	12.971422222222223
H1287	E	0	cellobiose	sugar	X	1.3039788727709813	0.4733333333333334	14.74243888888889
H1287	E	0	citric acid	organic_acid	A	1.0269708455109032	0.6268	20.258288888888888
H1287	E	0	citric acid	organic_acid	B	0.9517630888647995	0.6173333333333333	20.182872222222223
H1287	E	0	citric acid	organic_acid	C	0.9115299854874656	0.5851999999999999	19.529061111111112
H1287	E	0	citric acid	organic_acid	D	0.8153280647567387	0.5713333333333332	18.897922222222224
H1287	E	0	citric acid	organic_acid	E	0.8537161071937022	0.559	19.077383333333334
H1287	E	0	citric acid	organic_acid	F	0.9105438720747876	0.5653333333333332	18.813622222222225
H1287	E	0	citric acid	organic_acid	G	0.834954752075829	0.5492	18.79853888888889
H1287	E	0	citric acid	organic_acid	H	0.9733030554829832	0.5248	17.732294444444445
H1287	E	0	d-mannitol	sugar	A	1.4631272512972997	0.22270000000000004	7.905527777777778
H1287	E	0	d-mannitol	sugar	B	1.1837805984691436	0.22475	8.149554166666666
H1287	E	0	d-mannitol	sugar	C	1.5330429642915782	0.2201	8.022927777777777
H1287	E	0	d-mannitol	sugar	D	1.5297602905007939	0.22765	8.120765277777778
H1287	E	0	d-mannitol	sugar	E	0.8335475028422935	0.23570000000000005	8.343875
H1287	E	0	d-mannitol	sugar	F	1.0786682021929574	0.2338	8.124166666666667
H1287	E	0	d-mannitol	sugar	G	1.566177319042274	0.2358333333333333	8.552750000000001
H1287	E	0	d-mannitol	sugar	H	1.086432212598727	0.22240000000000004	8.238144444444444
H1287	E	0	d-mannitol	sugar	I	1.4123697086958737	0.48116666666666663	14.124405555555557
H1287	E	0	d-mannitol	sugar	J	1.224442030017132	0.4410833333333334	13.438076388888888
H1287	E	0	d-mannitol	sugar	K	1.2780045459727911	0.45874999999999994	13.9265375
H1287	E	0	d-mannitol	sugar	L	1.1858697135124827	0.4297500000000001	13.600054166666668
H1287	E	0	d-mannitol	sugar	M	1.5615536050507668	0.44250000000000006	14.011911111111113
H1287	E	0	d-mannitol	sugar	N	1.2402312024075355	0.46174999999999994	14.4983875
H1287	E	0	d-mannitol	sugar	O	1.149425103033814	0.4413333333333334	14.201522222222223
H1287	E	0	d-mannitol	sugar	P	1.1699728847541462	0.48766666666666664	14.954294444444445
H1287	E	0	dl-aspartic acid	amino_acid	A	1.230823806243973	0.2385	6.875222222222223
H1287	E	0	dl-aspartic acid	amino_acid	B	1.1878001850064444	0.2529	6.951066666666668
H1287	E	0	dl-aspartic acid	amino_acid	C	1.80347752130249	0.2093	7.091633333333333
H1287	E	0	dl-aspartic acid	amino_acid	D	1.5657255920608872	0.20358333333333337	6.422852777777778
H1287	E	0	dl-aspartic acid	amino_acid	E	1.5854545929268078	0.2227	7.4055
H1287	E	0	dl-aspartic acid	amino_acid	F	1.2648973654900961	0.2658	7.905716666666667
H1287	E	0	dl-aspartic acid	amino_acid	G	1.1339970291168886	0.2791666666666667	7.819011111111111
H1287	E	0	dl-aspartic acid	amino_acid	H	1.5710856153289707	0.20683333333333337	5.99315
H1287	E	0	glucose	sugar	A	1.33414918225695	0.30715	11.184070833333333
H1287	E	0	glucose	sugar	B	1.3854672211512291	0.29569999999999996	10.613233333333334
H1287	E	0	glucose	sugar	C	1.698258268403638	0.30345	11.573954166666667
H1287	E	0	glucose	sugar	D	1.2133784112980608	0.28	10.968555555555556
H1287	E	0	glucose	sugar	E	1.723840671046493	0.28650000000000003	11.218594444444445
H1287	E	0	glucose	sugar	F	1.2001639015076857	0.3008	11.39635
H1287	E	0	glucose	sugar	G	1.2593230351146503	0.30494999999999994	11.379237499999999
H1287	E	0	glucose	sugar	H	1.1876880629902764	0.3142	11.204355555555555
H1287	E	0	glycine	amino_acid	A	0.9928777566235979	0.01420000000000001	0.46601666666666686
H1287	E	0	glycine	amino_acid	B	1.0894286848253467	0.01615000000000001	0.5867375000000005
H1287	E	0	glycine	amino_acid	C	1.4771431801389747	0.0321	0.8714111111111112
H1287	E	0	glycine	amino_acid	D	1.0297583304080729	0.01875000000000001	0.632054166666667
H1287	E	0	glycine	amino_acid	E	1.0321264622040653	0.01635000000000001	0.5682375000000004
H1287	E	0	glycine	amino_acid	F	1.3190361585039587	0.01315000000000001	0.5064125000000004
H1287	E	0	glycine	amino_acid	G	1.0540017051679187	0.01255000000000001	0.47555416666666694
H1287	E	0	glycine	amino_acid	H	0.9947369217052482	0.01160000000000001	0.4297777777777778
H1287	E	0	glycolic acid	organic_acid	A	0.9460689927056745	0.063	1.4704333333333333
H1287	E	0	glycolic acid	organic_acid	B	1.0858593469166165	0.08189999999999999	2.5347
H1287	E	0	glycolic acid	organic_acid	C	1.2375435772149472	0.07391666666666667	2.148976388888889
H1287	E	0	glycolic acid	organic_acid	D	1.2146701081351106	0.0515	1.3830444444444443
H1287	E	0	glycolic acid	organic_acid	E	1.1316248610629607	0.03055	1.1563791666666663
H1287	E	0	glycolic acid	organic_acid	F	0.8973653454251908	0.05125000000000002	1.3821833333333333
H1287	E	0	glycolic acid	organic_acid	G	1.3032601894983897	0.02624999999999999	0.9328375000000002
H1287	E	0	glycolic acid	organic_acid	H	1.2213747777564954	0.04183333333333334	1.1910666666666665
H1287	E	0	histidine	amino_acid	A	1.3141663097152185	0.0345	0.5945611111111114
H1287	E	0	histidine	amino_acid	B	0.8114922168312767	0.02175	0.5585374999999997
H1287	E	0	histidine	amino_acid	C	0.9122711443387725	0.031	0.8575000000000002
H1287	E	0	histidine	amino_acid	D	1.0486162003576818	0.07583333333333335	1.379166666666667
H1287	E	0	histidine	amino_acid	E	1.2568961820803042	0.09691666666666666	2.0245930555555556
H1287	E	0	histidine	amino_acid	F	0.7960657264381302	0.07733333333333334	1.6795388888888887
H1287	E	0	histidine	amino_acid	G	1.3239873090000083	0.0855	1.6530277777777782
H1287	E	0	histidine	amino_acid	H	1.4041474200743782	0.06491666666666665	1.1529930555555552
H1287	E	0	l-alanine	amino_acid	A	0.922792298257432	0.07700000000000001	1.6745375000000005
H1287	E	0	l-alanine	amino_acid	B	1.17042415002353	0.02769999999999999	1.0646083333333334
H1287	E	0	l-alanine	amino_acid	C	1.1921596798299385	0.05934999999999998	2.2965430555555555
H1287	E	0	l-alanine	amino_acid	D	1.1806787634952118	0.05919999999999999	2.3929888888888886
H1287	E	0	l-alanine	amino_acid	E	1.2713069934897219	0.07300000000000001	1.1703763888888894
H1287	E	0	l-alanine	amino_acid	F	1.9269443525554966	0.08325	1.6028972222222226
H1287	E	0	l-alanine	amino_acid	G	1.1987692544809712	0.06055	2.2065972222222223
H1287	E	0	l-alanine	amino_acid	H	1.629935043960723	0.02274999999999999	0.8551972222222226
H1287	E	0	l-asparagine	amino_acid	A	1.0179787834000786	0.033	0.878127777777778
H1287	E	0	l-asparagine	amino_acid	B	0.9910583871167247	0.019	0.7230999999999999
H1287	E	0	l-asparagine	amino_acid	C	1.0073687359434638	0.03560000000000001	1.0400777777777777
H1287	E	0	l-asparagine	amino_acid	D	1.3207384818289247	0.06999999999999999	1.7097722222222218
H1287	E	0	l-asparagine	amino_acid	E	1.394468926090575	0.08958333333333333	2.643205555555556
H1287	E	0	l-asparagine	amino_acid	F	1.1902782177699074	0.0665	2.1044111111111112
H1287	E	0	l-asparagine	amino_acid	G	1.4171163597421585	0.07058333333333335	2.3418208333333337
H1287	E	0	l-asparagine	amino_acid	H	1.3041808364555447	0.06749999999999999	1.7535777777777775
H1287	E	0	l-asparagine	amino_acid	I	0.9722714267498368	0.29125	7.0497652777777775
H1287	E	0	l-asparagine	amino_acid	J	1.3281928409213997	0.234	6.12535
H1287	E	0	l-asparagine	amino_acid	K	0.9415262891717814	0.2303333333333333	6.16613888888889
H1287	E	0	l-asparagine	amino_acid	L	0.9038471514803037	0.21	5.949583333333334
H1287	E	0	l-asparagine	amino_acid	M	1.3008171853744326	0.2234166666666667	6.345940277777778
H1287	E	0	l-asparagine	amino_acid	N	1.0415613894365285	0.215	6.078600000000001
H1287	E	0	l-asparagine	amino_acid	O	1.5022527973622246	0.22505	6.364426388888889
H1287	E	0	l-asparagine	amino_acid	P	1.3716531622420538	0.29399999999999993	7.7276902777777785
H1287	E	0	l-cysteine	amino_acid	A	1.5365406130269583	0.03125	0.9867652777777777
H1287	E	0	l-cysteine	amino_acid	B	0.810810176884329	0.02799999999999999	0.8324166666666666
H1287	E	0	l-cysteine	amino_acid	C	0.9084047042467537	0.03566666666666667	1.1129777777777778
H1287	E	0	l-cysteine	amino_acid	D	0.8623936948894378	0.03900000000000001	1.1788166666666666
H1287	E	0	l-cysteine	amino_acid	E	0.8311904343625417	0.10233333333333336	2.6868555555555558
H1287	E	0	l-cysteine	amino_acid	F	0.9461706093111429	0.12099999999999998	3.1786666666666665
H1287	E	0	l-cysteine	amino_acid	G	0.9590199268547869	0.11541666666666668	2.385648611111111
H1287	E	0	l-cysteine	amino_acid	H	1.2446292931846294	0.12191666666666666	2.6988930555555557
H1287	E	0	l-cysteine	amino_acid	I	0.8386021421216241	0.14835	2.5913652777777783
H1287	E	0	l-cysteine	amino_acid	J	1.2092004722213556	0.0935	1.648594444444445
H1287	E	0	l-cysteine	amino_acid	K	0.779268742975312	0.14400000000000002	2.5453111111111117
H1287	E	0	l-cysteine	amino_acid	L	1.070908960664623	0.16735	2.9122097222222223
H1287	E	0	l-cysteine	amino_acid	M	0.8380995586694477	0.16759999999999997	3.6712555555555557
H1287	E	0	l-cysteine	amino_acid	N	1.0236093869273972	0.1731	3.1285222222222226
H1287	E	0	l-cysteine	amino_acid	O	0.8693176489829364	0.1165	1.9157611111111115
H1287	E	0	l-cysteine	amino_acid	P	0.7504970649775458	0.1796	2.2980833333333335
H1287	E	0	l-glutamine	amino_acid	A	0.9681054961905953	0.31265	6.542063888888889
H1287	E	0	l-glutamine	amino_acid	B	0.8686165683967119	0.26994999999999997	4.408648611111111
H1287	E	0	l-glutamine	amino_acid	C	1.2114350264282765	0.30015	6.587315277777777
H1287	E	0	l-glutamine	amino_acid	D	0.9652044749368739	0.23566666666666664	5.112861111111111
H1287	E	0	l-glutamine	amino_acid	E	1.0369960413537571	0.2396	4.62875
H1287	E	0	l-glutamine	amino_acid	F	0.893420292289473	0.2378	6.031161111111111
H1287	E	0	l-glutamine	amino_acid	G	1.9430164773788958	0.2678	5.5709333333333335
H1287	E	0	l-glutamine	amino_acid	H	1.873659016373881	0.26254999999999995	6.425554166666666
H1287	E	0	l-glutamine	amino_acid	I	1.618938956177509	0.16515	3.928176388888889
H1287	E	0	l-glutamine	amino_acid	J	1.0110012945163176	0.171	3.209533333333334
H1287	E	0	l-glutamine	amino_acid	K	1.0563366618070702	0.205	3.3911611111111117
H1287	E	0	l-glutamine	amino_acid	L	0.9780867542830887	0.1976	4.655316666666667
H1287	E	0	l-glutamine	amino_acid	M	0.9442509967328928	0.3566	7.369000000000001
H1287	E	0	l-glutamine	amino_acid	N	0.9124607931028254	0.1816	3.4845388888888893
H1287	E	0	l-glutamine	amino_acid	O	0.9011487869478224	0.17644999999999997	3.963297222222222
H1287	E	0	l-glutamine	amino_acid	P	1.0273409060131977	0.18458333333333332	4.3485861111111115
H1287	E	0	l-isoleucine	amino_acid	A	0.11440157580074854	0.00233333333333332	0.00233888888888888
H1287	E	0	l-isoleucine	amino_acid	B	0.8648728793119832	0.04941666666666666	1.1548819444444443
H1287	E	0	l-isoleucine	amino_acid	C	0.8619829302136403	0.02849999999999999	0.8234888888888887
H1287	E	0	l-isoleucine	amino_acid	D	0.908533590566121	0.02833333333333333	0.957922222222222
H1287	E	0	l-isoleucine	amino_acid	E	1.3338185378344989	0.02069999999999999	0.7820944444444444
H1287	E	0	l-isoleucine	amino_acid	F	1.1087626042179732	0.0656	2.1256000000000004
H1287	E	0	l-isoleucine	amino_acid	G	1.4697073194041603	0.04875	2.060026388888889
H1287	E	0	l-isoleucine	amino_acid	H	1.8111739104961673	0.06225	2.126515277777778
H1287	E	0	l-methionine	amino_acid	A	0.9767694609742122	0.00875	0.3343875
H1287	E	0	l-methionine	amino_acid	B	0.6444736545896731	0.01115000000000001	0.3791597222222223
H1287	E	0	l-methionine	amino_acid	C	1.972521281930333	0.02805	1.1220638888888885
H1287	E	0	l-methionine	amino_acid	D	1.3596698333319688	0.02739999999999999	0.8223499999999992
H1287	E	0	l-methionine	amino_acid	E	1.9076864672339806	0.01145000000000001	0.3627305555555556
H1287	E	0	l-methionine	amino_acid	F	1.802627185139883	0.01509999999999998	0.4135944444444444
H1287	E	0	l-methionine	amino_acid	G	0.9052117811640973	0.008	0.3005611111111111
H1287	E	0	l-methionine	amino_acid	H	2.1441991562518843	0.01964999999999999	0.5990638888888888
H1287	E	0	l-proline	amino_acid	A	1.0686970476473436	0.15799999999999997	3.1361152777777774
H1287	E	0	l-proline	amino_acid	B	0.9123886710427334	0.15675000000000003	3.191383333333334
H1287	E	0	l-proline	amino_acid	C	1.4242465185858182	0.06283333333333334	1.5787333333333335
H1287	E	0	l-proline	amino_acid	D	0.9503191981419027	0.14600000000000002	3.770516666666667
H1287	E	0	l-proline	amino_acid	E	1.032170782466503	0.1128	2.698166666666667
H1287	E	0	l-proline	amino_acid	F	1.3644204897686378	0.1263	2.6074777777777776
H1287	E	0	l-proline	amino_acid	G	0.9437164601524982	0.09000000000000001	1.9538666666666669
H1287	E	0	l-proline	amino_acid	H	1.4524284532839749	0.1235	2.3498277777777776
H1287	E	0	l-valine	amino_acid	A	1.0734124169396195	0.03175	1.1985375
H1287	E	0	l-valine	amino_acid	B	0.8775249006472832	0.03539999999999999	1.2492944444444438
H1287	E	0	l-valine	amino_acid	C	0.9848865364478936	0.04840000000000001	1.5666111111111114
H1287	E	0	l-valine	amino_acid	D	1.1663375288628297	0.05574999999999998	1.858448611111111
H1287	E	0	l-valine	amino_acid	E	0.9653765628728457	0.05459999999999999	1.7733888888888887
H1287	E	0	l-valine	amino_acid	F	1.3422089968538378	0.04425	1.4934486111111107
H1287	E	0	l-valine	amino_acid	G	1.2962048644411466	0.02805	1.016631944444444
H1287	E	0	l-valine	amino_acid	H	1.1540485274657741	0.03525	1.0779319444444442
H1287	E	0	lactic acid	organic_acid	A	1.6715432724304211	0.14825	3.372615277777778
H1287	E	0	lactic acid	organic_acid	B	1.5439904233097312	0.15250000000000002	2.8492611111111112
H1287	E	0	lactic acid	organic_acid	C	1.4674596230442232	0.1368333333333333	2.6963833333333334
H1287	E	0	lactic acid	organic_acid	D	1.414658251621782	0.13574999999999998	2.8888624999999997
H1287	E	0	lactic acid	organic_acid	E	1.7029805088088674	0.10249999999999998	1.9187833333333328
H1287	E	0	lactic acid	organic_acid	F	1.4161034917597997	0.13791666666666666	3.0613930555555555
H1287	E	0	lactic acid	organic_acid	G	0.880471938036663	0.12099999999999998	3.18035
H1287	E	0	lactic acid	organic_acid	H	1.367515377567874	0.12516666666666668	2.551888888888889
H1287	E	0	lactic acid	organic_acid	I	0.8119476965231467	0.166	2.6173166666666674
H1287	E	0	lactic acid	organic_acid	J	0.9210653196544474	0.133	2.49355
H1287	E	0	lactic acid	organic_acid	K	1.1014065192191342	0.15408333333333332	3.2329013888888887
H1287	E	0	lactic acid	organic_acid	L	0.9637003062586852	0.1663333333333333	3.8947388888888894
H1287	E	0	lactic acid	organic_acid	M	1.1518023729360538	0.15858333333333333	4.3729875
H1287	E	0	lactic acid	organic_acid	N	1.1031645147772915	0.17941666666666667	4.882890277777778
H1287	E	0	lactic acid	organic_acid	O	0.9162803357213981	0.18733333333333332	4.858505555555555
H1287	E	0	lactic acid	organic_acid	P	0.9364586244580139	0.199	3.7169000000000003
H1287	E	0	leucine	amino_acid	A	1.0975440492120743	0.10508333333333332	3.016926388888889
H1287	E	0	leucine	amino_acid	B	1.5427358796662407	0.10391666666666668	2.8185763888888893
H1287	E	0	leucine	amino_acid	C	1.5558217216653603	0.0985	2.742827777777778
H1287	E	0	leucine	amino_acid	D	1.0354724981250565	0.099	2.2888555555555556
H1287	E	0	leucine	amino_acid	E	0.9042328775145663	0.07100000000000001	1.4305333333333334
H1287	E	0	leucine	amino_acid	F	0.998761741791388	0.05808333333333333	1.2592430555555556
H1287	E	0	leucine	amino_acid	G	0.9502476943939934	0.09133333333333332	2.1923555555555554
H1287	E	0	leucine	amino_acid	H	1.1603022125363627	0.09975	3.179870833333333
H1287	E	0	malate	organic_acid	A	1.1191524084584217	0.21735	7.233743055555556
H1287	E	0	malate	organic_acid	B	1.4318949051948826	0.2045	6.775633333333333
H1287	E	0	malate	organic_acid	C	1.0599040688558239	0.203	7.185127777777778
H1287	E	0	malate	organic_acid	D	1.2661955338108877	0.20365000000000005	7.238383333333333
H1287	E	0	malate	organic_acid	E	1.0669690162095264	0.2046	7.498166666666667
H1287	E	0	malate	organic_acid	F	1.377988558741085	0.20355	7.392962499999999
H1287	E	0	malate	organic_acid	G	1.1173612034707263	0.21655	7.849015277777778
H1287	E	0	malate	organic_acid	H	1.588232333994939	0.21690000000000004	7.858411111111112
H1287	E	0	malonic acid	organic_acid	A	1.0087693509093738	0.1016	3.0695555555555556
H1287	E	0	malonic acid	organic_acid	B	1.0184925575730532	0.09733333333333334	3.0409222222222225
H1287	E	0	malonic acid	organic_acid	C	1.0249972505107088	0.1094	3.3050555555555556
H1287	E	0	malonic acid	organic_acid	D	0.9392554005811702	0.13415000000000002	3.8914208333333336
H1287	E	0	malonic acid	organic_acid	E	0.9359536421171623	0.1268	3.7546666666666666
H1287	E	0	malonic acid	organic_acid	F	0.9205483934309063	0.1486	4.476738888888889
H1287	E	0	malonic acid	organic_acid	G	1.1152764371327195	0.14640000000000003	3.5127111111111113
H1287	E	0	malonic acid	organic_acid	H	1.2519307239139288	0.16365	4.313620833333333
H1287	E	0	phenylalanine	amino_acid	A	1.399464219414002	0.0397	1.4361555555555556
H1287	E	0	phenylalanine	amino_acid	B	1.025575637913905	0.03294999999999998	1.2787208333333326
H1287	E	0	phenylalanine	amino_acid	C	1.5199608566288207	0.08449999999999999	2.540438888888889
H1287	E	0	phenylalanine	amino_acid	D	1.0408737307129818	0.1182	3.708938888888889
H1287	E	0	phenylalanine	amino_acid	E	1.1886303337060948	0.15255	3.7266874999999997
H1287	E	0	phenylalanine	amino_acid	F	0.9147152839485625	0.1012	2.8319611111111107
H1287	E	0	phenylalanine	amino_acid	G	0.9511853791871072	0.05719999999999999	1.6453555555555555
H1287	E	0	phenylalanine	amino_acid	H	1.7202288263690608	0.08025000000000002	1.8800805555555558
H1287	E	0	pyruvic acid	organic_acid	A	1.3556908878986942	0.3763	11.8476
H1287	E	0	pyruvic acid	organic_acid	B	0.9673482885424755	0.37733333333333335	11.762105555555555
H1287	E	0	pyruvic acid	organic_acid	C	1.3788229057618382	0.37925	11.753631944444445
H1287	E	0	pyruvic acid	organic_acid	D	0.9985773421892961	0.37333333333333335	11.763422222222223
H1287	E	0	pyruvic acid	organic_acid	E	1.0100014794942178	0.378	11.938633333333334
H1287	E	0	pyruvic acid	organic_acid	F	0.9547424158928433	0.372	11.7927
H1287	E	0	pyruvic acid	organic_acid	G	1.3947500257727328	0.3721	11.627666666666666
H1287	E	0	pyruvic acid	organic_acid	H	1.2930140071790652	0.37165	11.620315277777777
H1287	E	0	salicylic acid	organic_acid	A	0.3436456342783632	0.00439999999999999	0.08583333333333289
H1287	E	0	salicylic acid	organic_acid	B	0.5927947178729216	0.00119999999999999	0.02316666666666666
H1287	E	0	salicylic acid	organic_acid	C	0.4304385580290302	0.00424999999999999	0.07368333333333263
H1287	E	0	salicylic acid	organic_acid	D	0.5990473605071919	0.00414999999999999	0.09105138888888828
H1287	E	0	salicylic acid	organic_acid	E	0.5661435146101136	0.01279999999999999	0.38269999999999954
H1287	E	0	salicylic acid	organic_acid	F	1.3419611939982425	0.0203	0.7198833333333332
H1287	E	0	salicylic acid	organic_acid	G	0.04428995180553454	0.00575	0.0043625
H1287	E	0	salicylic acid	organic_acid	H	1.26593215835333	0.00165	0.010723611111111118
H1287	E	0	serine	amino_acid	A	0.8482972471920971	0.495	11.955233333333334
H1287	E	0	serine	amino_acid	B	1.258177106992923	0.48741666666666666	12.135206944444445
H1287	E	0	serine	amino_acid	C	1.0470090939429837	0.4280000000000001	11.539366666666668
H1287	E	0	serine	amino_acid	D	1.109667632459245	0.4503333333333333	12.329905555555555
H1287	E	0	serine	amino_acid	E	1.089345042725941	0.4603333333333333	12.623722222222224
H1287	E	0	serine	amino_acid	F	1.1982489601562716	0.4230833333333334	12.281109722222222
H1287	E	0	serine	amino_acid	G	1.1157731494096352	0.48333333333333334	12.988222222222223
H1287	E	0	serine	amino_acid	H	1.5771932935575474	0.53365	14.560543055555556
H1287	E	0	shikimic acid	organic_acid	A	1.5379480984880434	0.09725	2.594781944444444
H1287	E	0	shikimic acid	organic_acid	B	1.7391952755159321	0.09758333333333331	2.9953874999999996
H1287	E	0	shikimic acid	organic_acid	C	1.701132550980007	0.1015	3.1135944444444443
H1287	E	0	shikimic acid	organic_acid	D	1.6303450882197374	0.10116666666666668	2.829305555555556
H1287	E	0	shikimic acid	organic_acid	E	1.4181586563775914	0.08116666666666666	1.9165555555555553
H1287	E	0	shikimic acid	organic_acid	F	0.9544540804855397	0.091	2.293816666666667
H1287	E	0	shikimic acid	organic_acid	G	1.473827196011631	0.09725	2.533631944444444
H1287	E	0	shikimic acid	organic_acid	H	2.0213152636515304	0.09316666666666666	2.8176555555555556
H1287	E	0	sodium acetate	organic_acid	A	1.4294691509526036	0.05205000000000001	1.7861861111111115
H1287	E	0	sodium acetate	organic_acid	B	0.9448300741197171	0.05025	1.5806541666666662
H1287	E	0	sodium acetate	organic_acid	C	0.9353315057867307	0.05909999999999998	1.896044444444444
H1287	E	0	sodium acetate	organic_acid	D	0.9375762687128617	0.04595	1.5729458333333328
H1287	E	0	sodium acetate	organic_acid	E	1.0283825880972197	0.04715000000000001	1.6091958333333336
H1287	E	0	sodium acetate	organic_acid	F	0.7846185743463487	0.06745000000000001	1.9924694444444444
H1287	E	0	sodium acetate	organic_acid	G	1.0873011556213348	0.05416666666666666	1.8121055555555559
H1287	E	0	sodium acetate	organic_acid	H	0.7096280528359032	0.05699999999999999	1.863144444444444
H1287	E	0	starch	sugar	A	0.9205123046478412	0.13475	3.1113708333333334
H1287	E	0	starch	sugar	B	1.2773611366092035	0.1333	3.2571000000000003
H1287	E	0	starch	sugar	C	0.9654320237629554	0.12375	3.160765277777778
H1287	E	0	starch	sugar	D	0.9169389602583903	0.14675000000000002	3.490204166666667
H1287	E	0	starch	sugar	E	0.9146078472918558	0.12975	3.3676875
H1287	E	0	starch	sugar	F	0.8305400542240572	0.128	3.2575833333333337
H1287	E	0	starch	sugar	G	0.9802980741941388	0.12875	3.357865277777778
H1287	E	0	starch	sugar	H	0.9944925450158383	0.12708333333333333	2.9891930555555555
H1287	E	0	succinic acid	organic_acid	A	1.0507479482179802	0.21783333333333335	4.392647222222222
H1287	E	0	succinic acid	organic_acid	B	1.0726174888183062	0.16516666666666668	3.5851694444444444
H1287	E	0	succinic acid	organic_acid	C	1.2279340720916005	0.18874999999999997	4.366554166666667
H1287	E	0	succinic acid	organic_acid	D	1.9894730157572214	0.26058333333333333	5.915086111111111
H1287	E	0	succinic acid	organic_acid	E	1.2940832552712453	0.26675000000000004	6.206984722222223
H1287	E	0	succinic acid	organic_acid	F	1.6327677223679935	0.23116666666666663	5.4370722222222225
H1287	E	0	succinic acid	organic_acid	G	1.157634371496247	0.24241666666666667	4.983448611111112
H1287	E	0	succinic acid	organic_acid	H	1.2441472203018233	0.24	4.8920666666666675
H1287	E	0	sucrose	sugar	A	1.0596770458334113	0.08614999999999999	2.8835263888888893
H1287	E	0	sucrose	sugar	B	1.5373605021624168	0.0905	3.0770611111111115
H1287	E	0	sucrose	sugar	C	1.4397336998243342	0.09425	3.1091763888888884
H1287	E	0	sucrose	sugar	D	1.1093861017740185	0.10855	3.5386597222222225
H1287	E	0	sucrose	sugar	E	1.514360647457983	0.08985	3.1029097222222224
H1287	E	0	sucrose	sugar	F	0.93228297241	0.08739999999999999	3.0625388888888887
H1287	E	0	sucrose	sugar	G	1.5406450453534275	0.08845	3.1925708333333334
H1287	E	0	sucrose	sugar	H	1.0852503155220414	0.08495000000000001	2.8099986111111113
H1287	E	0	taurine	amino_acid	A	1.3274153736388343	0.08565	1.6696208333333336
H1287	E	0	taurine	amino_acid	B	0.9852432989178638	0.04655	1.3337541666666661
H1287	E	0	taurine	amino_acid	C	0.9951539733236302	0.04641666666666668	1.3600319444444446
H1287	E	0	taurine	amino_acid	D	0.9448721426661031	0.06866666666666667	1.5956944444444445
H1287	E	0	taurine	amino_acid	E	1.3357460510958126	0.04525	1.2919652777777773
H1287	E	0	taurine	amino_acid	F	0.8912601182432606	0.05433333333333332	1.270338888888889
H1287	E	0	taurine	amino_acid	G	0.9585167218684862	0.03135	1.1563263888888888
H1287	E	0	taurine	amino_acid	H	0.9201212162746074	0.07250000000000001	1.3889333333333334
H1287	E	0	threonine	amino_acid	A	1.5780469891228615	0.0815	2.226038888888889
H1287	E	0	threonine	amino_acid	B	1.0438191353857755	0.1172	2.6840111111111113
H1287	E	0	threonine	amino_acid	C	1.4125165467898542	0.1063	3.2486833333333336
H1287	E	0	threonine	amino_acid	D	1.179772378908963	0.10675	3.399376388888889
H1287	E	0	threonine	amino_acid	E	1.1144991088839042	0.1964	5.439361111111111
H1287	E	0	threonine	amino_acid	F	1.6072855401408592	0.1868	5.393455555555556
H1287	E	0	threonine	amino_acid	G	1.1764357226742292	0.22741666666666663	6.401548611111111
H1287	E	0	threonine	amino_acid	H	1.6652526408098474	0.34590000000000004	9.572683333333334
H1287	E	0	xylose	sugar	A	1.2186120182711577	0.353	11.834383333333333
H1287	E	0	xylose	sugar	B	1.6995899562233987	0.34650000000000003	11.216105555555556
H1287	E	0	xylose	sugar	C	1.1129616394809945	0.348	11.574808333333333
H1287	E	0	xylose	sugar	D	1.700855031640158	0.3125	11.117116666666666
H1287	E	0	xylose	sugar	E	1.6100095003633932	0.32025000000000003	11.1671
H1287	E	0	xylose	sugar	F	1.2361904875371357	0.31099999999999994	10.978404166666666
H1287	E	0	xylose	sugar	G	1.8241961473177746	0.31525	11.201152777777777
H1287	E	0	xylose	sugar	H	1.1708295371335862	0.35875	12.223065277777778
H1287	E	512	4-hydroxybenzoic acid	organic_acid	A	0.5026634885721591	0.04794999999999998	1.6858486111111104
H1287	E	512	4-hydroxybenzoic acid	organic_acid	B	0.5594666098927297	0.05966666666666666	2.0153111111111106
H1287	E	512	4-hydroxybenzoic acid	organic_acid	C	0.523617115436478	0.08895	3.0237874999999996
H1287	E	512	4-hydroxybenzoic acid	organic_acid	D	0.7485127209482062	0.07666666666666665	2.5518611111111107
H1287	E	512	4-hydroxybenzoic acid	organic_acid	E	0.7035484135554498	0.08141666666666665	2.3191986111111107
H1287	E	512	4-hydroxybenzoic acid	organic_acid	F	0.9092554281949051	0.08233333333333333	2.407205555555555
H1287	E	512	4-hydroxybenzoic acid	organic_acid	G	0.9320194403326902	0.06366666666666666	1.9638277777777773
H1287	E	512	4-hydroxybenzoic acid	organic_acid	H	0.7040924223925759	0.088	2.3403166666666664
H1287	E	512	4-hydroxybenzoic acid	organic_acid	I	1.0502374384608817	0.08333333333333333	1.4657388888888891
H1287	E	512	4-hydroxybenzoic acid	organic_acid	J	1.1216566319716106	0.03208333333333332	0.6612180555555552
H1287	E	512	4-hydroxybenzoic acid	organic_acid	K	1.1994690349583539	0.07533333333333335	1.291605555555556
H1287	E	512	4-hydroxybenzoic acid	organic_acid	L	1.192279144595354	0.07950000000000002	1.7476319444444448
H1287	E	512	4-hydroxybenzoic acid	organic_acid	M	1.0138865903829368	0.07066666666666666	1.8848111111111108
H1287	E	512	4-hydroxybenzoic acid	organic_acid	N	0.9579011379068404	0.07175	2.313529166666666
H1287	E	512	4-hydroxybenzoic acid	organic_acid	O	1.0430838610918773	0.07483333333333334	2.255816666666666
H1287	E	512	4-hydroxybenzoic acid	organic_acid	P	0.9346591808653848	0.06899999999999999	1.9864999999999995
H1287	E	512	arabinose	sugar	A	2.0869361008085665	0.6399166666666667	19.134125
H1287	E	512	arabinose	sugar	B	1.3843373265419545	0.51575	17.132070833333334
H1287	E	512	arabinose	sugar	C	1.3542690627056935	0.5250833333333333	17.649109722222224
H1287	E	512	arabinose	sugar	D	1.3984293406733996	0.52775	17.71474305555556
H1287	E	512	arabinose	sugar	E	1.8966131824103796	0.5285	17.736283333333333
H1287	E	512	arabinose	sugar	F	1.8273887682124241	0.5349	18.218633333333333
H1287	E	512	arabinose	sugar	G	1.9096804803572525	0.5453000000000001	19.171633333333336
H1287	E	512	arabinose	sugar	H	1.4917788353773178	0.6340833333333333	20.548522222222225
H1287	E	512	cellobiose	sugar	A	1.230410433321812	0.3769499999999999	10.647948611111111
H1287	E	512	cellobiose	sugar	B	1.2590964172576755	0.36975	10.0941875
H1287	E	512	cellobiose	sugar	C	1.2593090793223047	0.41615	11.36194861111111
H1287	E	512	cellobiose	sugar	D	1.2669315743359961	0.40575000000000006	11.570748611111112
H1287	E	512	cellobiose	sugar	E	1.3091697213451354	0.44595	12.847970833333333
H1287	E	512	cellobiose	sugar	F	1.6107458994556838	0.41725	11.165209722222222
H1287	E	512	cellobiose	sugar	G	1.2901407417804192	0.4131500000000001	12.47771527777778
H1287	E	512	cellobiose	sugar	H	1.3021001010493698	0.45235	13.305981944444445
H1287	E	512	citric acid	organic_acid	A	1.167694573655284	0.6639166666666667	20.808676388888887
H1287	E	512	citric acid	organic_acid	B	0.8850604729899071	0.5863999999999999	19.592744444444445
H1287	E	512	citric acid	organic_acid	C	0.9875287808292755	0.5024	17.51535
H1287	E	512	citric acid	organic_acid	D	0.8926932823472562	0.5576000000000001	19.32187777777778
H1287	E	512	citric acid	organic_acid	E	0.8847533859568091	0.571	19.29576666666667
H1287	E	512	citric acid	organic_acid	F	0.8725401707703155	0.5336666666666667	18.086994444444446
H1287	E	512	citric acid	organic_acid	G	0.8767812912110906	0.5796666666666667	19.43177777777778
H1287	E	512	citric acid	organic_acid	H	2.222816694276376	0.6079166666666667	19.87580833333333
H1287	E	512	d-mannitol	sugar	A	0.46937899297092983	9.999999999999953e-4	0.0027611111111111044
H1287	E	512	d-mannitol	sugar	B	1.5752252637217072	0.6919	21.96691388888889
H1287	E	512	d-mannitol	sugar	C	1.2284950388496951	0.4920833333333334	16.43840972222222
H1287	E	512	d-mannitol	sugar	D	1.1513968069460787	0.43641666666666673	14.459348611111114
H1287	E	512	d-mannitol	sugar	E	1.4727538338512012	0.4601666666666666	16.080005555555555
H1287	E	512	d-mannitol	sugar	F	1.2812365924077136	0.45475	15.988587500000001
H1287	E	512	d-mannitol	sugar	G	1.6356503081025384	0.48916666666666664	15.262322222222222
H1287	E	512	d-mannitol	sugar	H	1.3249991763977298	0.5153333333333333	15.62238888888889
H1287	E	512	d-mannitol	sugar	I	1.2653874679073618	0.44575	13.8962375
H1287	E	512	d-mannitol	sugar	J	1.1493320490964687	0.458	14.482266666666668
H1287	E	512	d-mannitol	sugar	K	1.475464144247005	0.4435833333333334	14.166654166666667
H1287	E	512	d-mannitol	sugar	L	1.4798228684849615	0.41891666666666666	13.823409722222223
H1287	E	512	d-mannitol	sugar	M	1.201177254243387	0.40675000000000006	13.380254166666667
H1287	E	512	d-mannitol	sugar	N	0.8060410708714537	0.4374499999999999	15.192641666666667
H1287	E	512	d-mannitol	sugar	O	1.2687717031134496	0.39075	13.344554166666667
H1287	E	512	d-mannitol	sugar	P	1.1615879227139667	0.421	14.328000000000001
H1287	E	512	dl-aspartic acid	amino_acid	A	1.3246594378488807	0.20390000000000005	5.549211111111111
H1287	E	512	dl-aspartic acid	amino_acid	B	1.0157649380038394	0.2	5.233161111111111
H1287	E	512	dl-aspartic acid	amino_acid	C	0.8248396157195965	0.207	5.696533333333334
H1287	E	512	dl-aspartic acid	amino_acid	D	1.0027189516162485	0.17575	5.219794444444444
H1287	E	512	dl-aspartic acid	amino_acid	E	1.1080507634668688	0.229	5.934855555555556
H1287	E	512	dl-aspartic acid	amino_acid	F	1.0785614792378717	0.2305	5.860094444444445
H1287	E	512	dl-aspartic acid	amino_acid	G	1.0735835346066014	0.2179166666666667	5.755030555555556
H1287	E	512	dl-aspartic acid	amino_acid	H	1.9028792709211333	0.20125	5.345563888888889
H1287	E	512	glucose	sugar	A	1.3252221570409564	0.33035	11.751681944444444
H1287	E	512	glucose	sugar	B	1.6410768337344175	0.31494999999999995	11.364401388888888
H1287	E	512	glucose	sugar	C	1.7102923515312318	0.3229	11.901116666666667
H1287	E	512	glucose	sugar	D	1.7063911973374875	0.30469999999999997	11.365427777777777
H1287	E	512	glucose	sugar	E	1.4442084934786716	0.29555	11.80984861111111
H1287	E	512	glucose	sugar	F	1.398846686157258	0.30334999999999995	11.626531944444443
H1287	E	512	glucose	sugar	G	1.2516520572043859	0.32680000000000003	11.815016666666667
H1287	E	512	glucose	sugar	H	1.6217920177868976	0.33416666666666667	12.023072222222222
H1287	E	512	glycine	amino_acid	A	0.9036413771361073	0.0866	2.313
H1287	E	512	glycine	amino_acid	B	0.9582430187551397	0.07420000000000002	1.6848500000000004
H1287	E	512	glycine	amino_acid	C	1.0395458424097084	0.0876	2.2327444444444446
H1287	E	512	glycine	amino_acid	D	1.5410460010282632	0.05783333333333333	1.5963833333333335
H1287	E	512	glycine	amino_acid	E	0.913804716786406	0.0698	2.042127777777778
H1287	E	512	glycine	amino_acid	F	0.9947809863845728	0.07075000000000001	2.2069541666666668
H1287	E	512	glycine	amino_acid	G	1.0720040471913517	0.0654	2.003511111111111
H1287	E	512	glycine	amino_acid	H	1.5604110115350422	0.08030000000000001	1.8715277777777783
H1287	E	512	glycolic acid	organic_acid	A	1.1501053788294218	0.03516666666666667	1.2024888888888887
H1287	E	512	glycolic acid	organic_acid	B	0.9954991504975865	0.03195	1.1932569444444443
H1287	E	512	glycolic acid	organic_acid	C	1.0754251492445654	0.04210000000000001	1.4054055555555556
H1287	E	512	glycolic acid	organic_acid	D	0.9293301862127561	0.0365	1.311688888888889
H1287	E	512	glycolic acid	organic_acid	E	1.0734425720888034	0.04358333333333334	1.4179708333333334
H1287	E	512	glycolic acid	organic_acid	F	0.858221630311344	0.03866666666666667	1.3319444444444444
H1287	E	512	glycolic acid	organic_acid	G	0.9417152370785526	0.05866666666666666	1.806477777777778
H1287	E	512	glycolic acid	organic_acid	H	1.132499705943603	0.05454999999999999	1.6113347222222223
H1287	E	512	histidine	amino_acid	A	0.8866364265039745	0.04241666666666668	0.6698152777777782
H1287	E	512	histidine	amino_acid	B	1.3705113167732976	0.02744999999999998	0.749859722222222
H1287	E	512	histidine	amino_acid	C	0.9136969157005582	0.04633333333333334	1.0986055555555558
H1287	E	512	histidine	amino_acid	D	1.2366011960104895	0.09891666666666668	2.1350430555555553
H1287	E	512	histidine	amino_acid	E	1.1246380500777289	0.11716666666666668	2.7349055555555553
H1287	E	512	histidine	amino_acid	F	1.1116105365220863	0.11325	2.558948611111111
H1287	E	512	histidine	amino_acid	G	1.15599666189632	0.12391666666666663	2.6465763888888887
H1287	E	512	histidine	amino_acid	H	1.1863928111384303	0.10116666666666668	1.9702388888888893
H1287	E	512	l-alanine	amino_acid	A	0.8172955280318628	0.0206	0.5766833333333337
H1287	E	512	l-alanine	amino_acid	B	0.8252322365115736	0.0216	0.607166666666667
H1287	E	512	l-alanine	amino_acid	C	0.8657334089767411	0.02933333333333333	0.8841555555555557
H1287	E	512	l-alanine	amino_acid	D	0.8561839505166636	0.04260000000000001	1.096438888888889
H1287	E	512	l-alanine	amino_acid	E	0.8355469635907137	0.0498	1.3435777777777778
H1287	E	512	l-alanine	amino_acid	F	0.8844540672899014	0.03599999999999999	1.0211444444444442
H1287	E	512	l-alanine	amino_acid	G	0.8708496389602396	0.07320000000000002	2.1209444444444445
H1287	E	512	l-alanine	amino_acid	H	1.1541295788658357	0.06570000000000001	2.351925
H1287	E	512	l-asparagine	amino_acid	A	1.3735861339812256	0.3105833333333334	8.191570833333333
H1287	E	512	l-asparagine	amino_acid	B	0.903273798230455	0.3094	8.17537777777778
H1287	E	512	l-asparagine	amino_acid	C	1.374438484899305	0.26916666666666667	7.719522222222222
H1287	E	512	l-asparagine	amino_acid	D	1.4028489114920457	0.2527	7.553838888888889
H1287	E	512	l-asparagine	amino_acid	E	1.38501481667671	0.25	7.4601500000000005
H1287	E	512	l-asparagine	amino_acid	F	0.9403212755750058	0.2934	8.326600000000001
H1287	E	512	l-asparagine	amino_acid	G	1.402261089904453	0.3145	8.651016666666667
H1287	E	512	l-asparagine	amino_acid	H	1.3182265960062431	0.2624166666666667	7.818856944444445
H1287	E	512	l-asparagine	amino_acid	I	1.0593592999576893	0.3204166666666666	8.471198611111111
H1287	E	512	l-asparagine	amino_acid	J	1.101553535554919	0.27666666666666667	7.5348500000000005
H1287	E	512	l-asparagine	amino_acid	K	0.9756264634669768	0.268	7.575000000000001
H1287	E	512	l-asparagine	amino_acid	L	1.054367733178217	0.256	7.239615277777778
H1287	E	512	l-asparagine	amino_acid	M	0.9953712375109478	0.2664	7.616122222222223
H1287	E	512	l-asparagine	amino_acid	N	0.8932074876012469	0.28085	8.018731944444443
H1287	E	512	l-asparagine	amino_acid	O	1.378687336208384	0.29191666666666666	8.256259722222223
H1287	E	512	l-asparagine	amino_acid	P	1.4727196055365808	0.3065833333333334	8.595604166666668
H1287	E	512	l-cysteine	amino_acid	A	0.7493413182684193	0.08066666666666668	1.2024111111111115
H1287	E	512	l-cysteine	amino_acid	B	1.2896561603182393	0.0465	0.9268000000000003
H1287	E	512	l-cysteine	amino_acid	C	1.1869568296506416	0.06491666666666666	0.9973097222222226
H1287	E	512	l-cysteine	amino_acid	D	1.6899989463589407	0.1085	3.1820777777777782
H1287	E	512	l-cysteine	amino_acid	E	0.9640204361596184	0.1316	3.1038833333333335
H1287	E	512	l-cysteine	amino_acid	F	1.4633012892325687	0.10241666666666668	3.015165277777778
H1287	E	512	l-cysteine	amino_acid	G	1.2661997900529534	0.02449999999999999	0.7159166666666668
H1287	E	512	l-cysteine	amino_acid	H	1.3549853147618238	0.03158333333333332	0.9464541666666663
H1287	E	512	l-glutamine	amino_acid	A	1.2411163026045842	0.14975	4.1256875
H1287	E	512	l-glutamine	amino_acid	B	1.4401449280926133	0.1674	4.367927777777778
H1287	E	512	l-glutamine	amino_acid	C	0.9490118349248123	0.13566666666666669	3.716977777777778
H1287	E	512	l-glutamine	amino_acid	D	0.909637854168309	0.15400000000000005	4.167466666666667
H1287	E	512	l-glutamine	amino_acid	E	1.3894195238498694	0.18233333333333332	4.843522222222222
H1287	E	512	l-glutamine	amino_acid	F	1.0423396511164824	0.1365	3.710894444444445
H1287	E	512	l-glutamine	amino_acid	G	1.3761593776195598	0.14255	3.9125097222222225
H1287	E	512	l-glutamine	amino_acid	H	1.10569733004303	0.14041666666666666	4.000081944444444
H1287	E	512	l-glutamine	amino_acid	I	0.9998751112975804	0.1831	3.8780111111111113
H1287	E	512	l-glutamine	amino_acid	J	0.8763287744107586	0.19891666666666669	5.471526388888889
H1287	E	512	l-glutamine	amino_acid	K	0.9428602742369031	0.17866666666666667	4.117694444444445
H1287	E	512	l-glutamine	amino_acid	L	0.9651468766071938	0.1794	4.5858
H1287	E	512	l-glutamine	amino_acid	M	0.9892275333788595	0.22325	5.321665277777778
H1287	E	512	l-glutamine	amino_acid	N	1.2115754180955647	0.19134999999999996	4.780620833333333
H1287	E	512	l-glutamine	amino_acid	O	1.0602725542101654	0.24883333333333332	6.158200000000001
H1287	E	512	l-glutamine	amino_acid	P	0.9968662621181069	0.20275	5.191709722222222
H1287	E	512	l-isoleucine	amino_acid	A	1.55053368920255	0.0355	1.2292611111111111
H1287	E	512	l-isoleucine	amino_acid	B	1.1797939322406463	0.01975000000000001	0.7541513888888893
H1287	E	512	l-isoleucine	amino_acid	C	0.7381489973073516	2.500000000000002e-4	3.444444444444447e-4
H1287	E	512	l-isoleucine	amino_acid	D	1.3201355417670066	0.04825000000000001	1.5697708333333336
H1287	E	512	l-isoleucine	amino_acid	E	1.3354925643372224	0.08015000000000001	2.9676819444444447
H1287	E	512	l-isoleucine	amino_acid	F	1.0238659390069322	0.03715	1.255859722222222
H1287	E	512	l-isoleucine	amino_acid	G	0.9050692147526477	0.02114999999999999	0.7579041666666669
H1287	E	512	l-isoleucine	amino_acid	H	1.4246921025758141	0.02384999999999999	0.8669986111111108
H1287	E	512	l-methionine	amino_acid	A	1.4458340096246884	0.00990000000000001	0.29993333333333333
H1287	E	512	l-methionine	amino_acid	B	1.298902528837566	0.01110000000000001	0.4086222222222223
H1287	E	512	l-methionine	amino_acid	C	0.8009744068301187	0.03833333333333334	0.6988555555555557
H1287	E	512	l-methionine	amino_acid	D	1.1908061201878786	0.0085	0.27902777777777776
H1287	E	512	l-methionine	amino_acid	E	1.2129570622732944	0.0345	1.0960055555555557
H1287	E	512	l-methionine	amino_acid	F	0.9191797768501143	0.01741666666666666	0.5081986111111108
H1287	E	512	l-methionine	amino_acid	G	0.9527092366775357	0.02508333333333331	0.6229263888888885
H1287	E	512	l-methionine	amino_acid	H	0.9066576265133781	0.01935	0.4726152777777774
H1287	E	512	l-proline	amino_acid	A	1.5368908108371937	0.1723	3.7099166666666665
H1287	E	512	l-proline	amino_acid	B	1.5115960259898398	0.1845	3.4998777777777783
H1287	E	512	l-proline	amino_acid	C	1.5953946030598705	0.1775	4.33405
H1287	E	512	l-proline	amino_acid	D	1.2658291446512806	0.13015	3.127248611111111
H1287	E	512	l-proline	amino_acid	E	1.0267088245525717	0.1805	3.4664333333333337
H1287	E	512	l-proline	amino_acid	F	1.5004427882907416	0.17329999999999998	3.362316666666667
H1287	E	512	l-proline	amino_acid	G	1.1318056643362013	0.15475000000000003	2.8092541666666673
H1287	E	512	l-proline	amino_acid	H	1.8581473650047242	0.16804999999999998	3.6613305555555558
H1287	E	512	l-valine	amino_acid	A	1.4999468482631544	0.07625000000000001	2.5623208333333336
H1287	E	512	l-valine	amino_acid	B	1.3508748676241427	0.08415	2.9977069444444444
H1287	E	512	l-valine	amino_acid	C	1.3952132123751815	0.10415	3.8573875
H1287	E	512	l-valine	amino_acid	D	1.6465123618313529	0.07365000000000001	2.373015277777778
H1287	E	512	l-valine	amino_acid	E	1.4713080900005675	0.11455	3.248168055555556
H1287	E	512	l-valine	amino_acid	F	1.940383663154355	0.08889999999999999	3.1504611111111114
H1287	E	512	l-valine	amino_acid	G	1.4187142360397071	0.1015	3.5145333333333335
H1287	E	512	l-valine	amino_acid	H	0.9909052031679284	0.03641666666666667	1.3624319444444444
H1287	E	512	lactic acid	organic_acid	A	1.0373089205555763	0.27166666666666667	4.664316666666667
H1287	E	512	lactic acid	organic_acid	B	0.9424462117496057	0.25266666666666665	4.407394444444445
H1287	E	512	lactic acid	organic_acid	C	1.1707073931617051	0.24641666666666667	4.677856944444445
H1287	E	512	lactic acid	organic_acid	D	1.1460875227626734	0.24658333333333332	5.383070833333334
H1287	E	512	lactic acid	organic_acid	E	0.766796192796694	0.2414166666666667	5.613790277777778
H1287	E	512	lactic acid	organic_acid	F	0.9591978543021061	0.26033333333333336	6.054438888888889
H1287	E	512	lactic acid	organic_acid	G	0.9649810436878766	0.238	5.902966666666667
H1287	E	512	lactic acid	organic_acid	H	0.9831084901124894	0.29266666666666663	6.491144444444445
H1287	E	512	leucine	amino_acid	A	1.492854166279254	0.03649999999999999	1.2719444444444439
H1287	E	512	leucine	amino_acid	B	0.9946484524979259	0.03055	1.156448611111111
H1287	E	512	leucine	amino_acid	C	0.9781231398719502	0.0962	1.8753999999999995
H1287	E	512	leucine	amino_acid	D	1.2249124092665569	0.07595	2.293484722222222
H1287	E	512	leucine	amino_acid	E	1.3025511385790105	0.08674999999999998	2.5166680555555554
H1287	E	512	leucine	amino_acid	F	1.3623141773190177	0.0681	1.9862111111111107
H1287	E	512	leucine	amino_acid	G	1.0732571519758383	0.04508333333333333	1.3569263888888885
H1287	E	512	leucine	amino_acid	H	1.072793445611812	0.04508333333333333	1.3962597222222217
H1287	E	512	malate	organic_acid	A	1.441167339541546	0.19166666666666668	6.569961111111111
H1287	E	512	malate	organic_acid	B	2.1386560650053807	0.1863	7.225822222222222
H1287	E	512	malate	organic_acid	C	1.6806841787086613	0.19375	7.433220833333333
H1287	E	512	malate	organic_acid	D	1.9548432378142415	0.22124999999999995	8.205893055555554
H1287	E	512	malate	organic_acid	E	1.6282003216801006	0.19175	7.282220833333334
H1287	E	512	malate	organic_acid	F	1.550558405139934	0.2308	8.720233333333333
H1287	E	512	malate	organic_acid	G	1.9563141377430933	0.2257	8.422527777777777
H1287	E	512	malate	organic_acid	H	1.3434064167647204	0.20133333333333336	7.545755555555555
H1287	E	512	malonic acid	organic_acid	A	0.983981373977176	0.1004	3.3773444444444443
H1287	E	512	malonic acid	organic_acid	B	0.7840484066570673	0.10520000000000002	3.287716666666667
H1287	E	512	malonic acid	organic_acid	C	1.1076191108758393	0.11325	3.6991819444444443
H1287	E	512	malonic acid	organic_acid	D	0.886739852164343	0.1102	3.503833333333333
H1287	E	512	malonic acid	organic_acid	E	0.9501446927960119	0.0924	3.1390222222222217
H1287	E	512	malonic acid	organic_acid	F	1.2128718070073605	0.07854999999999998	2.8076124999999994
H1287	E	512	malonic acid	organic_acid	G	0.9965379531593448	0.07794999999999999	2.8524847222222216
H1287	E	512	malonic acid	organic_acid	H	1.1565407084220545	0.08324999999999999	2.8889874999999994
H1287	E	512	phenylalanine	amino_acid	A	1.5566317225556812	0.10058333333333334	2.417454166666667
H1287	E	512	phenylalanine	amino_acid	B	1.4896812320412798	0.10991666666666668	3.2372597222222224
H1287	E	512	phenylalanine	amino_acid	C	1.480603763071587	0.10858333333333337	2.7214875000000003
H1287	E	512	phenylalanine	amino_acid	D	1.3806465368907495	0.10708333333333336	2.9854472222222226
H1287	E	512	phenylalanine	amino_acid	E	1.46426636365926	0.1185	3.4269777777777777
H1287	E	512	phenylalanine	amino_acid	F	1.4865035322294793	0.1155	3.3362444444444446
H1287	E	512	phenylalanine	amino_acid	G	1.0096809170813132	0.10915	2.9670708333333335
H1287	E	512	phenylalanine	amino_acid	H	0.9681079006627068	0.10399999999999998	2.994566666666666
H1287	E	512	pyruvic acid	organic_acid	A	0.859578629518428	0.4116666666666667	12.400761111111112
H1287	E	512	pyruvic acid	organic_acid	B	1.286035722544004	0.33341666666666664	10.58242361111111
H1287	E	512	pyruvic acid	organic_acid	C	1.0013048740715165	0.399	11.953683333333334
H1287	E	512	pyruvic acid	organic_acid	D	1.2064715595289934	0.33016666666666666	10.77898888888889
H1287	E	512	pyruvic acid	organic_acid	E	1.0221868095986488	0.319	10.534816666666666
H1287	E	512	pyruvic acid	organic_acid	F	1.0439072959364502	0.31866666666666665	10.595194444444445
H1287	E	512	pyruvic acid	organic_acid	G	1.356144345092676	0.3865	11.954394444444445
H1287	E	512	pyruvic acid	organic_acid	H	1.0433372965316277	0.39433333333333337	12.137672222222223
H1287	E	512	salicylic acid	organic_acid	A	0.5207515489079994	0.003	0.06851666666666667
H1287	E	512	salicylic acid	organic_acid	B	0.744717540654256	0.00399999999999999	0.09898333333333256
H1287	E	512	salicylic acid	organic_acid	C	0.5963493250117347	7.500000000000007e-4	0.0065166666666666715
H1287	E	512	salicylic acid	organic_acid	D	0.6123534332648739	0.00394999999999999	0.06319583333333298
H1287	E	512	salicylic acid	organic_acid	E	0.5321686599564672	0.01100000000000001	0.23416666666666672
H1287	E	512	salicylic acid	organic_acid	F	1.2689321890103542	0.01285000000000001	0.49329861111111145
H1287	E	512	salicylic acid	organic_acid	G	0.6803618667455221	3.999999999999948e-4	6.66666666666658e-4
H1287	E	512	salicylic acid	organic_acid	H	0.47520368883721753	4.999999999999958e-4	3.0833333333333076e-4
H1287	E	512	serine	amino_acid	A	1.307069772422423	0.46741666666666665	12.622115277777779
H1287	E	512	serine	amino_acid	B	1.2892265510757286	0.35708333333333336	11.189909722222223
H1287	E	512	serine	amino_acid	C	1.7451811310710303	0.3511666666666666	11.352905555555557
H1287	E	512	serine	amino_acid	D	1.538115826962306	0.34783333333333333	11.552066666666667
H1287	E	512	serine	amino_acid	E	1.1561232789109075	0.3443333333333334	11.353522222222223
H1287	E	512	serine	amino_acid	F	1.2832877025202047	0.3104166666666666	10.564431944444445
H1287	E	512	serine	amino_acid	G	1.3171614946929269	0.33141666666666664	11.144865277777777
H1287	E	512	serine	amino_acid	H	1.1869535212016487	0.3416666666666667	11.521627777777779
H1287	E	512	shikimic acid	organic_acid	A	1.163030021688539	0.0188	0.7021833333333332
H1287	E	512	shikimic acid	organic_acid	B	1.1072763875198368	0.01875	0.7183930555555553
H1287	E	512	shikimic acid	organic_acid	C	1.4904349629536389	0.02484999999999998	0.9185986111111109
H1287	E	512	shikimic acid	organic_acid	D	1.2899800875942706	0.0465	1.2041472222222218
H1287	E	512	shikimic acid	organic_acid	E	1.244529249540757	0.06935000000000001	2.3740708333333336
H1287	E	512	shikimic acid	organic_acid	F	2.221560832881829	0.04425000000000001	1.7969138888888891
H1287	E	512	shikimic acid	organic_acid	G	2.1744783662302134	0.02085000000000001	0.7176527777777783
H1287	E	512	shikimic acid	organic_acid	H	0.8840833756095267	0.01300000000000001	0.4820222222222225
H1287	E	512	sodium acetate	organic_acid	A	0.6880901359192014	0.1982	4.8234055555555555
H1287	E	512	sodium acetate	organic_acid	B	0.8086465196280205	0.05919999999999999	1.9584166666666667
H1287	E	512	sodium acetate	organic_acid	C	1.154249113819071	0.1019	3.2596444444444446
H1287	E	512	sodium acetate	organic_acid	D	0.9750199203564097	0.10620000000000002	3.5085611111111112
H1287	E	512	sodium acetate	organic_acid	E	0.7616924559433508	0.10780000000000001	3.726983333333333
H1287	E	512	sodium acetate	organic_acid	F	0.9689182510822919	0.1037	3.4129
H1287	E	512	sodium acetate	organic_acid	G	0.7299488722143771	0.08433333333333333	2.3997555555555556
H1287	E	512	sodium acetate	organic_acid	H	0.7586843769836804	0.1098	2.8476166666666667
H1287	E	512	starch	sugar	A	1.251825235175054	0.07050000000000001	2.0635166666666667
H1287	E	512	starch	sugar	B	1.157127727548686	0.08050000000000002	2.3607138888888892
H1287	E	512	starch	sugar	C	1.3208728934043126	0.0723	2.256338888888889
H1287	E	512	starch	sugar	D	0.9344160364610024	0.08879999999999999	2.779088888888889
H1287	E	512	starch	sugar	E	1.3760456945516297	0.09885	2.9829708333333333
H1287	E	512	starch	sugar	F	0.9665595195522675	0.07640000000000001	2.4426333333333337
H1287	E	512	starch	sugar	G	1.4327129766435789	0.06185	2.1073430555555555
H1287	E	512	starch	sugar	H	1.253105599617961	0.07874999999999999	2.1532416666666667
H1287	E	512	succinic acid	organic_acid	A	1.1406960623674054	0.23125	4.667825000000001
H1287	E	512	succinic acid	organic_acid	B	1.7288794099708407	0.24916666666666668	5.4093888888888895
H1287	E	512	succinic acid	organic_acid	C	1.183617347481719	0.24766666666666667	5.4905388888888895
H1287	E	512	succinic acid	organic_acid	D	1.2545788816469416	0.2530833333333333	5.796743055555555
H1287	E	512	succinic acid	organic_acid	E	1.6855036088483824	0.25283333333333335	6.133383333333334
H1287	E	512	succinic acid	organic_acid	F	1.196820221569483	0.24175	5.527183333333333
H1287	E	512	succinic acid	organic_acid	G	0.9430801601401165	0.233	4.827561111111112
H1287	E	512	succinic acid	organic_acid	H	1.3007576945040935	0.27141666666666664	6.580698611111111
H1287	E	512	sucrose	sugar	A	1.0732202731790235	0.0928	2.7823333333333333
H1287	E	512	sucrose	sugar	B	1.0830441283837462	0.0894	2.6027444444444443
H1287	E	512	sucrose	sugar	C	1.6237513306934606	0.0995	3.3194444444444446
H1287	E	512	sucrose	sugar	D	1.10024045078957	0.09075	2.3003708333333335
H1287	E	512	sucrose	sugar	E	1.1287242608051054	0.08141666666666668	1.9571986111111113
H1287	E	512	sucrose	sugar	F	0.9169210719831303	0.08833333333333333	2.1063388888888888
H1287	E	512	sucrose	sugar	G	1.059039053423448	0.07375	1.7220541666666662
H1287	E	512	sucrose	sugar	H	1.1521445900312626	0.08814999999999999	2.6024097222222222
H1287	E	512	taurine	amino_acid	A	1.072987067291381	0.03334999999999999	1.254843055555555
H1287	E	512	taurine	amino_acid	B	0.9982679350595943	0.03479999999999999	1.3336666666666661
H1287	E	512	taurine	amino_acid	C	1.3775693402928575	0.05755	1.872484722222222
H1287	E	512	taurine	amino_acid	D	1.5325411350728926	0.07858333333333335	2.2528708333333336
H1287	E	512	taurine	amino_acid	E	1.3939430718363337	0.09124999999999998	2.8583624999999997
H1287	E	512	taurine	amino_acid	F	1.4554890414954331	0.08834999999999998	3.5158652777777775
H1287	E	512	taurine	amino_acid	G	1.6127529582300333	0.01885000000000001	0.7008361111111115
H1287	E	512	taurine	amino_acid	H	1.2215439557823347	0.03455	1.2971416666666669
H1287	E	512	threonine	amino_acid	A	1.3790897947352623	0.10285	2.873943055555556
H1287	E	512	threonine	amino_acid	B	0.9947775662063263	0.0998	2.90905
H1287	E	512	threonine	amino_acid	C	1.3671516454027073	0.1361	3.567205555555556
H1287	E	512	threonine	amino_acid	D	1.0599598574570412	0.16300000000000003	4.092077777777779
H1287	E	512	threonine	amino_acid	E	1.2552719321087888	0.13535	4.447918055555555
H1287	E	512	threonine	amino_acid	F	1.456674038765511	0.17565	5.622231944444445
H1287	E	512	threonine	amino_acid	G	1.277777004298745	0.23855	7.404791666666667
H1287	E	512	threonine	amino_acid	H	1.412413544348924	0.2171	7.240811111111111
H1287	E	512	xylose	sugar	A	1.883855205997231	0.38285	12.487447222222222
H1287	E	512	xylose	sugar	B	1.7195119896290711	0.3793	12.279244444444444
H1287	E	512	xylose	sugar	C	1.2612316438998388	0.37375	12.199943055555556
H1287	E	512	xylose	sugar	D	1.1698748590463632	0.37135	12.391270833333333
H1287	E	512	xylose	sugar	E	1.1694154194876953	0.32699999999999996	11.411481944444443
H1287	E	512	xylose	sugar	F	1.1755516951312919	0.34225000000000005	11.96877777777778
H1287	E	512	xylose	sugar	G	1.2112886215381466	0.33475	11.588265277777777
H1287	E	512	xylose	sugar	H	1.0774114318990524	0.385	12.858975000000001
H1977	A	0	4-hydroxybenzoic acid	organic_acid	A	0.923229634334755	0.5422	16.360311111111113
H1977	A	0	4-hydroxybenzoic acid	organic_acid	B	1.0985715087070032	0.51525	15.797281944444444
H1977	A	0	4-hydroxybenzoic acid	organic_acid	C	1.0307548238345183	0.42940000000000006	15.135855555555557
H1977	A	0	4-hydroxybenzoic acid	organic_acid	D	1.1204390196733607	0.5274166666666668	16.147840277777778
H1977	A	0	4-hydroxybenzoic acid	organic_acid	E	1.098005729124973	0.5365	16.38996527777778
H1977	A	0	4-hydroxybenzoic acid	organic_acid	F	1.1920941697097067	0.42365	14.978798611111111
H1977	A	0	4-hydroxybenzoic acid	organic_acid	G	1.1742902872917778	0.5463500000000001	16.390295833333333
H1977	A	0	4-hydroxybenzoic acid	organic_acid	H	0.926746785093683	0.5891	16.963555555555555
H1977	A	0	4-hydroxybenzoic acid	organic_acid	I	1.0427852389072063	0.6274	19.101305555555555
H1977	A	0	4-hydroxybenzoic acid	organic_acid	J	0.9823129335265675	0.5733333333333333	18.144738888888888
H1977	A	0	4-hydroxybenzoic acid	organic_acid	K	1.0922784892225106	0.5373333333333333	17.497772222222224
H1977	A	0	4-hydroxybenzoic acid	organic_acid	L	0.9505941094262234	0.548	17.40866666666667
H1977	A	0	4-hydroxybenzoic acid	organic_acid	M	0.9897318081057547	0.49275	13.641734722222223
H1977	A	0	4-hydroxybenzoic acid	organic_acid	N	1.061073283712857	0.52908333333333335	16.93120138888889
H1977	A	0	4-hydroxybenzoic acid	organic_acid	O	0.9973139166669305	0.5760833333333333	17.694318055555556
H1977	A	0	4-hydroxybenzoic acid	organic_acid	P	1.068271469760705	0.6153333333333333	16.082455555555555
H1977	A	0	arabinose	sugar	A	1.0292469302857297	0.72975	20.5867375
H1977	A	0	arabinose	sugar	B	0.9726664071920621	0.6815833333333333	19.323075
H1977	A	0	arabinose	sugar	C	1.2559632569111872	0.71605	20.6416875
H1977	A	0	arabinose	sugar	D	1.0801264532959762	0.7313999999999999	20.90775
H1977	A	0	arabinose	sugar	E	1.1378378021816302	0.7286	20.73595
H1977	A	0	arabinose	sugar	F	1.2289829721561907	0.5526666666666668	16.753333333333334
H1977	A	0	arabinose	sugar	G	1.186685194243067	0.5680833333333334	17.172434722222224
H1977	A	0	arabinose	sugar	H	1.1203623529687226	0.5736666666666667	17.377377777777777
H1977	A	0	cellobiose	sugar	A	0.9082824431232237	0.21308333333333332	6.407593055555555
H1977	A	0	cellobiose	sugar	B	0.8778357432128517	0.184	6.1466666666666665
H1977	A	0	cellobiose	sugar	C	1.1294515325936303	0.1795833333333333	6.371987499999999
H1977	A	0	cellobiose	sugar	D	0.9939515085085509	0.16999999999999998	6.129333333333333
H1977	A	0	cellobiose	sugar	E	0.9686681589791101	0.16599999999999998	6.054666666666668
H1977	A	0	cellobiose	sugar	F	0.87785436682327	0.1753333333333333	5.873505555555556
H1977	A	0	cellobiose	sugar	G	1.2177870831021964	0.19	5.79365
H1977	A	0	cellobiose	sugar	H	0.8774757954677206	0.1645833333333333	4.656137500000001
H1977	A	0	cellobiose	sugar	I	0.9116721662249669	0.27875	7.772904166666667
H1977	A	0	cellobiose	sugar	J	0.9078076900609253	0.25266666666666665	6.479994444444445
H1977	A	0	cellobiose	sugar	K	1.2377237866892576	0.17774999999999996	5.600312499999999
H1977	A	0	cellobiose	sugar	L	0.9598559286336935	0.1945	6.138894444444444
H1977	A	0	cellobiose	sugar	M	1.1981596272151693	0.16508333333333328	5.356926388888889
H1977	A	0	cellobiose	sugar	N	0.8947850338650131	0.19395	6.527697222222222
H1977	A	0	cellobiose	sugar	O	1.2963013600608915	0.21791666666666668	6.193026388888889
H1977	A	0	cellobiose	sugar	P	0.9531696618700042	0.21133333333333337	7.064705555555555
H1977	A	0	cellobiose	sugar	Q	0.9857186868473025	0.15125000000000002	5.02805
H1977	A	0	cellobiose	sugar	R	1.1275135119962403	0.2068	7.103538888888889
H1977	A	0	cellobiose	sugar	S	1.1877909546267105	0.15325	5.195631944444444
H1977	A	0	cellobiose	sugar	T	1.0308598004312355	0.1974	6.694888888888889
H1977	A	0	cellobiose	sugar	U	0.98158182641940706	0.15783333333333335	5.258133333333334
H1977	A	0	cellobiose	sugar	V	1.1225104611147108	0.20699999999999996	6.614366666666666
H1977	A	0	cellobiose	sugar	W	1.1315443629726039	0.20475	6.027879166666667
H1977	A	0	cellobiose	sugar	X	1.1571300445334793	0.2477	7.100961111111111
H1977	A	0	citric acid	organic_acid	A	1.0176961219497296	0.5902999999999999	17.66175
H1977	A	0	citric acid	organic_acid	B	0.8904508938470759	0.51695	16.40484861111111
H1977	A	0	citric acid	organic_acid	C	1.129119313945525	0.53825	16.909265277777777
H1977	A	0	citric acid	organic_acid	D	0.8957425675657823	0.7886000000000001	22.125044444444445
H1977	A	0	citric acid	organic_acid	E	1.115841127947385	0.4201666666666667	13.508086111111112
H1977	A	0	citric acid	organic_acid	F	1.0450958200604854	0.8123333333333334	22.07893888888889
H1977	A	0	citric acid	organic_acid	G	0.9926267104603186	0.7800833333333334	21.917168055555557
H1977	A	0	citric acid	organic_acid	H	1.0909871775754452	0.8304166666666667	22.744923611111112
H1977	A	0	d-mannitol	sugar	A	0.9612596665868939	0.4766	16.776622222222223
H1977	A	0	d-mannitol	sugar	B	1.1094044528657199	0.45355	16.126151388888893
H1977	A	0	d-mannitol	sugar	C	1.132337893211963	0.5146999999999999	17.129413888888887
H1977	A	0	d-mannitol	sugar	D	1.1047571358321775	0.50795	16.777529166666664
H1977	A	0	d-mannitol	sugar	E	1.112549767864253	0.5215	16.961891666666666
H1977	A	0	d-mannitol	sugar	F	0.9619909580296588	0.4661999999999999	16.059794444444446
H1977	A	0	d-mannitol	sugar	G	1.2390975646391362	0.4626499999999999	16.266448611111112
H1977	A	0	d-mannitol	sugar	H	0.878644934537841	0.5005833333333333	17.250026388888887
H1977	A	0	d-mannitol	sugar	I	0.9572346163470186	0.4143500000000001	13.10522638888889
H1977	A	0	d-mannitol	sugar	J	1.0163707403774433	0.4469999999999999	13.1951
H1977	A	0	d-mannitol	sugar	K	1.146147847281336	0.4439999999999999	13.831220833333333
H1977	A	0	d-mannitol	sugar	L	1.1055117521238895	0.4363333333333334	13.436322222222223
H1977	A	0	d-mannitol	sugar	M	1.0071952224969123	0.39183333333333337	12.3528
H1977	A	0	d-mannitol	sugar	N	0.961752709809133	0.4153333333333334	13.16313888888889
H1977	A	0	d-mannitol	sugar	O	0.9186861662242101	0.41495	13.30921388888889
H1977	A	0	d-mannitol	sugar	P	1.4614747768554661	0.4538499999999999	13.974209722222222
H1977	A	0	dl-aspartic acid	amino_acid	A	0.9385464674114704	0.32008333333333333	8.915476388888889
H1977	A	0	dl-aspartic acid	amino_acid	B	1.2260181769334622	0.31733333333333336	8.716955555555556
H1977	A	0	dl-aspartic acid	amino_acid	C	0.8288060304339119	0.31666666666666665	8.879477777777778
H1977	A	0	dl-aspartic acid	amino_acid	D	1.8277665637337475	0.33016666666666666	9.300166666666668
H1977	A	0	dl-aspartic acid	amino_acid	E	0.8236292784593191	0.3446666666666666	9.670072222222222
H1977	A	0	dl-aspartic acid	amino_acid	F	0.7891423691141997	0.311	8.672683333333334
H1977	A	0	dl-aspartic acid	amino_acid	G	1.1565524847663178	0.3195	8.829877777777778
H1977	A	0	dl-aspartic acid	amino_acid	H	0.864004126800682	0.3144166666666666	8.968031944444444
H1977	A	0	glucose	sugar	A	1.0289120178385476	0.4271666666666667	15.4488
H1977	A	0	glucose	sugar	B	1.083497534122402	0.4111	15.171805555555556
H1977	A	0	glucose	sugar	C	1.2007413477404498	0.41055	15.049679166666667
H1977	A	0	glucose	sugar	D	1.028026919993627	0.4037	14.708694444444445
H1977	A	0	glucose	sugar	E	1.0065248945178418	0.4012	14.667016666666667
H1977	A	0	glucose	sugar	F	0.9934807470148203	0.402	14.577872222222222
H1977	A	0	glucose	sugar	G	1.149153178936358	0.40425	14.731970833333333
H1977	A	0	glucose	sugar	H	1.0935682007964265	0.43475	15.011595833333333
H1977	A	0	glycine	amino_acid	A	0.8895711463238539	0.19066666666666668	3.949961111111111
H1977	A	0	glycine	amino_acid	B	1.0593686238219915	0.14083333333333334	3.192383333333334
H1977	A	0	glycine	amino_acid	C	0.9324646186307851	0.1683333333333333	3.437688888888889
H1977	A	0	glycine	amino_acid	D	0.9031184478846132	0.10541666666666666	2.6967152777777774
H1977	A	0	glycine	amino_acid	E	1.2015912154010513	0.10283333333333332	2.6748833333333333
H1977	A	0	glycine	amino_acid	F	1.0885055779329071	0.10975	2.7673458333333336
H1977	A	0	glycine	amino_acid	G	0.9511658242159108	0.17374999999999996	3.9887041666666665
H1977	A	0	glycine	amino_acid	H	0.9291002758043372	0.16133333333333336	3.5490222222222223
H1977	A	0	glycolic acid	organic_acid	A	0.8846763637704104	0.0909	2.591397222222222
H1977	A	0	glycolic acid	organic_acid	B	0.8916116772218966	0.1198	3.103527777777778
H1977	A	0	glycolic acid	organic_acid	C	1.1045933682805165	0.12175	3.3256458333333336
H1977	A	0	glycolic acid	organic_acid	D	0.9352394870963274	0.10435	2.8319819444444443
H1977	A	0	glycolic acid	organic_acid	E	1.1727923248770389	0.09975	2.7373958333333333
H1977	A	0	glycolic acid	organic_acid	F	1.0435464813682576	0.097	2.874088888888889
H1977	A	0	glycolic acid	organic_acid	G	0.973677164752412	0.1092	2.984166666666667
H1977	A	0	glycolic acid	organic_acid	H	0.9762571417357134	0.05679999999999999	1.8528333333333333
H1977	A	0	histidine	amino_acid	A	0.8451431587598136	0.6062	17.905355555555555
H1977	A	0	histidine	amino_acid	B	0.7541578877183014	0.6270833333333333	17.80592638888889
H1977	A	0	histidine	amino_acid	C	0.8054456196469664	0.5958	17.589166666666667
H1977	A	0	histidine	amino_acid	D	0.8239923645134203	0.6096	17.490727777777778
H1977	A	0	histidine	amino_acid	E	0.7560413683663594	0.6585500000000001	19.6725375
H1977	A	0	histidine	amino_acid	F	1.244822451471696	0.61685	17.305158333333335
H1977	A	0	histidine	amino_acid	G	0.9645133851655524	0.605	17.69553888888889
H1977	A	0	histidine	amino_acid	H	0.9663794021295301	0.6847500000000001	18.324595833333333
H1977	A	0	l-alanine	amino_acid	A	1.0616276880467108	0.8573999999999999	26.891022222222222
H1977	A	0	l-alanine	amino_acid	B	1.188650772084933	0.7225	22.35942222222222
H1977	A	0	l-alanine	amino_acid	C	0.9291917799185073	0.7260000000000001	22.7084
H1977	A	0	l-alanine	amino_acid	D	1.2663292052534552	0.72725	23.09155972222222
H1977	A	0	l-alanine	amino_acid	E	0.9500073733005738	0.722	22.58836666666667
H1977	A	0	l-alanine	amino_acid	F	1.1025558528207509	0.4935	17.382383333333333
H1977	A	0	l-alanine	amino_acid	G	1.1559641206713211	0.5076999999999999	17.673583333333333
H1977	A	0	l-alanine	amino_acid	H	1.030104878636698	0.5898333333333332	18.289233333333332
H1977	A	0	l-asparagine	amino_acid	A	0.930001513703648	0.366	13.30268888888889
H1977	A	0	l-asparagine	amino_acid	B	0.9852243853657868	0.34480000000000005	12.446205555555556
H1977	A	0	l-asparagine	amino_acid	C	0.968757420315177	0.335	12.08231111111111
H1977	A	0	l-asparagine	amino_acid	D	1.040796465877935	0.35008333333333336	12.591818055555555
H1977	A	0	l-asparagine	amino_acid	E	1.148383884038959	0.33925	11.996487499999999
H1977	A	0	l-asparagine	amino_acid	F	1.0738722296544185	0.337	12.608666666666666
H1977	A	0	l-asparagine	amino_acid	G	1.1066335997478294	0.3432	12.80385
H1977	A	0	l-asparagine	amino_acid	H	1.0474541240459019	0.4443333333333334	14.606705555555557
H1977	A	0	l-asparagine	amino_acid	I	0.9800884697195898	0.6082	16.48357777777778
H1977	A	0	l-asparagine	amino_acid	J	1.0763068230066697	0.5575000000000001	15.118861111111112
H1977	A	0	l-asparagine	amino_acid	K	1.078515266435566	0.37725	11.26489861111111
H1977	A	0	l-asparagine	amino_acid	L	1.0599967913322204	0.4302	13.436072222222224
H1977	A	0	l-asparagine	amino_acid	M	1.0715687640213039	0.374	11.025266666666667
H1977	A	0	l-asparagine	amino_acid	N	1.004058225160742	0.4743333333333334	13.790788888888889
H1977	A	0	l-asparagine	amino_acid	O	0.9796787576425973	0.4403333333333334	13.40253888888889
H1977	A	0	l-asparagine	amino_acid	P	1.0125687723997612	0.5006666666666667	14.767194444444446
H1977	A	0	l-cysteine	amino_acid	A	0.4916862478549133	0.285	4.764183333333334
H1977	A	0	l-cysteine	amino_acid	B	0.4500924854348632	0.1652	3.2069388888888892
H1977	A	0	l-cysteine	amino_acid	C	0.5930533613711336	0.18975	3.635179166666667
H1977	A	0	l-cysteine	amino_acid	D	0.7577551379895388	0.17379999999999998	3.5044333333333335
H1977	A	0	l-cysteine	amino_acid	E	0.7426496864448229	0.16516666666666668	3.052636111111111
H1977	A	0	l-cysteine	amino_acid	F	0.9978566989425826	0.19025	3.7935958333333337
H1977	A	0	l-cysteine	amino_acid	G	0.5245280532001515	0.20533333333333337	3.914355555555556
H1977	A	0	l-cysteine	amino_acid	H	0.6123359302600914	0.20641666666666664	3.7418902777777774
H1977	A	0	l-cysteine	amino_acid	I	0.8355843202943398	0.18041666666666664	2.0342569444444445
H1977	A	0	l-cysteine	amino_acid	J	0.7913199092637959	0.15125	2.60855
H1977	A	0	l-cysteine	amino_acid	K	0.5933372685831658	0.15683333333333335	2.9919138888888894
H1977	A	0	l-cysteine	amino_acid	L	0.3829585412876006	0.14400000000000002	1.9443333333333337
H1977	A	0	l-cysteine	amino_acid	M	0.9783892432227922	0.14425000000000002	3.038783333333334
H1977	A	0	l-cysteine	amino_acid	N	0.9214532449288826	0.128	1.8508500000000003
H1977	A	0	l-cysteine	amino_acid	O	0.7240865071195738	0.1386666666666667	2.6973333333333334
H1977	A	0	l-cysteine	amino_acid	P	0.38082074564133706	0.1363333333333333	2.0734555555555554
H1977	A	0	l-glutamine	amino_acid	A	1.4187052982710275	0.5400833333333334	15.31705138888889
H1977	A	0	l-glutamine	amino_acid	B	1.1000153428599733	0.4024166666666667	11.829606944444444
H1977	A	0	l-glutamine	amino_acid	C	1.0447484284338755	0.4093333333333334	12.855027777777778
H1977	A	0	l-glutamine	amino_acid	D	0.9995882050045372	0.4138333333333334	12.994316666666666
H1977	A	0	l-glutamine	amino_acid	E	1.3990960167872224	0.3715833333333333	12.585158333333332
H1977	A	0	l-glutamine	amino_acid	F	1.3517414650969368	0.38075	11.589429166666667
H1977	A	0	l-glutamine	amino_acid	G	1.3500273085073127	0.396	12.694833333333333
H1977	A	0	l-glutamine	amino_acid	H	1.0984696504987286	0.41725	12.352748611111112
H1977	A	0	l-glutamine	amino_acid	I	1.0303825844830197	0.6269166666666667	19.713426388888887
H1977	A	0	l-glutamine	amino_acid	J	1.0217187220109802	0.5597500000000001	18.99815416666667
H1977	A	0	l-glutamine	amino_acid	K	1.0945217952293944	0.5450833333333334	18.75917638888889
H1977	A	0	l-glutamine	amino_acid	L	1.1690014814580358	0.52675	18.30027638888889
H1977	A	0	l-glutamine	amino_acid	M	1.0609651642443088	0.55305	18.642093055555556
H1977	A	0	l-glutamine	amino_acid	N	1.178750026346253	0.51125	17.2508
H1977	A	0	l-glutamine	amino_acid	O	0.8695576441981435	0.536	17.724420833333333
H1977	A	0	l-glutamine	amino_acid	P	1.151345171069321	0.574	19.966483333333336
H1977	A	0	l-isoleucine	amino_acid	A	0.7713667852410554	0.33366666666666667	7.386644444444445
H1977	A	0	l-isoleucine	amino_acid	B	0.7513812852052401	0.467	9.555083333333334
H1977	A	0	l-isoleucine	amino_acid	C	0.6213397563004448	0.369	8.23775
H1977	A	0	l-isoleucine	amino_acid	D	0.7772696539522516	0.4473333333333333	9.479905555555556
H1977	A	0	l-isoleucine	amino_acid	E	0.8265705382123998	0.3895	7.5125777777777785
H1977	A	0	l-isoleucine	amino_acid	F	0.8182362464579512	0.2928	7.462438888888889
H1977	A	0	l-isoleucine	amino_acid	G	0.9076248073057891	0.35224999999999995	8.723548611111113
H1977	A	0	l-isoleucine	amino_acid	H	0.9965733682326422	0.36716666666666664	8.76363888888889
H1977	A	0	l-methionine	amino_acid	A	0.8369895553727895	0.02859999999999999	0.74035
H1977	A	0	l-methionine	amino_acid	B	0.8617534159093317	0.01379999999999999	0.4791666666666662
H1977	A	0	l-methionine	amino_acid	C	0.8536425790124719	0.01475000000000001	0.5095541666666671
H1977	A	0	l-methionine	amino_acid	D	1.0601594384742683	0.01365000000000001	0.498554166666667
H1977	A	0	l-methionine	amino_acid	E	0.7551563981766799	0.0154	0.5637722222222218
H1977	A	0	l-methionine	amino_acid	F	0.7816583321345644	0.01380000000000001	0.4758333333333336
H1977	A	0	l-methionine	amino_acid	G	1.1370794166857328	0.02758333333333333	0.6400041666666669
H1977	A	0	l-methionine	amino_acid	H	1.0866662141775005	0.03025	0.885226388888889
H1977	A	0	l-proline	amino_acid	A	1.235893329785062	0.6685833333333333	20.671820833333335
H1977	A	0	l-proline	amino_acid	B	1.063884137813631	0.5763333333333333	17.13243888888889
H1977	A	0	l-proline	amino_acid	C	1.571013421838438	0.6042	19.105161111111112
H1977	A	0	l-proline	amino_acid	D	1.0450521010436356	0.6136	20.056483333333333
H1977	A	0	l-proline	amino_acid	E	1.182987616576732	0.6554	20.965522222222223
H1977	A	0	l-proline	amino_acid	F	1.1872581028644575	0.6158333333333333	20.157766666666667
H1977	A	0	l-proline	amino_acid	G	1.0900510191089192	0.6445000000000001	20.188036111111114
H1977	A	0	l-proline	amino_acid	H	0.924607611171736	0.6465500000000001	19.876098611111114
H1977	A	0	l-valine	amino_acid	A	1.0164723710902615	0.4326666666666667	11.520161111111111
H1977	A	0	l-valine	amino_acid	B	1.0094771459815906	0.4163333333333334	11.854905555555556
H1977	A	0	l-valine	amino_acid	C	0.9045980875947403	0.561	15.36428888888889
H1977	A	0	l-valine	amino_acid	D	0.9882171553725114	0.4310000000000001	12.156516666666667
H1977	A	0	l-valine	amino_acid	E	1.020084886000213	0.40775	11.200179166666667
H1977	A	0	l-valine	amino_acid	F	0.953228215468152	0.4339166666666667	12.199693055555555
H1977	A	0	l-valine	amino_acid	G	0.8929394684443476	0.5686666666666667	15.130477777777779
H1977	A	0	l-valine	amino_acid	H	0.926592112096178	0.4693333333333333	12.028022222222223
H1977	A	0	lactic acid	organic_acid	A	0.9482291830966939	0.60495	18.344159722222223
H1977	A	0	lactic acid	organic_acid	B	1.052474165227049	0.5210833333333333	16.892593055555555
H1977	A	0	lactic acid	organic_acid	C	0.95418741963665	0.4163333333333334	15.322855555555556
H1977	A	0	lactic acid	organic_acid	D	1.124314506211038	0.43935	16.148429166666666
H1977	A	0	lactic acid	organic_acid	E	1.2290540090823998	0.4441	16.07015
H1977	A	0	lactic acid	organic_acid	F	1.1683278866312146	0.44325	16.017565277777777
H1977	A	0	lactic acid	organic_acid	G	1.108617611996157	0.4573	16.292505555555557
H1977	A	0	lactic acid	organic_acid	H	1.0215606145858487	0.4761	16.41275277777778
H1977	A	0	lactic acid	organic_acid	I	0.9706196547037297	0.8094	25.40953888888889
H1977	A	0	lactic acid	organic_acid	J	0.9575435704346366	0.84835	28.81148472222222
H1977	A	0	lactic acid	organic_acid	K	1.1340696668739634	0.9332	28.30302222222222
H1977	A	0	lactic acid	organic_acid	L	0.9742504023488016	0.8226	28.205383333333334
H1977	A	0	lactic acid	organic_acid	M	1.2481719907571927	0.7106999999999999	23.17283611111111
H1977	A	0	lactic acid	organic_acid	N	0.9766981453042956	1.09195	30.87915138888889
H1977	A	0	lactic acid	organic_acid	O	1.044663223376392	0.8313999999999999	28.82563888888889
H1977	A	0	lactic acid	organic_acid	P	1.3840857050056534	0.8629166666666667	30.443659722222222
H1977	A	0	leucine	amino_acid	A	0.9186108693689413	0.6144166666666666	14.550456944444445
H1977	A	0	leucine	amino_acid	B	1.0139478345789497	0.4186666666666667	11.49622777777778
H1977	A	0	leucine	amino_acid	C	1.009127284711317	0.4758333333333334	12.939666666666668
H1977	A	0	leucine	amino_acid	D	1.1921404310405073	0.47475	12.968850000000002
H1977	A	0	leucine	amino_acid	E	1.140877691894507	0.4742499999999999	13.04647638888889
H1977	A	0	leucine	amino_acid	F	1.1374263005837837	0.4753333333333334	13.117677777777779
H1977	A	0	leucine	amino_acid	G	0.9004090502464396	0.4678333333333333	12.788483333333334
H1977	A	0	leucine	amino_acid	H	0.933175394202328	0.48675	12.9974875
H1977	A	0	malate	organic_acid	A	1.0062117001431952	0.422	15.745688888888889
H1977	A	0	malate	organic_acid	B	0.9694662496133999	0.4022	15.135872222222222
H1977	A	0	malate	organic_acid	C	0.8398047228097894	0.37833333333333335	14.387872222222223
H1977	A	0	malate	organic_acid	D	0.8150246887783893	0.386	14.639516666666667
H1977	A	0	malate	organic_acid	E	1.0502995644932673	0.41580000000000006	15.315372222222223
H1977	A	0	malate	organic_acid	F	1.0184266287025006	0.4145500000000001	15.433070833333336
H1977	A	0	malate	organic_acid	G	0.8651364803643239	0.38733333333333336	14.781688888888889
H1977	A	0	malate	organic_acid	H	1.031169731354862	0.4566666666666666	16.39497777777778
H1977	A	0	malonic acid	organic_acid	A	0.9042118626425856	0.312	7.354400000000001
H1977	A	0	malonic acid	organic_acid	B	0.9887239028381596	0.2843333333333334	6.699038888888889
H1977	A	0	malonic acid	organic_acid	C	1.0825941040403417	0.27408333333333335	7.176068055555555
H1977	A	0	malonic acid	organic_acid	D	0.8476867130622803	0.5595500000000001	14.607387500000002
H1977	A	0	malonic acid	organic_acid	E	0.9716184497825436	0.5572	14.489561111111112
H1977	A	0	malonic acid	organic_acid	F	0.9310463054593133	0.5533	14.309027777777779
H1977	A	0	malonic acid	organic_acid	G	0.9858113798390153	0.2388	6.588738888888889
H1977	A	0	malonic acid	organic_acid	H	0.9732170091887234	0.572	14.699305555555556
H1977	A	0	phenylalanine	amino_acid	A	1.0205534794052784	0.29466666666666663	7.176111111111112
H1977	A	0	phenylalanine	amino_acid	B	1.0402780138463732	0.29183333333333333	8.563633333333334
H1977	A	0	phenylalanine	amino_acid	C	1.399729000316384	0.28958333333333336	8.610854166666666
H1977	A	0	phenylalanine	amino_acid	D	1.1231468519552252	0.26695	7.926290277777778
H1977	A	0	phenylalanine	amino_acid	E	0.8846363181343335	0.29274999999999995	8.805365277777778
H1977	A	0	phenylalanine	amino_acid	F	1.3967657485833112	0.23764999999999997	6.983883333333333
H1977	A	0	phenylalanine	amino_acid	G	0.9503762584816183	0.22716666666666663	6.571505555555556
H1977	A	0	phenylalanine	amino_acid	H	0.9559182770571236	0.2765	8.120261111111112
H1977	A	0	pyruvic acid	organic_acid	A	0.8531563094340816	0.6976666666666667	18.452111111111112
H1977	A	0	pyruvic acid	organic_acid	B	0.9480652488529148	0.6533333333333333	18.412855555555556
H1977	A	0	pyruvic acid	organic_acid	C	0.9416039690184456	0.63375	18.0197125
H1977	A	0	pyruvic acid	organic_acid	D	1.0032668588376807	0.6384166666666667	18.15512361111111
H1977	A	0	pyruvic acid	organic_acid	E	0.7516659568829979	0.551	16.1932
H1977	A	0	pyruvic acid	organic_acid	F	0.7908516575390969	0.6334166666666667	18.060406944444445
H1977	A	0	pyruvic acid	organic_acid	G	1.0125635989515578	0.5584166666666668	15.765140277777778
H1977	A	0	pyruvic acid	organic_acid	H	1.0100463631692052	0.5633333333333334	15.233422222222224
H1977	A	0	salicylic acid	organic_acid	A	0.9204208143574785	0.16458333333333333	2.8957208333333333
H1977	A	0	salicylic acid	organic_acid	B	0.7382537557890813	0.14750000000000002	2.7323388888888895
H1977	A	0	salicylic acid	organic_acid	C	0.7784618263987526	0.1536	2.6428722222222225
H1977	A	0	salicylic acid	organic_acid	D	1.106737898273481	0.14025	2.8677458333333337
H1977	A	0	salicylic acid	organic_acid	E	0.6939886782540504	0.12975	1.937472222222222
H1977	A	0	salicylic acid	organic_acid	F	0.8320077234085703	0.12475	1.8672055555555556
H1977	A	0	salicylic acid	organic_acid	G	1.11068836803923	0.14283333333333334	2.2454944444444447
H1977	A	0	salicylic acid	organic_acid	H	0.7636973959545177	0.13820000000000002	2.349561111111111
H1977	A	0	serine	amino_acid	A	2.1277046276157656	0.57575	16.061720833333336
H1977	A	0	serine	amino_acid	B	2.0090184496838406	0.45275	14.449170833333334
H1977	A	0	serine	amino_acid	C	1.0678928144057298	0.5162	17.885755555555555
H1977	A	0	serine	amino_acid	D	0.9991004472388187	0.528	18.2196
H1977	A	0	serine	amino_acid	E	1.0743759227164407	0.35941666666666666	10.126465277777779
H1977	A	0	serine	amino_acid	F	1.1177374433963383	0.4191500000000001	13.824737500000001
H1977	A	0	serine	amino_acid	G	1.1107237729551	0.36875	10.923204166666666
H1977	A	0	serine	amino_acid	H	1.1363547353984302	0.4196666666666667	11.258644444444444
H1977	A	0	shikimic acid	organic_acid	A	1.1904157803124773	0.4287500000000001	14.925288888888891
H1977	A	0	shikimic acid	organic_acid	B	1.082943788639963	0.4633	13.561561111111113
H1977	A	0	shikimic acid	organic_acid	C	1.1804170187195029	0.4829166666666666	13.913943055555556
H1977	A	0	shikimic acid	organic_acid	D	1.2378992995452778	0.48325	14.247552777777779
H1977	A	0	shikimic acid	organic_acid	E	1.1221832657326585	0.48575	16.04817361111111
H1977	A	0	shikimic acid	organic_acid	F	1.1335016469336672	0.42125	14.7838375
H1977	A	0	shikimic acid	organic_acid	G	1.094496630314671	0.48084999999999994	15.969270833333333
H1977	A	0	shikimic acid	organic_acid	H	1.1383570113502959	0.49675	14.0677125
H1977	A	0	sodium acetate	organic_acid	A	0.6459015790197412	0.28833333333333333	5.242372222222222
H1977	A	0	sodium acetate	organic_acid	B	0.7731709137860813	0.26333333333333336	5.207805555555556
H1977	A	0	sodium acetate	organic_acid	C	1.106063323851866	0.297	6.574433333333334
H1977	A	0	sodium acetate	organic_acid	D	0.5934826447293752	0.20133333333333336	4.823605555555556
H1977	A	0	sodium acetate	organic_acid	E	0.5974329088839542	0.20233333333333337	4.666172222222222
H1977	A	0	sodium acetate	organic_acid	F	0.8465282769675859	0.199	4.788333333333334
H1977	A	0	sodium acetate	organic_acid	G	0.801883579829469	0.3456666666666667	6.330111111111112
H1977	A	0	sodium acetate	organic_acid	H	0.6807560827150051	0.4376666666666667	7.615461111111112
H1977	A	0	starch	sugar	A	0.865715216154756	0.15650000000000003	5.039427777777778
H1977	A	0	starch	sugar	B	0.9348797217658834	0.15325000000000005	5.081516666666667
H1977	A	0	starch	sugar	C	1.112447796265429	0.14800000000000002	5.442683333333334
H1977	A	0	starch	sugar	D	1.005838405076159	0.1468	5.297538888888889
H1977	A	0	starch	sugar	E	1.0618171197836845	0.14820000000000003	5.304311111111112
H1977	A	0	starch	sugar	F	1.1496236663285406	0.13720000000000002	5.055055555555556
H1977	A	0	starch	sugar	G	1.0787726409872314	0.13275	4.735044444444445
H1977	A	0	starch	sugar	H	0.899555145727912	0.15300000000000002	4.444761111111111
H1977	A	0	succinic acid	organic_acid	A	0.9929108451176694	0.6144166666666667	20.171931944444445
H1977	A	0	succinic acid	organic_acid	B	0.9397742812878752	0.61955	19.764093055555556
H1977	A	0	succinic acid	organic_acid	C	1.3182155797170085	0.6134499999999999	19.26594861111111
H1977	A	0	succinic acid	organic_acid	D	0.9425472542606368	0.57415	18.082909722222222
H1977	A	0	succinic acid	organic_acid	E	1.0376394247295018	0.59315	18.91086527777778
H1977	A	0	succinic acid	organic_acid	F	0.9343592996075692	0.6042	18.991555555555557
H1977	A	0	succinic acid	organic_acid	G	1.3376652897375714	0.59695	17.065968055555558
H1977	A	0	succinic acid	organic_acid	H	1.298548893606443	0.5388333333333333	15.2688
H1977	A	0	sucrose	sugar	A	0.8257345307646432	0.4572	16.0155
H1977	A	0	sucrose	sugar	B	0.9418075876966019	0.43840000000000007	15.185744444444445
H1977	A	0	sucrose	sugar	C	1.0247090212267993	0.4719499999999999	15.531929166666666
H1977	A	0	sucrose	sugar	D	1.0546809401446502	0.4426000000000001	14.971705555555555
H1977	A	0	sucrose	sugar	E	0.9406003046888866	0.4073000000000001	14.114944444444445
H1977	A	0	sucrose	sugar	F	1.0162765317774876	0.39855000000000007	13.420945833333333
H1977	A	0	sucrose	sugar	G	1.0608387581620347	0.3968	13.451022222222223
H1977	A	0	sucrose	sugar	H	0.8146534507252624	0.4508333333333333	15.041452777777778
H1977	A	0	taurine	amino_acid	A	1.0434616212401142	0.17216666666666666	4.902322222222223
H1977	A	0	taurine	amino_acid	B	1.0112656730245293	0.12333333333333332	4.349838888888889
H1977	A	0	taurine	amino_acid	C	1.0018281122847559	0.135	4.7595
H1977	A	0	taurine	amino_acid	D	1.0175187719223102	0.13	4.663688888888889
H1977	A	0	taurine	amino_acid	E	1.2954421121332838	0.13244999999999998	4.652572222222222
H1977	A	0	taurine	amino_acid	F	1.1216530659198005	0.12285	4.281470833333334
H1977	A	0	taurine	amino_acid	G	0.9836098509895238	0.12066666666666664	3.8424777777777774
H1977	A	0	taurine	amino_acid	H	0.9804996776347651	0.1733333333333333	4.591022222222223
H1977	A	0	threonine	amino_acid	A	0.6675644393917972	0.19866666666666669	3.4855111111111112
H1977	A	0	threonine	amino_acid	B	0.7988414450442409	0.2061666666666667	3.5330222222222223
H1977	A	0	threonine	amino_acid	C	0.8479905200816034	0.205	3.749516666666667
H1977	A	0	threonine	amino_acid	D	0.8923490467303816	0.21675000000000005	4.131479166666667
H1977	A	0	threonine	amino_acid	E	0.8280631056162996	0.2275	4.185727777777778
H1977	A	0	threonine	amino_acid	F	0.9669754253276124	0.21541666666666667	4.057473611111111
H1977	A	0	threonine	amino_acid	G	0.8989156783449234	0.21983333333333335	4.271766666666667
H1977	A	0	threonine	amino_acid	H	0.8650756485787716	0.2116666666666667	4.085477777777778
H1977	A	0	xylose	sugar	A	1.066270806936498	0.218	5.556659722222222
H1977	A	0	xylose	sugar	B	0.8798757472177723	0.13833333333333334	4.066472222222222
H1977	A	0	xylose	sugar	C	1.0980747139390297	0.14325000000000002	4.337183333333334
H1977	A	0	xylose	sugar	D	0.8752862528792403	0.11675	3.755798611111111
H1977	A	0	xylose	sugar	E	0.9053993360963646	0.12125	3.8838888888888894
H1977	A	0	xylose	sugar	F	1.0966887143802226	0.12849999999999998	3.9691902777777774
H1977	A	0	xylose	sugar	G	0.9422661262950173	0.14250000000000002	4.129894444444445
H1977	A	0	xylose	sugar	H	1.0181508935481063	0.1934	5.158661111111112
H1977	A	10	4-hydroxybenzoic acid	organic_acid	A	0.8837756428676236	0.3528	12.307961111111112
H1977	A	10	4-hydroxybenzoic acid	organic_acid	B	1.019266039988837	0.35735	13.266134722222223
H1977	A	10	4-hydroxybenzoic acid	organic_acid	C	1.0887866799006147	0.41375000000000006	15.021195833333335
H1977	A	10	4-hydroxybenzoic acid	organic_acid	D	1.1340549918683045	0.4803	15.669616666666666
H1977	A	10	4-hydroxybenzoic acid	organic_acid	E	0.8521031444945492	0.45895	15.899831944444445
H1977	A	10	4-hydroxybenzoic acid	organic_acid	F	0.9731922431432046	0.45895	14.896458333333333
H1977	A	10	4-hydroxybenzoic acid	organic_acid	G	0.9767396471266605	0.4261999999999999	14.390816666666666
H1977	A	10	4-hydroxybenzoic acid	organic_acid	H	0.9787478519407111	0.39395	13.615629166666666
H1977	A	10	4-hydroxybenzoic acid	organic_acid	I	0.9072731166561884	0.6577500000000001	19.028279166666668
H1977	A	10	4-hydroxybenzoic acid	organic_acid	J	1.9053966342671362	0.5296000000000001	17.198127777777778
H1977	A	10	4-hydroxybenzoic acid	organic_acid	K	1.9435115583617746	0.5086	16.93646111111111
H1977	A	10	4-hydroxybenzoic acid	organic_acid	L	1.8157430325349075	0.4225	13.830222222222224
H1977	A	10	4-hydroxybenzoic acid	organic_acid	M	1.633703606760806	0.4834	16.2753
H1977	A	10	4-hydroxybenzoic acid	organic_acid	N	1.5743208585001858	0.4799	16.36497222222222
H1977	A	10	4-hydroxybenzoic acid	organic_acid	O	1.307643217231749	0.4992	16.206822222222222
H1977	A	10	4-hydroxybenzoic acid	organic_acid	P	0.9654436178687411	0.553	16.832833333333333
H1977	A	10	arabinose	sugar	A	0.8725868664773321	0.7116666666666667	19.26947777777778
H1977	A	10	arabinose	sugar	B	0.9483921895963041	0.7086666666666667	18.765227777777778
H1977	A	10	arabinose	sugar	C	1.1937566933094692	0.41725	12.087065277777779
H1977	A	10	arabinose	sugar	D	0.9289132751439128	0.728	19.334181944444445
H1977	A	10	arabinose	sugar	E	0.9945019676160385	0.5362	16.541933333333333
H1977	A	10	arabinose	sugar	F	1.0744810186276117	0.5270833333333333	16.08105138888889
H1977	A	10	arabinose	sugar	G	1.1882717158612712	0.5430833333333334	16.197568055555557
H1977	A	10	arabinose	sugar	H	1.2562146988604297	0.5445000000000001	16.147208333333335
H1977	A	10	cellobiose	sugar	A	0.9274986372886195	0.14930000000000002	3.8532777777777776
H1977	A	10	cellobiose	sugar	B	1.0684527087585292	0.16999999999999996	4.636993055555555
H1977	A	10	cellobiose	sugar	C	0.9007280156238485	0.17174999999999996	4.8041125
H1977	A	10	cellobiose	sugar	D	0.8723937935145568	0.1743333333333333	4.736188888888889
H1977	A	10	cellobiose	sugar	E	0.9246125750891286	0.16200000000000003	4.466333333333334
H1977	A	10	cellobiose	sugar	F	0.9673838582091526	0.15100000000000002	4.069500000000001
H1977	A	10	cellobiose	sugar	G	1.166008275058243	0.15741666666666668	3.7653069444444447
H1977	A	10	cellobiose	sugar	H	1.0432407818166658	0.1835	3.8881111111111113
H1977	A	10	citric acid	organic_acid	A	0.9418749386998875	0.753	17.825016666666667
H1977	A	10	citric acid	organic_acid	B	0.9023450626446317	0.71605	17.771104166666667
H1977	A	10	citric acid	organic_acid	C	0.8308986094070138	0.33816666666666667	10.090072222222222
H1977	A	10	citric acid	organic_acid	D	0.8907111125296905	0.72575	17.558194444444446
H1977	A	10	citric acid	organic_acid	E	0.7357545836570895	0.72475	17.451227777777778
H1977	A	10	citric acid	organic_acid	F	1.07715044397696	0.7469166666666667	18.69790972222222
H1977	A	10	citric acid	organic_acid	G	0.8367000403253674	0.74615	18.533306944444444
H1977	A	10	citric acid	organic_acid	H	0.8489996788571991	0.7126666666666667	17.415211111111113
H1977	A	10	d-mannitol	sugar	A	0.9343179420624259	0.5902	16.773977777777777
H1977	A	10	d-mannitol	sugar	B	1.0308998080719827	0.5205	14.470027777777778
H1977	A	10	d-mannitol	sugar	C	0.8900812953139239	0.4975	14.146894444444445
H1977	A	10	d-mannitol	sugar	D	0.9978829946845494	0.48875	13.655962500000001
H1977	A	10	d-mannitol	sugar	E	0.9585255155562461	0.49566666666666664	13.649811111111111
H1977	A	10	d-mannitol	sugar	F	1.0283065113150915	0.5061666666666667	13.962822222222224
H1977	A	10	d-mannitol	sugar	G	0.863385501949418	0.6133333333333333	17.237922222222224
H1977	A	10	d-mannitol	sugar	H	0.8760131367905117	0.6504166666666668	17.098848611111112
H1977	A	10	d-mannitol	sugar	I	0.9707237232143457	0.42530000000000007	10.987744444444445
H1977	A	10	d-mannitol	sugar	J	0.8389307642575016	0.38641666666666663	10.082365277777777
H1977	A	10	d-mannitol	sugar	K	0.8671609626528306	0.39516666666666667	11.677105555555556
H1977	A	10	d-mannitol	sugar	L	0.8786982948500408	0.38066666666666665	10.374377777777779
H1977	A	10	d-mannitol	sugar	M	0.9149580221679575	0.39566666666666667	11.354494444444445
H1977	A	10	d-mannitol	sugar	N	0.9795533785202765	0.37875	9.8553125
H1977	A	10	d-mannitol	sugar	O	0.8657909194950433	0.38933333333333336	9.891255555555556
H1977	A	10	d-mannitol	sugar	P	0.8929699802030986	0.41775	10.465970833333333
H1977	A	10	dl-aspartic acid	amino_acid	A	0.889961438634383	0.56915	12.946737500000001
H1977	A	10	dl-aspartic acid	amino_acid	B	0.9202311593462107	0.3615833333333333	9.221222222222222
H1977	A	10	dl-aspartic acid	amino_acid	C	0.7696749367499227	0.59315	14.00957638888889
H1977	A	10	dl-aspartic acid	amino_acid	D	1.0605169088906328	0.59695	13.958498611111112
H1977	A	10	dl-aspartic acid	amino_acid	E	1.056834443307012	0.60295	14.492073611111113
H1977	A	10	dl-aspartic acid	amino_acid	F	0.9042969711685175	0.32434999999999997	8.433090277777778
H1977	A	10	dl-aspartic acid	amino_acid	G	0.878466747954116	0.29174999999999995	7.9333625
H1977	A	10	dl-aspartic acid	amino_acid	H	0.735979588383342	0.29866666666666664	8.090094444444444
H1977	A	10	glucose	sugar	A	1.1859075814400146	0.41715	9.926198611111111
H1977	A	10	glucose	sugar	B	1.1580678420276804	0.42375000000000007	8.54205138888889
H1977	A	10	glucose	sugar	C	1.1858984233484808	0.3932	7.670850000000001
H1977	A	10	glucose	sugar	D	0.5437698614537483	0.3792	6.420827777777778
H1977	A	10	glucose	sugar	E	0.7131827090886805	0.38865	6.586754166666666
H1977	A	10	glucose	sugar	F	1.2080339368733146	0.3992	5.2369111111111115
H1977	A	10	glucose	sugar	G	0.615483864582998	0.37266666666666665	6.143994444444445
H1977	A	10	glucose	sugar	H	0.6997422684223107	0.38875	7.214458333333334
H1977	A	10	glycine	amino_acid	A	0.7693629685921999	0.19075	4.297887500000001
H1977	A	10	glycine	amino_acid	B	0.8728716144197476	0.171	3.9603333333333337
H1977	A	10	glycine	amino_acid	C	1.0081617278333732	0.14070000000000002	3.5670944444444443
H1977	A	10	glycine	amino_acid	D	0.8553278601155587	0.125	3.1868333333333334
H1977	A	10	glycine	amino_acid	E	1.0800607594949982	0.11949999999999998	3.128225
H1977	A	10	glycine	amino_acid	F	0.8671927579488825	0.099	2.670166666666667
H1977	A	10	glycine	amino_acid	G	0.882532576512649	0.11475000000000002	2.8833875000000004
H1977	A	10	glycine	amino_acid	H	0.8476966839396246	0.13641666666666666	2.772031944444444
H1977	A	10	glycolic acid	organic_acid	A	0.8533288853144195	0.05299999999999999	1.8992944444444446
H1977	A	10	glycolic acid	organic_acid	B	0.8703697696839069	0.05233333333333335	1.835605555555556
H1977	A	10	glycolic acid	organic_acid	C	0.9591357284995959	0.05199999999999999	1.9088333333333332
H1977	A	10	glycolic acid	organic_acid	D	1.0329836860964965	0.05044999999999999	1.8863208333333332
H1977	A	10	glycolic acid	organic_acid	E	0.9246467479075099	0.05399999999999999	1.9471666666666667
H1977	A	10	glycolic acid	organic_acid	F	1.046328674148775	0.05799999999999999	2.1245555555555553
H1977	A	10	glycolic acid	organic_acid	G	0.930797254736666	0.05599999999999999	1.917872222222222
H1977	A	10	glycolic acid	organic_acid	H	1.011736815024123	0.05099999999999999	1.8651888888888883
H1977	A	10	histidine	amino_acid	A	0.7687943948981304	0.5416000000000001	16.3065
H1977	A	10	histidine	amino_acid	B	0.7087803866438454	0.5684	15.49853888888889
H1977	A	10	histidine	amino_acid	C	0.8730501568086764	0.59065	15.8158375
H1977	A	10	histidine	amino_acid	D	1.0570392770836552	0.56545	15.156487499999999
H1977	A	10	histidine	amino_acid	E	0.8648204333608769	0.5688	15.269872222222222
H1977	A	10	histidine	amino_acid	F	0.768008182173369	0.5572	14.962044444444444
H1977	A	10	histidine	amino_acid	G	0.6704147154127366	0.5564	14.892205555555556
H1977	A	10	histidine	amino_acid	H	1.0018641333662852	0.5167	14.532022222222222
H1977	A	10	l-alanine	amino_acid	A	0.8954000307968841	0.85375	20.356405555555558
H1977	A	10	l-alanine	amino_acid	B	0.9429304627570558	0.4754166666666666	13.840281944444444
H1977	A	10	l-alanine	amino_acid	C	0.9210592244966301	0.51475	16.311554166666667
H1977	A	10	l-alanine	amino_acid	D	0.9463739344199201	0.7463500000000001	18.037859722222223
H1977	A	10	l-alanine	amino_acid	E	0.88878984977078	0.74275	19.124561111111113
H1977	A	10	l-alanine	amino_acid	F	0.8963806793025123	0.7820833333333334	18.728126388888892
H1977	A	10	l-alanine	amino_acid	G	0.8964285915394039	0.715	17.8201
H1977	A	10	l-alanine	amino_acid	H	1.09158141534899	0.517	16.8685
H1977	A	10	l-asparagine	amino_acid	A	1.3627372341250827	0.34824999999999995	3.6191138888888896
H1977	A	10	l-asparagine	amino_acid	B	0.8232167528186162	0.32791666666666663	3.6549263888888888
H1977	A	10	l-asparagine	amino_acid	C	0.7139799578479405	0.47716666666666663	8.687922222222223
H1977	A	10	l-asparagine	amino_acid	D	0.7988322906023133	0.3625833333333333	4.016204166666667
H1977	A	10	l-asparagine	amino_acid	E	0.5623350994632357	0.32866666666666666	3.236794444444445
H1977	A	10	l-asparagine	amino_acid	F	1.034527051889772	0.4571666666666666	6.712422222222223
H1977	A	10	l-asparagine	amino_acid	G	0.562236620760514	0.39266666666666666	4.207627777777779
H1977	A	10	l-asparagine	amino_acid	H	1.2970263204170929	0.40558333333333335	4.186591666666668
H1977	A	10	l-asparagine	amino_acid	I	0.702774009646712	0.494	9.742333333333335
H1977	A	10	l-asparagine	amino_acid	J	0.6979031165095054	0.26966666666666667	6.240127777777778
H1977	A	10	l-asparagine	amino_acid	K	0.7733534244774806	0.37566666666666665	8.380561111111112
H1977	A	10	l-asparagine	amino_acid	L	0.7968022650896266	0.2585	6.601227777777778
H1977	A	10	l-asparagine	amino_acid	M	0.7461194450500076	0.32680000000000003	7.802494444444445
H1977	A	10	l-asparagine	amino_acid	N	0.6349024952002306	0.32433333333333336	7.802655555555556
H1977	A	10	l-asparagine	amino_acid	O	0.7100888214093168	0.34700000000000003	7.967133333333334
H1977	A	10	l-asparagine	amino_acid	P	0.7854777621938314	0.38166666666666665	8.744961111111111
H1977	A	10	l-cysteine	amino_acid	A	0.47526778499767847	0.10858333333333337	1.490968055555556
H1977	A	10	l-cysteine	amino_acid	B	0.4676982039836959	0.172	3.136316666666667
H1977	A	10	l-cysteine	amino_acid	C	0.39721274897587855	0.14900000000000002	1.8165000000000004
H1977	A	10	l-cysteine	amino_acid	D	0.6684546321824868	0.14950000000000002	1.7917722222222228
H1977	A	10	l-cysteine	amino_acid	E	0.578108504235759	0.1591666666666667	1.967872222222223
H1977	A	10	l-cysteine	amino_acid	F	0.7764224706902388	0.15258333333333332	3.1088875
H1977	A	10	l-cysteine	amino_acid	G	0.8320792645612248	0.18291666666666667	3.550456944444445
H1977	A	10	l-cysteine	amino_acid	H	0.49373736140758856	0.16200000000000003	1.9671500000000002
H1977	A	10	l-glutamine	amino_acid	A	0.6735616843499703	0.32333333333333336	4.436922222222223
H1977	A	10	l-glutamine	amino_acid	B	0.582391733759636	0.2841666666666667	3.589172222222223
H1977	A	10	l-glutamine	amino_acid	C	0.6337106614738913	0.329	5.223083333333333
H1977	A	10	l-glutamine	amino_acid	D	1.0791197868339348	0.2853333333333334	4.448355555555556
H1977	A	10	l-glutamine	amino_acid	E	0.7484648224901888	0.269	3.9061500000000007
H1977	A	10	l-glutamine	amino_acid	F	1.1392200914535466	0.2743333333333334	4.104244444444445
H1977	A	10	l-glutamine	amino_acid	G	0.9821900668537613	0.26466666666666666	3.5568777777777782
H1977	A	10	l-glutamine	amino_acid	H	1.5271907252551704	0.33366666666666667	4.6447111111111115
H1977	A	10	l-glutamine	amino_acid	I	0.5224947398445857	0.3880833333333334	5.043343055555557
H1977	A	10	l-glutamine	amino_acid	J	0.7948498132785976	0.40075	7.761045833333333
H1977	A	10	l-glutamine	amino_acid	K	0.7073554943903467	0.35333333333333333	4.341305555555556
H1977	A	10	l-glutamine	amino_acid	L	0.5788284355030041	0.3789166666666666	5.682340277777778
H1977	A	10	l-glutamine	amino_acid	M	0.5107746625055442	0.385	6.551004166666667
H1977	A	10	l-glutamine	amino_acid	N	0.7112458846386516	0.34491666666666665	4.9990097222222225
H1977	A	10	l-glutamine	amino_acid	O	0.4975379716286276	0.35524999999999995	5.2563152777777775
H1977	A	10	l-glutamine	amino_acid	P	0.5182055068303943	0.4935	8.788061111111112
H1977	A	10	l-isoleucine	amino_acid	A	0.5316800254790448	0.0015	0.036761111111111126
H1977	A	10	l-isoleucine	amino_acid	B	0.7187609817505353	0.01041666666666667	0.044931944444444476
H1977	A	10	l-isoleucine	amino_acid	C	0.4113565936409314	0.07133333333333333	0.340788888888889
H1977	A	10	l-isoleucine	amino_acid	D	0.6509337593274093	0.036	0.1298666666666668
H1977	A	10	l-isoleucine	amino_acid	E	0.8670804167977316	0.01324999999999999	0.07628194444444439
H1977	A	10	l-isoleucine	amino_acid	F	0.2726456072351875	0.00199999999999998	0.06749999999999955
H1977	A	10	l-isoleucine	amino_acid	G	0.5227462794795273	0.00174999999999998	0.043537499999999806
H1977	A	10	l-isoleucine	amino_acid	H	0.49042122974844715	0.00249999999999998	0.06061111111111045
H1977	A	10	l-methionine	amino_acid	A	1.2059751728345123	0.04950000000000001	0.5247611111111113
H1977	A	10	l-methionine	amino_acid	B	0.7440818830407071	0.02674999999999998	0.39688749999999956
H1977	A	10	l-methionine	amino_acid	C	1.1156747850938635	0.04316666666666668	0.5838888888888891
H1977	A	10	l-methionine	amino_acid	D	0.739909187676728	0.01450000000000001	0.37401111111111135
H1977	A	10	l-methionine	amino_acid	E	0.5484555113016731	0.01	0.12665
H1977	A	10	l-methionine	amino_acid	F	0.5980134543856596	0.01933333333333335	0.36302222222222247
H1977	A	10	l-methionine	amino_acid	G	0.6647382909704588	0.04566666666666667	0.7043111111111107
H1977	A	10	l-methionine	amino_acid	H	0.8206750698349586	0.04608333333333333	0.7279847222222219
H1977	A	10	l-proline	amino_acid	A	0.9199263574397198	0.5850833333333333	15.399759722222223
H1977	A	10	l-proline	amino_acid	B	0.7550400278996956	0.4745833333333333	13.04725138888889
H1977	A	10	l-proline	amino_acid	C	1.018841667672221	0.5692	15.714750000000002
H1977	A	10	l-proline	amino_acid	D	1.0908454588264358	0.5762499999999999	16.228315277777778
H1977	A	10	l-proline	amino_acid	E	1.1471187394264428	0.5932000000000001	16.623900000000003
H1977	A	10	l-proline	amino_acid	F	0.8513292988981934	0.555	15.490305555555556
H1977	A	10	l-proline	amino_acid	G	0.9182709437668518	0.5346666666666667	15.099211111111112
H1977	A	10	l-proline	amino_acid	H	1.1136748187583134	0.5754499999999999	15.61009861111111
H1977	A	10	l-valine	amino_acid	A	0.7123522264148635	0.678	14.753716666666667
H1977	A	10	l-valine	amino_acid	B	0.8428963172891488	0.5696666666666668	13.24087777777778
H1977	A	10	l-valine	amino_acid	C	0.7790907460193838	0.5906666666666667	14.237044444444445
H1977	A	10	l-valine	amino_acid	D	1.023768339051027	0.585	13.980866666666667
H1977	A	10	l-valine	amino_acid	E	1.248284566287557	0.61325	15.253215277777779
H1977	A	10	l-valine	amino_acid	F	0.9087064331311724	0.5896666666666667	14.14777777777778
H1977	A	10	l-valine	amino_acid	G	0.8183834588991195	0.594	15.056911111111111
H1977	A	10	l-valine	amino_acid	H	0.8643801155448533	0.6573333333333333	15.18468888888889
H1977	A	10	lactic acid	organic_acid	A	1.155723230645392	0.8931666666666667	24.379572222222222
H1977	A	10	lactic acid	organic_acid	B	0.8916688553024447	0.5523500000000001	17.218034722222225
H1977	A	10	lactic acid	organic_acid	C	1.0200320799465603	0.60375	18.23689027777778
H1977	A	10	lactic acid	organic_acid	D	0.7978285879204844	0.8080833333333334	23.56511805555556
H1977	A	10	lactic acid	organic_acid	E	0.902077779264984	0.79965	23.938165277777777
H1977	A	10	lactic acid	organic_acid	F	0.8533854797631756	0.7982500000000001	23.715612500000002
H1977	A	10	lactic acid	organic_acid	G	0.7266206666310366	0.8096666666666668	24.026561111111114
H1977	A	10	lactic acid	organic_acid	H	0.9918500985382606	0.5782499999999999	17.547943055555557
H1977	A	10	leucine	amino_acid	A	0.7880898944827894	0.34108333333333335	5.913618055555555
H1977	A	10	leucine	amino_acid	B	0.7982180639910017	0.31633333333333336	6.025505555555556
H1977	A	10	leucine	amino_acid	C	0.7068671515001199	0.29716666666666663	5.819172222222223
H1977	A	10	leucine	amino_acid	D	0.7914745289102422	0.27016666666666667	5.544388888888889
H1977	A	10	leucine	amino_acid	E	1.110946151587195	0.29091666666666666	5.563427777777778
H1977	A	10	leucine	amino_acid	F	0.77066365764607625	0.273	5.4848333333333334
H1977	A	10	leucine	amino_acid	G	0.6536730338059296	0.28108333333333335	5.222826388888889
H1977	A	10	leucine	amino_acid	H	0.8934733031335139	0.33641666666666664	6.003156944444444
H1977	A	10	malate	organic_acid	A	1.313769877866976	0.3997500000000001	8.503979166666667
H1977	A	10	malate	organic_acid	B	1.2480371008671216	0.367	7.440422222222222
H1977	A	10	malate	organic_acid	C	1.579938014762017	0.36195	8.372959722222223
H1977	A	10	malate	organic_acid	D	1.2319185069017586	0.34059999999999996	8.666894444444445
H1977	A	10	malate	organic_acid	E	1.3085349609844914	0.365	7.390127777777777
H1977	A	10	malate	organic_acid	F	1.2906141282664705	0.16466666666666666	1.4166777777777777
H1977	A	10	malate	organic_acid	G	1.4591688916130279	0.34509999999999996	8.053049999999999
H1977	A	10	malate	organic_acid	H	1.026826606100429	0.4026	10.186705555555555
H1977	A	10	malonic acid	organic_acid	A	0.9313466759045763	0.618	14.517583333333334
H1977	A	10	malonic acid	organic_acid	B	0.9853483660501495	0.2783333333333334	6.896088888888889
H1977	A	10	malonic acid	organic_acid	C	0.8705245688424683	0.26233333333333336	7.362505555555556
H1977	A	10	malonic acid	organic_acid	D	0.9216728774497915	0.30166666666666664	7.871644444444445
H1977	A	10	malonic acid	organic_acid	E	0.940424053823246	0.6031	14.497250000000001
H1977	A	10	malonic acid	organic_acid	F	0.8290987127998098	0.5466000000000001	13.723600000000001
H1977	A	10	malonic acid	organic_acid	G	1.0041531040938214	0.5576000000000001	13.758716666666668
H1977	A	10	malonic acid	organic_acid	H	0.9225528762393775	0.5661999999999999	13.872805555555557
H1977	A	10	phenylalanine	amino_acid	A	1.042100707913961	0.29374999999999996	6.7342458333333335
H1977	A	10	phenylalanine	amino_acid	B	0.8741981066287946	0.32133333333333336	8.05568888888889
H1977	A	10	phenylalanine	amino_acid	C	0.7905381333214002	0.30524999999999997	8.175343055555555
H1977	A	10	phenylalanine	amino_acid	D	1.171095561976847	0.30465000000000003	8.499255555555555
H1977	A	10	phenylalanine	amino_acid	E	1.373161093941363	0.25384999999999996	7.3644944444444445
H1977	A	10	phenylalanine	amino_acid	F	1.0186910418404171	0.26930000000000004	7.465816666666667
H1977	A	10	phenylalanine	amino_acid	G	0.9340125098932708	0.28933333333333333	7.458355555555556
H1977	A	10	phenylalanine	amino_acid	H	0.9346777247997582	0.35966666666666663	8.242794444444446
H1977	A	10	pyruvic acid	organic_acid	A	0.8913080864831865	0.67865	17.128954166666666
H1977	A	10	pyruvic acid	organic_acid	B	0.7954321134435651	0.6116666666666667	16.320794444444445
H1977	A	10	pyruvic acid	organic_acid	C	0.7815391890097486	0.6116666666666667	16.363744444444446
H1977	A	10	pyruvic acid	organic_acid	D	0.6847498917657432	0.6130833333333333	16.142926388888892
H1977	A	10	pyruvic acid	organic_acid	E	0.7613379021698718	0.6036	16.230133333333335
H1977	A	10	pyruvic acid	organic_acid	F	0.6939291711597749	0.6126666666666667	16.183861111111113
H1977	A	10	pyruvic acid	organic_acid	G	0.9689243704120781	0.5992500000000001	16.496684722222223
H1977	A	10	pyruvic acid	organic_acid	H	0.8034110631024384	0.6226666666666667	16.55416111111111
H1977	A	10	salicylic acid	organic_acid	A	0.957759879498428	0.14525	1.7156652777777777
H1977	A	10	salicylic acid	organic_acid	B	0.733960504226725	0.15340000000000004	3.004888888888889
H1977	A	10	salicylic acid	organic_acid	C	0.8327962131054463	0.1368	2.673855555555556
H1977	A	10	salicylic acid	organic_acid	D	0.9232061308185543	0.1178	2.192572222222222
H1977	A	10	salicylic acid	organic_acid	E	0.40727090909842995	0.1888	3.3981611111111114
H1977	A	10	salicylic acid	organic_acid	F	0.849823558039812	0.13985	2.6510069444444446
H1977	A	10	salicylic acid	organic_acid	G	1.3778319236789827	0.12183333333333334	2.3717805555555556
H1977	A	10	salicylic acid	organic_acid	H	0.8406573083942135	0.14075	2.0024041666666665
H1977	A	10	serine	amino_acid	A	0.9274094945502928	0.483	15.565650000000002
H1977	A	10	serine	amino_acid	B	1.3410299486646966	0.36141666666666666	8.544423611111112
H1977	A	10	serine	amino_acid	C	0.9385738873555702	0.36408333333333337	8.450943055555557
H1977	A	10	serine	amino_acid	D	1.0519560315589545	0.3438333333333334	8.190483333333335
H1977	A	10	serine	amino_acid	E	0.99231251977909	0.35966666666666663	7.976811111111112
H1977	A	10	serine	amino_acid	F	0.8717645640754106	0.37633333333333335	9.65303888888889
H1977	A	10	serine	amino_acid	G	0.9875753881991801	0.36633333333333334	8.13478888888889
H1977	A	10	serine	amino_acid	H	1.1009501161466784	0.5120833333333333	16.31695138888889
H1977	A	10	shikimic acid	organic_acid	A	1.0488106204280598	0.33333333333333337	10.702044444444445
H1977	A	10	shikimic acid	organic_acid	B	1.2645358700267988	0.30525	10.209329166666668
H1977	A	10	shikimic acid	organic_acid	C	1.0001960717061835	0.30455	10.388756944444443
H1977	A	10	shikimic acid	organic_acid	D	0.9412601620458866	0.29519999999999996	9.665005555555556
H1977	A	10	shikimic acid	organic_acid	E	0.9932358612270024	0.2945	9.947073611111112
H1977	A	10	shikimic acid	organic_acid	F	1.1661375630306423	0.3075	10.138708333333334
H1977	A	10	shikimic acid	organic_acid	G	0.988885391241468	0.32	10.196316666666666
H1977	A	10	shikimic acid	organic_acid	H	1.0805926868430784	0.33375	10.379612499999999
H1977	A	10	sodium acetate	organic_acid	A	0.5898096581053128	0.105	1.064516666666667
H1977	A	10	sodium acetate	organic_acid	B	0.4423010404307684	0.00566666666666665	0.17731111111111061
H1977	A	10	sodium acetate	organic_acid	C	0.8873170537274419	0.01274999999999999	0.24794583333333292
H1977	A	10	sodium acetate	organic_acid	D	0.7788673936386349	0.08866666666666666	0.979166666666667
H1977	A	10	sodium acetate	organic_acid	E	0.6602205093930354	0.06875	0.7186375000000002
H1977	A	10	sodium acetate	organic_acid	F	0.5147585666844133	0.05666666666666666	0.4821444444444446
H1977	A	10	sodium acetate	organic_acid	G	0.5886732417504034	0.06383333333333334	0.5365333333333335
H1977	A	10	sodium acetate	organic_acid	H	0.5406274030611656	0.01341666666666668	0.3474236111111112
H1977	A	10	starch	sugar	A	1.1713600654615133	0.139	4.2701875000000005
H1977	A	10	starch	sugar	B	0.8927554516006735	0.12275	3.777905555555556
H1977	A	10	starch	sugar	C	0.8594484828614039	0.11135	3.063954166666666
H1977	A	10	starch	sugar	D	1.2296234776287407	0.09645	3.0312375
H1977	A	10	starch	sugar	E	1.0761524928486388	0.09825	2.733029166666667
H1977	A	10	starch	sugar	F	1.1634451188754478	0.08195000000000002	2.443890277777778
H1977	A	10	starch	sugar	G	0.9979892372138477	0.08991666666666666	2.927376388888889
H1977	A	10	starch	sugar	H	1.4109718773696116	0.21705	5.523551388888889
H1977	A	10	succinic acid	organic_acid	A	1.016867652853338	0.6533500000000001	20.6133875
H1977	A	10	succinic acid	organic_acid	B	1.289468863964421	0.57495	18.536730555555554
H1977	A	10	succinic acid	organic_acid	C	1.0144315208806347	0.6555500000000001	20.097995833333336
H1977	A	10	succinic acid	organic_acid	D	1.01005221527887	0.5054166666666667	15.45769861111111
H1977	A	10	succinic acid	organic_acid	E	1.1463898123444713	0.508	15.564372222222223
H1977	A	10	succinic acid	organic_acid	F	1.3088332502792202	0.5109166666666667	15.789893055555556
H1977	A	10	succinic acid	organic_acid	G	1.2811786499457678	0.4989166666666666	15.08687638888889
H1977	A	10	succinic acid	organic_acid	H	1.2239175783782639	0.62345	19.80531527777778
H1977	A	10	sucrose	sugar	A	1.1315296541777786	0.46724999999999994	15.382448611111112
H1977	A	10	sucrose	sugar	B	0.9746899068011939	0.4142	14.12435
H1977	A	10	sucrose	sugar	C	0.9682842844505841	0.4776	14.811644444444445
H1977	A	10	sucrose	sugar	D	1.0937607391259347	0.4186	14.289888888888889
H1977	A	10	sucrose	sugar	E	1.6090967088087471	0.45705	14.466781944444445
H1977	A	10	sucrose	sugar	F	1.3382069476800462	0.4419	13.995822222222223
H1977	A	10	sucrose	sugar	G	1.0427156292549649	0.41180000000000005	13.771272222222223
H1977	A	10	sucrose	sugar	H	0.9283427001597712	0.3956	13.584127777777779
H1977	A	10	taurine	amino_acid	A	1.1589102711283075	0.1760833333333333	4.793051388888888
H1977	A	10	taurine	amino_acid	B	0.9899688080083319	0.14400000000000002	4.005516666666667
H1977	A	10	taurine	amino_acid	C	1.173073046810821	0.13541666666666666	3.8138236111111112
H1977	A	10	taurine	amino_acid	D	0.9742765075935466	0.12874999999999998	3.6479874999999997
H1977	A	10	taurine	amino_acid	E	1.0498951950601982	0.12733333333333333	3.551688888888889
H1977	A	10	taurine	amino_acid	F	1.0393843716135311	0.1075	3.125194444444445
H1977	A	10	taurine	amino_acid	G	1.2229021517161665	0.14558333333333334	3.692554166666667
H1977	A	10	taurine	amino_acid	H	0.9543687158636396	0.16300000000000003	4.193483333333334
H1977	A	10	threonine	amino_acid	A	0.7810116380298008	0.22116666666666668	3.6011833333333336
H1977	A	10	threonine	amino_acid	B	0.7728452450024129	0.22766666666666663	3.719411111111112
H1977	A	10	threonine	amino_acid	C	0.9206876664760824	0.2275833333333333	3.9890875000000006
H1977	A	10	threonine	amino_acid	D	0.7444063528463035	0.23341666666666663	3.821606944444445
H1977	A	10	threonine	amino_acid	E	0.7505291720862749	0.23241666666666663	3.9257902777777782
H1977	A	10	threonine	amino_acid	F	0.8018920894760811	0.22816666666666663	3.7835388888888897
H1977	A	10	threonine	amino_acid	G	0.857678844116407	0.234	4.016116666666667
H1977	A	10	threonine	amino_acid	H	0.7388194050050383	0.24808333333333335	4.262759722222222
H1977	A	10	xylose	sugar	A	0.8315381270868344	0.24266666666666667	5.845344444444445
H1977	A	10	xylose	sugar	B	0.7385841637957972	0.1895	5.136455555555556
H1977	A	10	xylose	sugar	C	1.1577325137836816	0.1875	5.384494444444445
H1977	A	10	xylose	sugar	D	1.3346934092116312	0.15705	5.107672222222222
H1977	A	10	xylose	sugar	E	0.9221439163025198	0.15480000000000002	5.011072222222222
H1977	A	10	xylose	sugar	F	0.9452831175247004	0.14995	4.670812499999999
H1977	A	10	xylose	sugar	G	0.8159302537436931	0.125	3.580061111111111
H1977	A	10	xylose	sugar	H	0.9534811436001668	0.1875	4.082066666666667
H1977	E	0	4-hydroxybenzoic acid	organic_acid	A	0.7890648733169391	0.5773333333333333	16.484122222222222
H1977	E	0	4-hydroxybenzoic acid	organic_acid	B	1.03632565589255	0.5423333333333333	16.01148888888889
H1977	E	0	4-hydroxybenzoic acid	organic_acid	C	1.080528531768316	0.4729	16.11776111111111
H1977	E	0	4-hydroxybenzoic acid	organic_acid	D	1.313858266505491	0.51285	15.783150000000001
H1977	E	0	4-hydroxybenzoic acid	organic_acid	E	0.9936657468623894	0.5114	16.09221666666667
H1977	E	0	4-hydroxybenzoic acid	organic_acid	F	1.0045627215777835	0.46615	16.102356944444445
H1977	E	0	4-hydroxybenzoic acid	organic_acid	G	1.047134938933932	0.5133333333333333	15.805505555555557
H1977	E	0	4-hydroxybenzoic acid	organic_acid	H	0.9573720927316177	0.5471666666666667	15.975466666666668
H1977	E	0	4-hydroxybenzoic acid	organic_acid	I	0.8285488681728274	0.6737500000000001	18.802195833333336
H1977	E	0	4-hydroxybenzoic acid	organic_acid	J	0.9553503387202813	0.5495500000000001	17.48592361111111
H1977	E	0	4-hydroxybenzoic acid	organic_acid	K	0.9310462819662116	0.5344	17.173644444444445
H1977	E	0	4-hydroxybenzoic acid	organic_acid	L	1.0600847733264593	0.5232	16.54596111111111
H1977	E	0	4-hydroxybenzoic acid	organic_acid	M	0.806272136467766	0.5306000000000001	16.819483333333334
H1977	E	0	4-hydroxybenzoic acid	organic_acid	N	0.994401139117981	0.55195	17.008906944444448
H1977	E	0	4-hydroxybenzoic acid	organic_acid	O	1.126593924701787	0.55065	16.991368055555554
H1977	E	0	4-hydroxybenzoic acid	organic_acid	P	0.6469056369058839	0.51575	13.3066125
H1977	E	0	arabinose	sugar	A	0.8542962394729878	0.792	20.449266666666666
H1977	E	0	arabinose	sugar	B	0.9411696874071057	0.6872	19.00698888888889
H1977	E	0	arabinose	sugar	C	0.9685109994353412	0.7333333333333333	20.227855555555557
H1977	E	0	arabinose	sugar	D	0.8818953489428347	0.7256666666666667	20.193994444444446
H1977	E	0	arabinose	sugar	E	0.9763923571170877	0.7179	20.1859
H1977	E	0	arabinose	sugar	F	0.840892646459736	0.7286666666666667	20.104594444444444
H1977	E	0	arabinose	sugar	G	0.9194024471621115	0.5093333333333333	15.795455555555556
H1977	E	0	arabinose	sugar	H	1.0728221937674125	0.48905	14.763008333333334
H1977	E	0	cellobiose	sugar	A	0.7043101171877927	0.26675000000000004	7.277237500000001
H1977	E	0	cellobiose	sugar	B	0.6772381777593731	0.17666666666666667	5.885877777777778
H1977	E	0	cellobiose	sugar	C	1.0862383100115494	0.17825	6.073822222222222
H1977	E	0	cellobiose	sugar	D	1.0490684296622692	0.17049999999999998	5.7294888888888895
H1977	E	0	cellobiose	sugar	E	0.9756123506725501	0.16100000000000003	5.5021666666666675
H1977	E	0	cellobiose	sugar	F	0.8050792296675735	0.17175	5.573804166666667
H1977	E	0	cellobiose	sugar	G	0.9375964161557401	0.192	5.58985
H1977	E	0	cellobiose	sugar	H	0.8073384354874622	0.1446666666666667	4.043461111111111
H1977	E	0	cellobiose	sugar	I	0.7897705554410646	0.21600000000000005	5.858516666666667
H1977	E	0	cellobiose	sugar	J	0.4057898786032306	0.21600000000000005	6.072166666666667
H1977	E	0	cellobiose	sugar	K	0.8247397998621976	0.16175000000000003	4.8511444444444445
H1977	E	0	cellobiose	sugar	L	0.8624175444189377	0.19816666666666669	5.892672222222222
H1977	E	0	cellobiose	sugar	M	0.723027064717848	0.15900000000000003	4.862316666666667
H1977	E	0	cellobiose	sugar	N	0.618690719850566	0.18816666666666668	5.898672222222222
H1977	E	0	cellobiose	sugar	O	0.668801029549179	0.15	4.684409722222222
H1977	E	0	cellobiose	sugar	P	0.7990784669900494	0.20391666666666663	6.117859722222223
H1977	E	0	cellobiose	sugar	Q	0.819464417678584	0.15224999999999997	4.738022222222223
H1977	E	0	cellobiose	sugar	R	0.9685350579526135	0.21600000000000005	6.430877777777778
H1977	E	0	cellobiose	sugar	S	0.8833930894492741	0.13425	4.394755555555555
H1977	E	0	cellobiose	sugar	T	0.9029013238646	0.2135	6.196063888888889
H1977	E	0	cellobiose	sugar	U	0.997161548699023	0.15950000000000003	4.755794444444445
H1977	E	0	cellobiose	sugar	V	1.0119412176054075	0.22100000000000003	6.054683333333334
H1977	E	0	cellobiose	sugar	W	0.9170585613129614	0.16808333333333328	4.759026388888889
H1977	E	0	cellobiose	sugar	X	1.004792004413689	0.228	6.049516666666667
H1977	E	0	citric acid	organic_acid	A	0.9515748775443278	1.0391666666666666	24.541722222222223
H1977	E	0	citric acid	organic_acid	B	0.6736071433726005	0.9798	23.829122222222225
H1977	E	0	citric acid	organic_acid	C	0.846102975155019	0.9546	23.480322222222224
H1977	E	0	citric acid	organic_acid	D	0.7160044499982915	0.6066666666666667	16.511311111111112
H1977	E	0	citric acid	organic_acid	E	0.7713139424103392	0.9378	23.231527777777778
H1977	E	0	citric acid	organic_acid	F	0.8022096029759691	0.943	23.325166666666668
H1977	E	0	citric acid	organic_acid	G	0.7519074667911515	0.5526666666666668	14.813544444444446
H1977	E	0	citric acid	organic_acid	H	0.7006342319825657	0.9608333333333334	22.690652777777778
H1977	E	0	d-mannitol	sugar	A	0.840333326519254	0.551	17.823683333333335
H1977	E	0	d-mannitol	sugar	B	0.8972595771212007	0.497	16.702166666666667
H1977	E	0	d-mannitol	sugar	C	0.9453834353813805	0.52015	16.280029166666665
H1977	E	0	d-mannitol	sugar	D	0.7235895607866558	0.5284	16.263855555555555
H1977	E	0	d-mannitol	sugar	E	0.7858988142957292	0.5436000000000001	16.47
H1977	E	0	d-mannitol	sugar	F	0.8606400225560944	0.4859	16.469344444444445
H1977	E	0	d-mannitol	sugar	G	1.0139070576368752	0.5135	17.236005555555554
H1977	E	0	d-mannitol	sugar	H	0.7127050902091584	0.6066666666666667	18.22147777777778
H1977	E	0	d-mannitol	sugar	I	0.7487055677047257	0.6510833333333333	17.71712638888889
H1977	E	0	d-mannitol	sugar	J	0.9393294794296696	0.5432	16.008383333333335
H1977	E	0	d-mannitol	sugar	K	0.86893706216989	0.5510833333333334	15.86626388888889
H1977	E	0	d-mannitol	sugar	L	0.7625119431270199	0.5100833333333333	15.024293055555557
H1977	E	0	d-mannitol	sugar	M	0.8201805266140726	0.4978	15.434227777777778
H1977	E	0	d-mannitol	sugar	N	1.0010529743917942	0.4343333333333334	13.128722222222223
H1977	E	0	d-mannitol	sugar	O	0.7790581820165143	0.51525	15.313220833333334
H1977	E	0	d-mannitol	sugar	P	0.9046531827770546	0.5485	15.8612
H1977	E	0	dl-aspartic acid	amino_acid	A	1.386205276899218	0.3267	8.122541666666667
H1977	E	0	dl-aspartic acid	amino_acid	B	1.7526335049172894	0.3330000000000001	8.225634722222223
H1977	E	0	dl-aspartic acid	amino_acid	C	1.5971372301123603	0.33766666666666667	8.34145
H1977	E	0	dl-aspartic acid	amino_acid	D	1.0621254455313591	0.35850000000000004	9.251783333333334
H1977	E	0	dl-aspartic acid	amino_acid	E	0.6368276303361534	0.60475	16.24086527777778
H1977	E	0	dl-aspartic acid	amino_acid	F	1.3325652496609834	0.39958333333333335	9.464591666666667
H1977	E	0	dl-aspartic acid	amino_acid	G	0.8393112326729084	0.36625	8.903052777777779
H1977	E	0	dl-aspartic acid	amino_acid	H	0.675625004164043	0.328	7.865083333333334
H1977	E	0	glucose	sugar	A	1.1779810195553493	0.4464499999999999	15.456098611111111
H1977	E	0	glucose	sugar	B	1.030344901169124	0.43755	15.165234722222221
H1977	E	0	glucose	sugar	C	0.9679857593268455	0.43115	15.162795833333334
H1977	E	0	glucose	sugar	D	0.9648139609356953	0.43795000000000006	14.95800138888889
H1977	E	0	glucose	sugar	E	0.9191096888102274	0.4668	15.559661111111112
H1977	E	0	glucose	sugar	F	1.1401107597169033	0.4235	14.948422222222224
H1977	E	0	glucose	sugar	G	0.9640857149793193	0.4216	14.979205555555556
H1977	E	0	glucose	sugar	H	1.0364915505458119	0.43120000000000003	14.963766666666668
H1977	E	0	glycine	amino_acid	A	0.8473096889594037	0.03299999999999999	0.9109611111111107
H1977	E	0	glycine	amino_acid	B	0.8086846656890533	0.03733333333333332	0.9203555555555553
H1977	E	0	glycine	amino_acid	C	0.8041415301646877	0.033	0.8528166666666668
H1977	E	0	glycine	amino_acid	D	1.1955275325524226	0.03224999999999999	0.9070708333333328
H1977	E	0	glycine	amino_acid	E	0.9589308624343644	0.03249999999999999	0.9210416666666662
H1977	E	0	glycine	amino_acid	F	0.8441039880338893	0.03633333333333332	0.9545222222222217
H1977	E	0	glycine	amino_acid	G	0.8426305271215196	0.04200000000000001	1.084
H1977	E	0	glycine	amino_acid	H	0.8700865801648009	0.04780000000000001	1.0028500000000002
H1977	E	0	glycolic acid	organic_acid	A	0.7519681423479477	0.02899999999999999	1.0836444444444442
H1977	E	0	glycolic acid	organic_acid	B	0.9219266344223219	0.02905	1.0834319444444442
H1977	E	0	glycolic acid	organic_acid	C	0.7930735499465671	0.02579999999999999	0.967833333333333
H1977	E	0	glycolic acid	organic_acid	D	0.7960443320932081	0.02399999999999999	0.9489999999999996
H1977	E	0	glycolic acid	organic_acid	E	0.7728892483240202	0.02679999999999999	1.024372222222222
H1977	E	0	glycolic acid	organic_acid	F	0.826164225998539	0.02639999999999999	1.0151666666666663
H1977	E	0	glycolic acid	organic_acid	G	0.8601531390804337	0.02499999999999999	0.9998277777777774
H1977	E	0	glycolic acid	organic_acid	H	0.9020348609605243	0.02849999999999999	1.1199277777777774
H1977	E	0	histidine	amino_acid	A	0.6315430490298454	0.63615	19.504804166666666
H1977	E	0	histidine	amino_acid	B	0.8891724962397127	0.615	18.31522777777778
H1977	E	0	histidine	amino_acid	C	0.8207735530669358	0.6096	18.041266666666665
H1977	E	0	histidine	amino_acid	D	0.9261599451224544	0.6352	18.273205555555556
H1977	E	0	histidine	amino_acid	E	0.921661106953431	0.5621666666666667	16.383466666666667
H1977	E	0	histidine	amino_acid	F	0.9155743344376309	0.5616666666666668	16.329216666666667
H1977	E	0	histidine	amino_acid	G	0.7808582846433777	0.636	18.538061111111112
H1977	E	0	histidine	amino_acid	H	0.6760407186605235	0.5714166666666667	16.520756944444447
H1977	E	0	l-alanine	amino_acid	A	1.586060625245068	0.8472	27.374233333333333
H1977	E	0	l-alanine	amino_acid	B	0.9583769922112481	0.7706666666666667	24.19611111111111
H1977	E	0	l-alanine	amino_acid	C	1.003426312344739	0.76515	23.980084722222223
H1977	E	0	l-alanine	amino_acid	D	0.7961191499046226	0.75055	24.17471527777778
H1977	E	0	l-alanine	amino_acid	E	1.0666674507012093	0.49805	17.244498611111112
H1977	E	0	l-alanine	amino_acid	F	1.0595214593144056	0.49555	16.9020625
H1977	E	0	l-alanine	amino_acid	G	0.9086982819783286	0.7992	24.385494444444447
H1977	E	0	l-alanine	amino_acid	H	0.8777769793319403	0.6516666666666667	19.094044444444446
H1977	E	0	l-asparagine	amino_acid	A	0.8700778956825926	0.368	12.613166666666668
H1977	E	0	l-asparagine	amino_acid	B	0.9108077945775436	0.33780000000000004	11.626961111111111
H1977	E	0	l-asparagine	amino_acid	C	0.8994207612113395	0.32415	11.079629166666667
H1977	E	0	l-asparagine	amino_acid	D	0.9452749709799498	0.32594999999999996	11.330234722222222
H1977	E	0	l-asparagine	amino_acid	E	1.0762755758402376	0.33790000000000003	11.636694444444444
H1977	E	0	l-asparagine	amino_acid	F	0.833368089592669	0.327	11.021422222222222
H1977	E	0	l-asparagine	amino_acid	G	0.8496829525691686	0.34230000000000005	11.723838888888888
H1977	E	0	l-asparagine	amino_acid	H	0.7549316158319844	0.3286	12.08465
H1977	E	0	l-asparagine	amino_acid	I	0.9237890873049461	0.5628000000000001	14.4854
H1977	E	0	l-asparagine	amino_acid	J	0.7934439301913225	0.5358	14.461250000000001
H1977	E	0	l-asparagine	amino_acid	K	0.8561374464323189	0.35933333333333334	10.369238888888889
H1977	E	0	l-asparagine	amino_acid	L	0.8557246716150578	0.4664	13.462416666666668
H1977	E	0	l-asparagine	amino_acid	M	0.876996877361941	0.35933333333333334	10.942488888888889
H1977	E	0	l-asparagine	amino_acid	N	0.9591204485414537	0.45941666666666664	13.113990277777779
H1977	E	0	l-asparagine	amino_acid	O	0.8450769715887377	0.36933333333333335	10.508638888888889
H1977	E	0	l-asparagine	amino_acid	P	1.0997404582039083	0.53685	14.9162375
H1977	E	0	l-cysteine	amino_acid	A	0.38968096729174145	0.22533333333333333	3.004372222222223
H1977	E	0	l-cysteine	amino_acid	B	0.325272422126028	0.1396	2.3244555555555557
H1977	E	0	l-cysteine	amino_acid	C	0.31084481704639916	0.1446	2.4832
H1977	E	0	l-cysteine	amino_acid	D	0.655796360777131	0.11955	2.4373402777777775
H1977	E	0	l-cysteine	amino_acid	E	0.43003290318494464	0.11016666666666668	2.2152694444444445
H1977	E	0	l-cysteine	amino_acid	F	0.5958158800132033	0.15525000000000003	2.485681944444445
H1977	E	0	l-cysteine	amino_acid	G	0.430024012285725	0.18466666666666667	2.773994444444445
H1977	E	0	l-cysteine	amino_acid	H	0.4719392117850317	0.14200000000000002	2.4372166666666666
H1977	E	0	l-cysteine	amino_acid	I	0.4455898909461798	0.09733333333333331	0.8911888888888889
H1977	E	0	l-cysteine	amino_acid	J	0.868641927571239	0.06308333333333332	1.027184722222222
H1977	E	0	l-cysteine	amino_acid	K	0.7027526657190776	0.09408333333333332	1.3117513888888888
H1977	E	0	l-cysteine	amino_acid	L	0.7620352964553395	0.08666666666666667	0.9473611111111108
H1977	E	0	l-cysteine	amino_acid	M	0.41881074132075025	0.109	1.3223333333333336
H1977	E	0	l-cysteine	amino_acid	N	0.691885041776724	0.07504999999999999	1.246259722222222
H1977	E	0	l-cysteine	amino_acid	O	0.713354951745763	0.06983333333333333	1.1134277777777775
H1977	E	0	l-cysteine	amino_acid	P	0.3582197865443076	0.07866666666666666	0.9249444444444442
H1977	E	0	l-glutamine	amino_acid	A	0.7907913746151963	0.4653333333333333	13.779905555555557
H1977	E	0	l-glutamine	amino_acid	B	0.9265852872834309	0.40108333333333335	12.895368055555556
H1977	E	0	l-glutamine	amino_acid	C	0.9061789432556719	0.3666	12.516755555555555
H1977	E	0	l-glutamine	amino_acid	D	0.7883640568543719	0.40635	13.573815277777777
H1977	E	0	l-glutamine	amino_acid	E	0.946248471492201	0.3757	12.468116666666667
H1977	E	0	l-glutamine	amino_acid	F	0.7993997217842045	0.3575	11.752122222222223
H1977	E	0	l-glutamine	amino_acid	G	1.0563446232426936	0.37635	12.337606944444444
H1977	E	0	l-glutamine	amino_acid	H	0.8292124053483899	0.41	12.693316666666668
H1977	E	0	l-isoleucine	amino_acid	A	0.7449044554924747	0.5569500000000001	12.6075625
H1977	E	0	l-isoleucine	amino_acid	B	0.4288032255035184	0.5466666666666667	11.88628888888889
H1977	E	0	l-isoleucine	amino_acid	C	0.560298337818289	0.4653333333333333	10.921705555555556
H1977	E	0	l-isoleucine	amino_acid	D	0.8590539791630049	0.4492499999999999	10.482095833333334
H1977	E	0	l-isoleucine	amino_acid	E	0.6515416748183214	0.46474999999999994	10.369134722222222
H1977	E	0	l-isoleucine	amino_acid	F	0.7748036605366985	0.32308333333333333	8.285168055555555
H1977	E	0	l-isoleucine	amino_acid	G	0.5739903254733175	0.32775	8.311645833333333
H1977	E	0	l-isoleucine	amino_acid	H	0.6574696494071158	0.36566666666666664	8.720116666666668
H1977	E	0	l-methionine	amino_acid	A	0.7153254297690473	0.01374999999999999	0.5105541666666662
H1977	E	0	l-methionine	amino_acid	B	0.726114236601484	0.01200000000000001	0.41566666666666674
H1977	E	0	l-methionine	amino_acid	C	0.712046587855017	0.01300000000000001	0.45650000000000024
H1977	E	0	l-methionine	amino_acid	D	0.7314190651460092	0.009	0.3525
H1977	E	0	l-methionine	amino_acid	E	0.7572223594070814	0.01300000000000001	0.4502944444444446
H1977	E	0	l-methionine	amino_acid	F	0.7283075619012523	0.01190000000000001	0.45276111111111145
H1977	E	0	l-methionine	amino_acid	G	0.6039732274282394	0.01309999999999999	0.46447222222222173
H1977	E	0	l-methionine	amino_acid	H	0.6066639942336692	0.00975	0.3976236111111111
H1977	E	0	l-proline	amino_acid	A	0.7862271440582479	0.6986666666666667	21.70852777777778
H1977	E	0	l-proline	amino_acid	B	0.9700921761743627	0.5563333333333333	16.957605555555556
H1977	E	0	l-proline	amino_acid	C	1.608541588438319	0.541	16.38491666666667
H1977	E	0	l-proline	amino_acid	D	0.8438694592620957	0.6093333333333333	18.597622222222224
H1977	E	0	l-proline	amino_acid	E	0.8564270017713401	0.8503333333333333	23.637422222222224
H1977	E	0	l-proline	amino_acid	F	0.9550823678143421	0.61239999999999994	19.484083333333334
H1977	E	0	l-proline	amino_acid	G	1.0595317142806235	0.64625	19.520209722222223
H1977	E	0	l-proline	amino_acid	H	1.1779411234528823	0.63805	20.001695833333333
H1977	E	0	l-valine	amino_acid	A	0.703240657319983	0.40758333333333335	10.672354166666667
H1977	E	0	l-valine	amino_acid	B	0.8011463521219279	0.5348	14.003883333333334
H1977	E	0	l-valine	amino_acid	C	0.9004347333068735	0.5455833333333333	14.726470833333334
H1977	E	0	l-valine	amino_acid	D	0.81702869905194	0.5225	14.003355555555556
H1977	E	0	l-valine	amino_acid	E	0.6981973026035684	0.5362	14.293905555555556
H1977	E	0	l-valine	amino_acid	F	0.6700110021889135	0.4390833333333334	12.145768055555555
H1977	E	0	l-valine	amino_acid	G	0.8243199418750059	0.42041666666666666	11.014190277777777
H1977	E	0	l-valine	amino_acid	H	0.6796303978834749	0.4186666666666667	10.612994444444444
H1977	E	0	lactic acid	organic_acid	A	0.8067321844979229	0.4942	16.368833333333335
H1977	E	0	lactic acid	organic_acid	B	0.9636091983339176	0.47905	15.761415277777777
H1977	E	0	lactic acid	organic_acid	C	1.0465150685237725	0.49795	16.608856944444444
H1977	E	0	lactic acid	organic_acid	D	1.0218799476294695	0.4739499999999999	16.189823611111112
H1977	E	0	lactic acid	organic_acid	E	0.8704236346963761	0.481	16.09466666666667
H1977	E	0	lactic acid	organic_acid	F	0.8831494081636259	0.4825	16.175811111111113
H1977	E	0	lactic acid	organic_acid	G	0.8956921386197743	0.4936	16.60847777777778
H1977	E	0	lactic acid	organic_acid	H	1.0168514229721775	0.48894999999999994	16.00538472222222
H1977	E	0	lactic acid	organic_acid	I	1.1931070331970444	0.6635833333333333	21.2801375
H1977	E	0	lactic acid	organic_acid	J	0.8420533731895339	0.6306666666666667	21.093794444444445
H1977	E	0	lactic acid	organic_acid	K	0.9305272086763302	0.6213500000000001	20.984268055555557
H1977	E	0	lactic acid	organic_acid	L	0.8449756681197705	0.8676	28.663172222222222
H1977	E	0	lactic acid	organic_acid	M	0.9172318774333421	0.6151666666666668	20.61593611111111
H1977	E	0	lactic acid	organic_acid	N	0.8867259108828232	0.8657	28.606266666666667
H1977	E	0	lactic acid	organic_acid	O	0.7776407600571513	0.8847999999999999	29.506038888888888
H1977	E	0	lactic acid	organic_acid	P	0.9322428043904113	0.8828	29.535116666666667
H1977	E	0	leucine	amino_acid	A	0.8570662412819731	0.6502	16.21206111111111
H1977	E	0	leucine	amino_acid	B	0.9141961181921944	0.43815	12.154323611111112
H1977	E	0	leucine	amino_acid	C	0.9364852312702654	0.44190000000000007	12.313886111111112
H1977	E	0	leucine	amino_acid	D	1.1332919019879328	0.5565833333333333	14.5027375
H1977	E	0	leucine	amino_acid	E	0.8300463081546924	0.5556666666666668	14.524027777777778
H1977	E	0	leucine	amino_acid	F	0.8284562146401302	0.43140000000000006	12.163855555555557
H1977	E	0	leucine	amino_acid	G	0.7805756896392751	0.577	14.505883333333335
H1977	E	0	leucine	amino_acid	H	1.0090715548622373	0.674	15.928166666666668
H1977	E	0	malate	organic_acid	A	1.0134809450028786	0.4425	15.555672222222222
H1977	E	0	malate	organic_acid	B	0.9655498602895632	0.4134000000000001	14.604772222222223
H1977	E	0	malate	organic_acid	C	1.3489135543589903	0.4209000000000001	14.7009
H1977	E	0	malate	organic_acid	D	0.7680595955146186	0.41980000000000006	14.719183333333334
H1977	E	0	malate	organic_acid	E	1.1148332675323618	0.42635000000000006	14.882240277777779
H1977	E	0	malate	organic_acid	F	1.1102508864024316	0.42530000000000007	14.826505555555556
H1977	E	0	malate	organic_acid	G	1.1919285583485495	0.42605	15.231373611111112
H1977	E	0	malate	organic_acid	H	1.2578552019222775	0.4449166666666667	15.180877777777779
H1977	E	0	malonic acid	organic_acid	A	0.7251018577490368	0.75575	15.696431944444447
H1977	E	0	malonic acid	organic_acid	B	0.7163129836672514	0.28633333333333333	5.650755555555556
H1977	E	0	malonic acid	organic_acid	C	0.7467911832765122	0.3416666666666667	6.2435277777777785
H1977	E	0	malonic acid	organic_acid	D	0.7043787971176596	0.6532	14.481561111111112
H1977	E	0	malonic acid	organic_acid	E	0.69331873730518	0.6478	14.554577777777778
H1977	E	0	malonic acid	organic_acid	F	0.7578702037245114	0.6448	14.520927777777779
H1977	E	0	malonic acid	organic_acid	G	0.7863574032601942	0.6612	14.381094444444445
H1977	E	0	malonic acid	organic_acid	H	0.9503713336859092	0.7265833333333332	15.218570833333333
H1977	E	0	phenylalanine	amino_acid	A	0.9464072670141158	0.43900000000000006	10.300500000000001
H1977	E	0	phenylalanine	amino_acid	B	1.2369808902478618	0.26925	6.861219444444444
H1977	E	0	phenylalanine	amino_acid	C	1.148698531254485	0.31125	8.79500138888889
H1977	E	0	phenylalanine	amino_acid	D	1.2747777648298506	0.28885	8.42666111111111
H1977	E	0	phenylalanine	amino_acid	E	1.0725736883875139	0.37415	10.2570625
H1977	E	0	phenylalanine	amino_acid	F	1.0429592503492486	0.277	7.596911111111112
H1977	E	0	phenylalanine	amino_acid	G	0.9112586406980112	0.2776666666666667	7.000811111111112
H1977	E	0	phenylalanine	amino_acid	H	0.8107566207145095	0.44050000000000006	9.951711111111113
H1977	E	0	pyruvic acid	organic_acid	A	0.7166740425820368	0.8148333333333333	21.112744444444445
H1977	E	0	pyruvic acid	organic_acid	B	0.6349043698255847	0.734	20.237783333333333
H1977	E	0	pyruvic acid	organic_acid	C	0.8652307195240243	0.6863333333333334	19.197505555555555
H1977	E	0	pyruvic acid	organic_acid	D	0.7683066023969677	0.671	19.537733333333335
H1977	E	0	pyruvic acid	organic_acid	E	0.874510713864752	0.6913333333333334	19.510305555555558
H1977	E	0	pyruvic acid	organic_acid	F	0.9709055713093228	0.6	17.91957638888889
H1977	E	0	pyruvic acid	organic_acid	G	0.8402152030059361	0.5770833333333333	16.97225138888889
H1977	E	0	pyruvic acid	organic_acid	H	0.7998982670678743	0.5856666666666667	16.559644444444444
H1977	E	0	salicylic acid	organic_acid	A	0.8751809950334577	0.1386666666666667	2.3961277777777776
H1977	E	0	salicylic acid	organic_acid	B	0.9250320993593596	0.124	1.8051666666666666
H1977	E	0	salicylic acid	organic_acid	C	0.5513670110779426	0.14283333333333334	2.6012972222222226
H1977	E	0	salicylic acid	organic_acid	D	1.128435547872016	0.13383333333333333	2.3998611111111114
H1977	E	0	salicylic acid	organic_acid	E	0.8411834219467508	0.12049999999999998	2.2230916666666665
H1977	E	0	salicylic acid	organic_acid	F	0.966477651903349	0.11908333333333332	2.1266680555555557
H1977	E	0	salicylic acid	organic_acid	G	1.0877406223235433	0.11908333333333332	1.8168236111111113
H1977	E	0	salicylic acid	organic_acid	H	1.222549926088767	0.1265	1.9616888888888888
H1977	E	0	serine	amino_acid	A	1.0185614323986616	0.23375	7.143029166666667
H1977	E	0	serine	amino_acid	B	0.8882560816809272	0.2415	6.915744444444445
H1977	E	0	serine	amino_acid	C	1.033381609944312	0.44445	15.49526527777778
H1977	E	0	serine	amino_acid	D	0.9761348245172555	0.2338333333333333	6.058266666666667
H1977	E	0	serine	amino_acid	E	0.8172853326407236	0.4449999999999999	15.481300000000001
H1977	E	0	serine	amino_acid	F	0.8361646437790178	0.24241666666666667	6.085848611111111
H1977	E	0	serine	amino_acid	G	0.9021515422210964	0.4666	16.644305555555555
H1977	E	0	serine	amino_acid	H	0.8320901973823022	0.2116666666666667	5.905961111111111
H1977	E	0	shikimic acid	organic_acid	A	1.2753156484267234	0.5415	16.181958333333334
H1977	E	0	shikimic acid	organic_acid	B	0.960426822173543	0.4474	14.659344444444445
H1977	E	0	shikimic acid	organic_acid	C	0.5893007563089808	0.5013333333333333	15.472022222222222
H1977	E	0	shikimic acid	organic_acid	D	0.9192822701582467	0.50205	14.934718055555555
H1977	E	0	shikimic acid	organic_acid	E	0.7018783620019571	0.4895	15.465455555555556
H1977	E	0	shikimic acid	organic_acid	F	1.0540411746528877	0.493	15.338505555555555
H1977	E	0	shikimic acid	organic_acid	G	0.685633126400706	0.555	16.2074
H1977	E	0	shikimic acid	organic_acid	H	0.8115079909624283	0.5460833333333334	15.405884722222222
H1977	E	0	sodium acetate	organic_acid	A	0.5408273859030402	0.26566666666666666	4.431727777777779
H1977	E	0	sodium acetate	organic_acid	B	0.4993585055963954	0.2156666666666667	4.129644444444445
H1977	E	0	sodium acetate	organic_acid	C	0.5945630868483947	0.45375	9.34447777777778
H1977	E	0	sodium acetate	organic_acid	D	0.5502305005408494	0.4493333333333333	9.30838888888889
H1977	E	0	sodium acetate	organic_acid	E	0.49385236374659347	0.19116666666666668	3.921238888888889
H1977	E	0	sodium acetate	organic_acid	F	0.42372164386020517	0.4455	9.37308888888889
H1977	E	0	sodium acetate	organic_acid	G	0.5386181201816262	0.45775	9.431354166666669
H1977	E	0	sodium acetate	organic_acid	H	0.6586634312903189	0.4738	10.336683333333333
H1977	E	0	starch	sugar	A	0.8995674921615421	0.26325	7.061850000000001
H1977	E	0	starch	sugar	B	0.9381045172057033	0.16724999999999998	5.153516666666667
H1977	E	0	starch	sugar	C	0.9060892378994594	0.15400000000000005	5.409644444444445
H1977	E	0	starch	sugar	D	0.7569336419545785	0.15875000000000003	5.355070833333334
H1977	E	0	starch	sugar	E	0.8496563573015737	0.14800000000000002	4.974
H1977	E	0	starch	sugar	F	0.9130034186174241	0.14025	4.83235
H1977	E	0	starch	sugar	G	0.7993786980614926	0.17275	5.552827777777778
H1977	E	0	starch	sugar	H	0.8463715152107881	0.16549999999999998	5.031522222222223
H1977	E	0	succinic acid	organic_acid	A	1.0559659252960198	0.6345	19.06861111111111
H1977	E	0	succinic acid	organic_acid	B	0.691503531603605	0.5210833333333333	14.806676388888889
H1977	E	0	succinic acid	organic_acid	C	0.6522601601225523	0.5083333333333333	15.231605555555555
H1977	E	0	succinic acid	organic_acid	D	0.8267641490470968	0.5864999999999999	17.830536111111112
H1977	E	0	succinic acid	organic_acid	E	1.0392772613501646	0.6723	19.76182222222222
H1977	E	0	succinic acid	organic_acid	F	1.0104145294243867	0.77575	19.9966
H1977	E	0	succinic acid	organic_acid	G	0.7563475162099503	0.8064	20.220544444444446
H1977	E	0	succinic acid	organic_acid	H	0.8455249494868667	0.7728	20.577794444444446
H1977	E	0	sucrose	sugar	A	0.781327384044852	0.52975	16.841237500000002
H1977	E	0	sucrose	sugar	B	0.9457558154337379	0.4474	15.193211111111111
H1977	E	0	sucrose	sugar	C	0.8071629476592349	0.4878	15.250294444444446
H1977	E	0	sucrose	sugar	D	0.9382484748822483	0.4754	14.973833333333333
H1977	E	0	sucrose	sugar	E	0.7628267247995971	0.4474	14.426872222222222
H1977	E	0	sucrose	sugar	F	1.4616795391011894	0.44245	14.126829166666667
H1977	E	0	sucrose	sugar	G	0.6283729815410991	0.4372	14.319872222222223
H1977	E	0	sucrose	sugar	H	0.8271471688027322	0.4314	14.468350000000001
H1977	E	0	taurine	amino_acid	A	0.7317637667888274	0.1688333333333333	4.627527777777778
H1977	E	0	taurine	amino_acid	B	0.9351000604855305	0.13625	4.116562500000001
H1977	E	0	taurine	amino_acid	C	0.8771012747439587	0.14800000000000002	4.366333333333333
H1977	E	0	taurine	amino_acid	D	0.8368953322332225	0.12974999999999998	3.9658625
H1977	E	0	taurine	amino_acid	E	0.7971161571827078	0.124	3.8691666666666666
H1977	E	0	taurine	amino_acid	F	0.6825486175748162	0.12833333333333333	3.7088722222222223
H1977	E	0	taurine	amino_acid	G	0.6806375029423831	0.12633333333333333	3.427205555555555
H1977	E	0	taurine	amino_acid	H	0.6854419871810097	0.1753333333333333	4.281355555555556
H1977	E	0	threonine	amino_acid	A	0.6958694095055028	0.21233333333333335	3.643205555555556
H1977	E	0	threonine	amino_acid	B	0.7305916331937973	0.22000000000000003	3.7460166666666668
H1977	E	0	threonine	amino_acid	C	0.6897151952153329	0.23508333333333328	4.146868055555555
H1977	E	0	threonine	amino_acid	D	0.8444707665192084	0.24716666666666667	4.687719444444444
H1977	E	0	threonine	amino_acid	E	0.871263775204409	0.242	4.247793055555556
H1977	E	0	threonine	amino_acid	F	0.9200092291621386	0.25958333333333333	4.785554166666667
H1977	E	0	threonine	amino_acid	G	0.8129785286111134	0.2864166666666667	5.204623611111112
H1977	E	0	threonine	amino_acid	H	0.6357355471810128	0.22966666666666663	4.114611111111111
H1977	E	0	xylose	sugar	A	0.9010785806858731	0.193	5.389572222222222
H1977	E	0	xylose	sugar	B	0.9338441570436102	0.15933333333333335	4.3443555555555555
H1977	E	0	xylose	sugar	C	1.4000348820554016	0.1165	3.5490833333333334
H1977	E	0	xylose	sugar	D	0.828655382467869	0.11375	3.6628083333333334
H1977	E	0	xylose	sugar	E	1.1001954322500933	0.12724999999999995	3.8528263888888885
H1977	E	0	xylose	sugar	F	1.0085353011949458	0.11825	3.626561111111111
H1977	E	0	xylose	sugar	G	0.7938642871935085	0.12099999999999998	3.5175111111111113
H1977	E	0	xylose	sugar	H	0.7627705464456754	0.15180000000000002	4.330866666666667
H1977	E	10	4-hydroxybenzoic acid	organic_acid	A	0.6823423421310452	0.3770833333333334	13.16270138888889
H1977	E	10	4-hydroxybenzoic acid	organic_acid	B	1.3552603441380395	0.3794166666666667	13.131040277777778
H1977	E	10	4-hydroxybenzoic acid	organic_acid	C	0.7610682692952286	0.4708	16.2598
H1977	E	10	4-hydroxybenzoic acid	organic_acid	D	0.8268311101824904	0.4926	16.553505555555557
H1977	E	10	4-hydroxybenzoic acid	organic_acid	E	1.0550594732172365	0.4912	16.362833333333334
H1977	E	10	4-hydroxybenzoic acid	organic_acid	F	0.9995172858713289	0.48755	16.136323611111113
H1977	E	10	4-hydroxybenzoic acid	organic_acid	G	0.7221644425122697	0.4608	15.216483333333333
H1977	E	10	4-hydroxybenzoic acid	organic_acid	H	1.009531511463529	0.4427	14.708966666666669
H1977	E	10	4-hydroxybenzoic acid	organic_acid	I	1.5248387702890287	0.64025	18.55409861111111
H1977	E	10	4-hydroxybenzoic acid	organic_acid	J	1.52099013770549	0.5698500000000001	17.771222222222224
H1977	E	10	4-hydroxybenzoic acid	organic_acid	K	1.2995823241862523	0.4734166666666666	14.079773611111111
H1977	E	10	4-hydroxybenzoic acid	organic_acid	L	1.2903880696325016	0.53315	16.773212500000003
H1977	E	10	4-hydroxybenzoic acid	organic_acid	M	1.5415832939244936	0.5313	16.705683333333333
H1977	E	10	4-hydroxybenzoic acid	organic_acid	N	1.6911883266899117	0.5245500000000001	16.50720138888889
H1977	E	10	4-hydroxybenzoic acid	organic_acid	O	1.2568061157631176	0.57085	17.35715972222222
H1977	E	10	4-hydroxybenzoic acid	organic_acid	P	0.8140694199318118	0.5626000000000001	17.2545
H1977	E	10	arabinose	sugar	A	0.9441552939752498	0.7616666666666667	20.74006111111111
H1977	E	10	arabinose	sugar	B	0.9497922491356579	0.7156666666666667	20.137044444444445
H1977	E	10	arabinose	sugar	C	0.946966186770635	0.5133333333333333	15.50168888888889
H1977	E	10	arabinose	sugar	D	1.1040152498163298	0.726	20.56847916666667
H1977	E	10	arabinose	sugar	E	1.0089213177064473	0.504	15.245633333333334
H1977	E	10	arabinose	sugar	F	1.0908609604050976	0.48335	14.911845833333334
H1977	E	10	arabinose	sugar	G	0.9439475102826663	0.7146666666666667	20.24657777777778
H1977	E	10	arabinose	sugar	H	0.9806590375484313	0.4940833333333334	14.916484722222224
H1977	E	10	cellobiose	sugar	A	0.9642990474136931	0.2363333333333333	7.024538888888889
H1977	E	10	cellobiose	sugar	B	1.0809119250644452	0.21558333333333335	6.795304166666667
H1977	E	10	cellobiose	sugar	C	1.0388331968107292	0.20858333333333337	6.717604166666667
H1977	E	10	cellobiose	sugar	D	0.8829791309521303	0.21808333333333335	6.693559722222223
H1977	E	10	cellobiose	sugar	E	1.101120344095025	0.20305	6.511893055555555
H1977	E	10	cellobiose	sugar	F	1.0662430867595813	0.20033333333333336	6.127672222222222
H1977	E	10	cellobiose	sugar	G	1.1066742472563587	0.21558333333333335	6.284270833333333
H1977	E	10	cellobiose	sugar	H	0.9912413542265672	0.257	6.5360000000000005
H1977	E	10	citric acid	organic_acid	A	0.8746400600424025	0.9386666666666666	20.76921111111111
H1977	E	10	citric acid	organic_acid	B	0.8359147762268416	0.8648	20.380000000000003
H1977	E	10	citric acid	organic_acid	C	0.48567427370966465	0.00858333333333333	0.11409027777777689
H1977	E	10	citric acid	organic_acid	D	0.9222086324714764	0.8321999999999999	20.65303888888889
H1977	E	10	citric acid	organic_acid	E	0.9478440064294951	0.8494999999999999	20.41757777777778
H1977	E	10	citric acid	organic_acid	F	0.9762087562086824	0.4535833333333333	12.865870833333334
H1977	E	10	citric acid	organic_acid	G	1.0605543258800583	0.82385	20.804659722222222
H1977	E	10	citric acid	organic_acid	H	1.4340670923802958	0.8028500000000001	20.66167638888889
H1977	E	10	d-mannitol	sugar	A	0.8295477805796653	0.322	10.316333333333334
H1977	E	10	d-mannitol	sugar	B	0.9115864750602921	0.5801666666666666	17.24737222222222
H1977	E	10	d-mannitol	sugar	C	0.9314082632621966	0.5585000000000001	16.91094027777778
H1977	E	10	d-mannitol	sugar	D	1.0456089526728434	0.66425	18.630481944444444
H1977	E	10	d-mannitol	sugar	E	1.0271934384557386	0.5585833333333333	16.736470833333335
H1977	E	10	d-mannitol	sugar	F	1.1106232400775091	0.5489166666666667	16.678909722222222
H1977	E	10	d-mannitol	sugar	G	0.8367581561042097	0.6446666666666667	19.04172777777778
H1977	E	10	d-mannitol	sugar	H	1.1062577089313264	0.8019166666666667	22.31152638888889
H1977	E	10	d-mannitol	sugar	I	0.9248928370074915	0.5436000000000001	15.945277777777779
H1977	E	10	d-mannitol	sugar	J	0.856287753995395	0.49566666666666664	14.978361111111113
H1977	E	10	d-mannitol	sugar	K	0.7726142728652942	0.49975	15.0992375
H1977	E	10	d-mannitol	sugar	L	0.8862499411284377	0.4178333333333334	12.714261111111112
H1977	E	10	d-mannitol	sugar	M	0.9106583185383598	0.414	12.628383333333334
H1977	E	10	d-mannitol	sugar	N	0.9246507741481041	0.4123333333333334	12.364772222222223
H1977	E	10	d-mannitol	sugar	O	0.90231930309689	0.4528	14.346094444444445
H1977	E	10	d-mannitol	sugar	P	1.0090196132257745	0.40791666666666665	11.915576388888889
H1977	E	10	dl-aspartic acid	amino_acid	A	1.143636166578618	0.374	8.331050000000001
H1977	E	10	dl-aspartic acid	amino_acid	B	0.9113661545198167	0.35975	9.0134875
H1977	E	10	dl-aspartic acid	amino_acid	C	1.04863717572733	0.6795	16.857383333333335
H1977	E	10	dl-aspartic acid	amino_acid	D	0.6559039191689303	0.6594	17.057016666666666
H1977	E	10	dl-aspartic acid	amino_acid	E	0.9847260818897485	0.62705	16.1481375
H1977	E	10	dl-aspartic acid	amino_acid	F	0.942880839257759	0.34108333333333335	8.222401388888889
H1977	E	10	dl-aspartic acid	amino_acid	G	1.1398325142677754	0.38425	9.056398611111112
H1977	E	10	dl-aspartic acid	amino_acid	H	1.000258247298657	0.3535	8.520294444444446
H1977	E	10	glucose	sugar	A	1.3590930236897332	0.4715	16.066655555555556
H1977	E	10	glucose	sugar	B	1.073093437920263	0.45474999999999993	15.67042361111111
H1977	E	10	glucose	sugar	C	0.8816626914591731	0.4478	15.64153888888889
H1977	E	10	glucose	sugar	D	1.1540886074789665	0.46145	16.181579166666666
H1977	E	10	glucose	sugar	E	0.9523688750941793	0.473	15.509855555555557
H1977	E	10	glucose	sugar	F	1.075287293089549	0.4535	15.123283333333335
H1977	E	10	glucose	sugar	G	1.0211633672139164	0.4326	15.02218888888889
H1977	E	10	glucose	sugar	H	0.9955466556982636	0.4604	15.477683333333335
H1977	E	10	glycine	amino_acid	A	0.7089111072666712	0.04900000000000001	1.2781722222222225
H1977	E	10	glycine	amino_acid	B	1.0167342770791332	0.03925000000000001	1.0849541666666667
H1977	E	10	glycine	amino_acid	C	0.856878129637054	0.04900000000000001	1.271477777777778
H1977	E	10	glycine	amino_acid	D	0.8785852530304266	0.04533333333333334	1.2740388888888892
H1977	E	10	glycine	amino_acid	E	1.0707832779823943	0.06875	1.3998125000000003
H1977	E	10	glycine	amino_acid	F	0.8937769405918036	0.07083333333333335	1.3718833333333336
H1977	E	10	glycine	amino_acid	G	0.8295581889470983	0.06533333333333333	1.071672222222222
H1977	E	10	glycine	amino_acid	H	1.0158068197201997	0.03191666666666667	0.8700138888888892
H1977	E	10	glycolic acid	organic_acid	A	0.7394999680737245	0.02974999999999998	1.1575541666666658
H1977	E	10	glycolic acid	organic_acid	B	1.7589076498686094	0.1216	1.8115055555555553
H1977	E	10	glycolic acid	organic_acid	C	0.9309809129418904	0.02674999999999999	1.0236124999999998
H1977	E	10	glycolic acid	organic_acid	D	0.9134436954384326	0.02574999999999999	1.0054736111111109
H1977	E	10	glycolic acid	organic_acid	E	0.8234330406681677	0.03175	1.2701152777777778
H1977	E	10	glycolic acid	organic_acid	F	0.7842264250523158	0.03875000000000001	1.5232208333333332
H1977	E	10	glycolic acid	organic_acid	G	0.8969074247861837	0.038	1.4256666666666666
H1977	E	10	glycolic acid	organic_acid	H	0.873951173975159	0.03900000000000001	1.5361666666666667
H1977	E	10	histidine	amino_acid	A	0.7266298484725495	0.6702	19.749077777777778
H1977	E	10	histidine	amino_acid	B	0.7749334427518426	0.62955	18.707945833333333
H1977	E	10	histidine	amino_acid	C	0.9662804699864332	0.64605	18.894783333333333
H1977	E	10	histidine	amino_acid	D	1.0757520336517759	0.5598500000000001	16.680266666666668
H1977	E	10	histidine	amino_acid	E	0.7252670082728386	0.63215	18.435318055555555
H1977	E	10	histidine	amino_acid	F	1.3102451235903962	0.55345	16.768244444444445
H1977	E	10	histidine	amino_acid	G	1.1111527270743413	0.62825	18.211570833333333
H1977	E	10	histidine	amino_acid	H	0.7839860900450007	0.63315	18.51117638888889
H1977	E	10	l-alanine	amino_acid	A	0.7808854623207871	0.7238	23.741311111111113
H1977	E	10	l-alanine	amino_acid	B	1.1645474662218414	0.80565	24.59864027777778
H1977	E	10	l-alanine	amino_acid	C	1.2542146383439088	0.4679	16.005022222222223
H1977	E	10	l-alanine	amino_acid	D	1.0347316361072667	0.53705	18.645156944444444
H1977	E	10	l-alanine	amino_acid	E	0.8215551914532931	0.764	23.455000000000002
H1977	E	10	l-alanine	amino_acid	F	0.8995293264239534	0.772	23.490466666666666
H1977	E	10	l-alanine	amino_acid	G	0.8187085150921442	0.7946000000000001	24.017166666666668
H1977	E	10	l-alanine	amino_acid	H	0.8909071763209373	0.513	16.28157777777778
H1977	E	10	l-asparagine	amino_acid	A	0.7382774483448604	0.701	18.539833333333334
H1977	E	10	l-asparagine	amino_acid	B	0.8343439490685564	0.58	16.969166666666666
H1977	E	10	l-asparagine	amino_acid	C	0.8305525000881556	0.451	12.975294444444446
H1977	E	10	l-asparagine	amino_acid	D	0.6880601348235366	0.49975	15.621220833333334
H1977	E	10	l-asparagine	amino_acid	E	0.7341142479140884	0.4756666666666666	13.995944444444445
H1977	E	10	l-asparagine	amino_acid	F	1.2041374703280299	0.5026666666666667	13.600233333333334
H1977	E	10	l-asparagine	amino_acid	G	0.8820788013384991	0.496	13.263683333333335
H1977	E	10	l-asparagine	amino_acid	H	1.0928537583620122	0.47305	13.823076388888888
H1977	E	10	l-asparagine	amino_acid	I	0.8822056200338713	0.5644	15.585483333333334
H1977	E	10	l-asparagine	amino_acid	J	1.0160764317176973	0.35324999999999995	10.196631944444444
H1977	E	10	l-asparagine	amino_acid	K	0.8078268047714392	0.4716	13.938638888888889
H1977	E	10	l-asparagine	amino_acid	L	0.8738763011101321	0.42140000000000005	12.895944444444446
H1977	E	10	l-asparagine	amino_acid	M	0.7956950306294255	0.42080000000000006	12.878438888888889
H1977	E	10	l-asparagine	amino_acid	N	0.9394948846580643	0.33175	9.9241125
H1977	E	10	l-asparagine	amino_acid	O	0.7699544836951989	0.47108333333333335	13.331643055555556
H1977	E	10	l-asparagine	amino_acid	P	0.9185572526723647	0.5213333333333333	13.981522222222223
H1977	E	10	l-cysteine	amino_acid	A	0.630217653049611	0.09991666666666668	1.0617736111111113
H1977	E	10	l-cysteine	amino_acid	B	0.877683373611541	0.10975	1.3999625
H1977	E	10	l-cysteine	amino_acid	C	1.3766239547426096	0.22575	3.494429166666667
H1977	E	10	l-cysteine	amino_acid	D	1.0184318263109189	0.1733333333333333	2.3309222222222226
H1977	E	10	l-cysteine	amino_acid	E	0.8526445015873471	0.15491666666666667	1.8560236111111115
H1977	E	10	l-cysteine	amino_acid	F	0.5569712033059785	0.099	1.089
H1977	E	10	l-cysteine	amino_acid	G	0.8674329762769464	0.10008333333333332	1.309784722222222
H1977	E	10	l-cysteine	amino_acid	H	0.8427464907547862	0.09783333333333334	0.663838888888889
H1977	E	10	l-glutamine	amino_acid	A	0.6518179953270559	0.4523333333333333	12.472022222222224
H1977	E	10	l-glutamine	amino_acid	B	0.9289975623123857	0.487	14.2574
H1977	E	10	l-glutamine	amino_acid	C	1.2419516270832172	0.42840000000000006	12.684861111111111
H1977	E	10	l-glutamine	amino_acid	D	1.01447242328298	0.37675	11.877876388888888
H1977	E	10	l-glutamine	amino_acid	E	0.9644391752230019	0.3614	11.402155555555556
H1977	E	10	l-glutamine	amino_acid	F	0.9331842819390378	0.35955	11.222818055555555
H1977	E	10	l-glutamine	amino_acid	G	0.8586133114898598	0.4266666666666667	12.650377777777779
H1977	E	10	l-glutamine	amino_acid	H	0.9912901181688253	0.4148333333333334	11.94275
H1977	E	10	l-glutamine	amino_acid	I	0.7792342350229111	0.6725000000000001	18.944725000000002
H1977	E	10	l-glutamine	amino_acid	J	0.8876031576906233	0.56425	17.745294444444447
H1977	E	10	l-glutamine	amino_acid	K	0.7874788541580563	0.5485	17.301558333333332
H1977	E	10	l-glutamine	amino_acid	L	0.7851979562534667	0.47284999999999994	16.323337499999997
H1977	E	10	l-glutamine	amino_acid	M	0.8228758264225627	0.42475	14.2592625
H1977	E	10	l-glutamine	amino_acid	N	0.844389707306726	0.4143333333333334	13.756538888888889
H1977	E	10	l-glutamine	amino_acid	O	0.9318757718475591	0.5424	17.307827777777778
H1977	E	10	l-glutamine	amino_acid	P	0.899122896617487	0.6486666666666667	19.33612777777778
H1977	E	10	l-isoleucine	amino_acid	A	0.8260727691967281	0.5185	12.774877777777778
H1977	E	10	l-isoleucine	amino_acid	B	0.9693920123164128	0.4409166666666667	11.538856944444445
H1977	E	10	l-isoleucine	amino_acid	C	0.7976094484895536	0.3685	9.330072222222222
H1977	E	10	l-isoleucine	amino_acid	D	0.7317124239511021	0.363	9.0081
H1977	E	10	l-isoleucine	amino_acid	E	0.6182972291299961	0.2843333333333334	6.478855555555556
H1977	E	10	l-isoleucine	amino_acid	F	0.8928804559586158	0.4736999999999999	10.938577777777779
H1977	E	10	l-isoleucine	amino_acid	G	0.5036770594061821	0.482	10.755616666666667
H1977	E	10	l-isoleucine	amino_acid	H	0.6287848136326798	0.3710833333333333	8.436084722222223
H1977	E	10	l-methionine	amino_acid	A	0.7724848688989567	0.016	0.5333333333333329
H1977	E	10	l-methionine	amino_acid	B	0.7615498836697309	0.00975	0.33823472222222223
H1977	E	10	l-methionine	amino_acid	C	1.1032613011463035	0.01350000000000001	0.49259444444444483
H1977	E	10	l-methionine	amino_acid	D	0.8668602785512359	0.01350000000000001	0.5001944444444448
H1977	E	10	l-methionine	amino_acid	E	1.0044144336544523	0.01275000000000001	0.4818236111111115
H1977	E	10	l-methionine	amino_acid	F	0.7149319820754974	0.01200000000000001	0.47800000000000037
H1977	E	10	l-methionine	amino_acid	G	0.9583975734229643	0.01274999999999999	0.5219458333333329
H1977	E	10	l-methionine	amino_acid	H	0.7786404226846977	0.01274999999999999	0.5310541666666662
H1977	E	10	l-proline	amino_acid	A	1.052539810511208	0.7055833333333332	21.3260875
H1977	E	10	l-proline	amino_acid	B	1.5040461843545854	0.6266666666666667	19.93872777777778
H1977	E	10	l-proline	amino_acid	C	0.9787152688405665	0.5460833333333334	16.597468055555556
H1977	E	10	l-proline	amino_acid	D	1.0004086378457238	0.62405	20.003181944444446
H1977	E	10	l-proline	amino_acid	E	0.6668557865797456	0.6228999999999999	20.115069444444444
H1977	E	10	l-proline	amino_acid	F	0.984839186511103	0.6073	19.54607777777778
H1977	E	10	l-proline	amino_acid	G	0.8716161282815746	0.6058	19.573444444444444
H1977	E	10	l-proline	amino_acid	H	0.8515043230078158	0.7711666666666667	21.74983888888889
H1977	E	10	l-valine	amino_acid	A	0.8681295269850984	0.6526666666666667	16.71366111111111
H1977	E	10	l-valine	amino_acid	B	0.760378146445975	0.5664166666666668	15.507706944444445
H1977	E	10	l-valine	amino_acid	C	0.6975300410934503	0.572	15.443455555555557
H1977	E	10	l-valine	amino_acid	D	1.4270667388717626	0.5783999999999999	15.289005555555557
H1977	E	10	l-valine	amino_acid	E	1.1152319292037862	0.5653500000000001	15.420334722222224
H1977	E	10	l-valine	amino_acid	F	0.9443977367039368	0.5725	15.597272222222223
H1977	E	10	l-valine	amino_acid	G	0.7511256335264388	0.5605	15.271761111111113
H1977	E	10	l-valine	amino_acid	H	0.6440875051273038	0.628	16.793916666666668
H1977	E	10	lactic acid	organic_acid	A	0.9059544181961089	0.9956666666666668	31.60247777777778
H1977	E	10	lactic acid	organic_acid	B	0.8567936772082531	0.941	30.966305555555557
H1977	E	10	lactic acid	organic_acid	C	0.9710816160613683	0.91365	30.795193055555554
H1977	E	10	lactic acid	organic_acid	D	0.9337458055744806	0.91255	30.695806944444445
H1977	E	10	lactic acid	organic_acid	E	0.8039359642470242	0.9219	31.34003888888889
H1977	E	10	lactic acid	organic_acid	F	1.0452305946237292	0.9141	30.98457777777778
H1977	E	10	lactic acid	organic_acid	G	0.9259130292383447	0.932	31.498533333333334
H1977	E	10	lactic acid	organic_acid	H	0.7409268345342644	0.9306	31.418027777777777
H1977	E	10	leucine	amino_acid	A	0.8013739675937782	0.45874999999999994	11.555134722222222
H1977	E	10	leucine	amino_acid	B	0.9831385445363292	0.4330833333333334	10.937951388888889
H1977	E	10	leucine	amino_acid	C	0.8999427163248209	0.42158333333333337	10.929870833333334
H1977	E	10	leucine	amino_acid	D	1.3138282029063926	0.41865	11.064961111111112
H1977	E	10	leucine	amino_acid	E	0.773115028676715	0.4115	11.341583333333334
H1977	E	10	leucine	amino_acid	F	0.9179547031579899	0.3983333333333334	10.891455555555556
H1977	E	10	leucine	amino_acid	G	1.1519852383735478	0.42091666666666666	10.967561111111111
H1977	E	10	leucine	amino_acid	H	0.8231989452846541	0.43375	11.034179166666666
H1977	E	10	malate	organic_acid	A	1.7662976298641082	0.44505	15.162898611111112
H1977	E	10	malate	organic_acid	B	1.2738842612865318	0.4488	15.679944444444445
H1977	E	10	malate	organic_acid	C	1.8827065999646386	0.43995	15.407095833333335
H1977	E	10	malate	organic_acid	D	1.307520262675877	0.4575999999999999	15.464644444444444
H1977	E	10	malate	organic_acid	E	1.2240267935238909	0.4544	15.647538888888889
H1977	E	10	malate	organic_acid	F	1.8564863441132804	0.4535	15.851744444444444
H1977	E	10	malate	organic_acid	G	1.1949326130841762	0.4438	15.094483333333333
H1977	E	10	malate	organic_acid	H	1.543853976550411	0.4373	14.828427777777778
H1977	E	10	malonic acid	organic_acid	A	0.9197776279030987	0.8316666666666667	16.00472777777778
H1977	E	10	malonic acid	organic_acid	B	0.8258074432045884	0.7605000000000001	15.407283333333334
H1977	E	10	malonic acid	organic_acid	C	0.8871115835038346	0.36733333333333335	6.747022222222223
H1977	E	10	malonic acid	organic_acid	D	0.7252917100882564	0.6806000000000001	14.898744444444446
H1977	E	10	malonic acid	organic_acid	E	0.8373803990998342	0.6666000000000001	14.776044444444446
H1977	E	10	malonic acid	organic_acid	F	0.970392214315777	0.67765	14.621031944444445
H1977	E	10	malonic acid	organic_acid	G	0.8336485453102908	0.6734	14.738394444444445
H1977	E	10	malonic acid	organic_acid	H	0.9111749756284323	0.726	15.28795
H1977	E	10	phenylalanine	amino_acid	A	0.8931325804728152	0.504	11.694316666666667
H1977	E	10	phenylalanine	amino_acid	B	0.7128704387146377	0.4060833333333334	10.17292638888889
H1977	E	10	phenylalanine	amino_acid	C	1.18260793734925	0.39616666666666667	10.03448888888889
H1977	E	10	phenylalanine	amino_acid	D	0.7734186144989469	0.36733333333333335	9.734755555555557
H1977	E	10	phenylalanine	amino_acid	E	0.8019071830757669	0.2851666666666667	7.638172222222223
H1977	E	10	phenylalanine	amino_acid	F	0.7990540142080323	0.36616666666666664	9.579672222222223
H1977	E	10	phenylalanine	amino_acid	G	0.8986423021994526	0.394	9.76215
H1977	E	10	phenylalanine	amino_acid	H	0.829142916722459	0.48433333333333334	10.885188888888889
H1977	E	10	pyruvic acid	organic_acid	A	0.9562172274308621	0.7833	21.101847222222222
H1977	E	10	pyruvic acid	organic_acid	B	0.8310248826637371	0.6824	19.737827777777778
H1977	E	10	pyruvic acid	organic_acid	C	0.8788835567896617	0.6847500000000001	20.000205555555556
H1977	E	10	pyruvic acid	organic_acid	D	0.7835953669603087	0.673	19.53095
H1977	E	10	pyruvic acid	organic_acid	E	0.8965702056182988	0.5643333333333334	16.21698888888889
H1977	E	10	pyruvic acid	organic_acid	F	1.0092750870235474	0.66775	18.693873611111112
H1977	E	10	pyruvic acid	organic_acid	G	0.9799237266075819	0.67525	19.668031944444444
H1977	E	10	pyruvic acid	organic_acid	H	0.8653187213003276	0.8394999999999999	22.33727777777778
H1977	E	10	salicylic acid	organic_acid	A	0.6631394731730046	0.12566666666666668	2.324427777777778
H1977	E	10	salicylic acid	organic_acid	B	1.2755768782667085	0.13491666666666666	2.325011111111111
H1977	E	10	salicylic acid	organic_acid	C	0.7003713795483693	0.11125000000000002	1.9120958333333335
H1977	E	10	salicylic acid	organic_acid	D	0.8677778427469128	0.12224999999999998	2.086501388888889
H1977	E	10	salicylic acid	organic_acid	E	0.6141504535167209	0.1255833333333333	2.481934722222222
H1977	E	10	salicylic acid	organic_acid	F	1.1403313775875987	0.12083333333333332	1.8688000000000002
H1977	E	10	salicylic acid	organic_acid	G	0.9643845130642205	0.1255	2.0560055555555556
H1977	E	10	salicylic acid	organic_acid	H	0.7052487156897679	0.12466666666666666	2.1186777777777777
H1977	E	10	serine	amino_acid	A	0.8042039033821108	0.28008333333333335	7.405593055555555
H1977	E	10	serine	amino_acid	B	0.8011598733730522	0.26833333333333337	7.156888888888889
H1977	E	10	serine	amino_acid	C	0.8658350402516289	0.286	7.297300000000001
H1977	E	10	serine	amino_acid	D	0.7964796563294282	0.27566666666666667	7.070061111111111
H1977	E	10	serine	amino_acid	E	1.0405104932274079	0.28225	7.497248611111111
H1977	E	10	serine	amino_acid	F	0.9201619180815775	0.4115	13.938491666666668
H1977	E	10	serine	amino_acid	G	1.019904306743662	0.4325500000000001	14.655818055555555
H1977	E	10	serine	amino_acid	H	1.0233778711658525	0.46074999999999994	15.286095833333333
H1977	E	10	shikimic acid	organic_acid	A	1.071080498658964	0.36344999999999994	11.567183333333332
H1977	E	10	shikimic acid	organic_acid	B	0.994541809132027	0.34750000000000003	11.167883333333334
H1977	E	10	shikimic acid	organic_acid	C	0.9995625358946564	0.38891666666666663	12.221077777777777
H1977	E	10	shikimic acid	organic_acid	D	0.7541767259509756	0.2938	9.382394444444445
H1977	E	10	shikimic acid	organic_acid	E	0.726567181104595	0.331	10.875477777777778
H1977	E	10	shikimic acid	organic_acid	F	0.8934814818092752	0.3284	10.829394444444445
H1977	E	10	shikimic acid	organic_acid	G	1.0651694881545508	0.33305	11.069972222222221
H1977	E	10	shikimic acid	organic_acid	H	0.7345647051251087	0.33015	11.025318055555555
H1977	E	10	sodium acetate	organic_acid	A	0.8685543215310797	0.55605	10.740605555555556
H1977	E	10	sodium acetate	organic_acid	B	0.5908005315255199	0.3073	7.158216666666667
H1977	E	10	sodium acetate	organic_acid	C	0.6998518273014405	0.23074999999999996	4.836154166666667
H1977	E	10	sodium acetate	organic_acid	D	0.49975734599973237	0.4341	9.656811111111113
H1977	E	10	sodium acetate	organic_acid	E	0.6042671250077714	0.43600000000000005	9.718950000000001
H1977	E	10	sodium acetate	organic_acid	F	0.5086008797825573	0.43400000000000005	9.589370833333335
H1977	E	10	sodium acetate	organic_acid	G	0.6354207753289128	0.4423000000000001	9.648672222222224
H1977	E	10	sodium acetate	organic_acid	H	0.9137096723263832	0.4762499999999999	10.21257638888889
H1977	E	10	starch	sugar	A	0.8533413913613663	0.1375	4.499605555555556
H1977	E	10	starch	sugar	B	0.9842885562299974	0.12525	3.9451263888888892
H1977	E	10	starch	sugar	C	0.8996383907639548	0.11859999999999998	3.528877777777778
H1977	E	10	starch	sugar	D	0.9307854462902364	0.11475	3.4297013888888888
H1977	E	10	starch	sugar	E	0.9646669387181334	0.1166	3.5642166666666664
H1977	E	10	starch	sugar	F	0.9256511545866967	0.10895	3.149923611111111
H1977	E	10	starch	sugar	G	0.9251993786664191	0.09825	2.8994097222222224
H1977	E	10	starch	sugar	H	0.9620469848225682	0.16208333333333333	4.165026388888889
H1977	E	10	succinic acid	organic_acid	A	0.71353030628912	0.7044166666666667	21.769723611111115
H1977	E	10	succinic acid	organic_acid	B	0.8605812921794183	0.5816666666666667	18.08481111111111
H1977	E	10	succinic acid	organic_acid	C	0.9901130809831841	0.84495	21.69016666666667
H1977	E	10	succinic acid	organic_acid	D	0.7258134035517062	0.7010833333333334	20.318759722222225
H1977	E	10	succinic acid	organic_acid	E	1.13576580568263	0.5271666666666667	15.748633333333334
H1977	E	10	succinic acid	organic_acid	F	0.7522191542599718	0.8305	20.990237500000003
H1977	E	10	succinic acid	organic_acid	G	0.9518516303458983	0.83685	21.205043055555556
H1977	E	10	succinic acid	organic_acid	H	0.9475642467747832	0.8466	21.81703888888889
H1977	E	10	sucrose	sugar	A	0.6582448043574289	0.6656666666666667	19.027977777777778
H1977	E	10	sucrose	sugar	B	1.0230525106478614	0.4658	15.588333333333333
H1977	E	10	sucrose	sugar	C	0.9093981718276999	0.5137	15.627927777777778
H1977	E	10	sucrose	sugar	D	0.8621357137505202	0.4638	15.552333333333335
H1977	E	10	sucrose	sugar	E	1.0574090098394713	0.5094	15.5555
H1977	E	10	sucrose	sugar	F	1.3710881049625028	0.48655	15.261365277777777
H1977	E	10	sucrose	sugar	G	1.2077416593766308	0.47805	14.892433333333333
H1977	E	10	sucrose	sugar	H	1.3108685221225822	0.4711	14.728594444444445
H1977	E	10	taurine	amino_acid	A	0.9185119275459823	0.1636666666666667	4.189627777777778
H1977	E	10	taurine	amino_acid	B	1.268844281255731	0.12491666666666663	3.305911111111111
H1977	E	10	taurine	amino_acid	C	0.9865299045916808	0.12641666666666665	3.6348402777777777
H1977	E	10	taurine	amino_acid	D	0.8442438364821337	0.112	3.2399666666666667
H1977	E	10	taurine	amino_acid	E	0.6721522876577234	0.121	3.265816666666667
H1977	E	10	taurine	amino_acid	F	0.897343402429521	0.10341666666666666	2.8683402777777776
H1977	E	10	taurine	amino_acid	G	0.8055441964139104	0.1275	3.1394277777777777
H1977	E	10	taurine	amino_acid	H	0.6780331220448188	0.14933333333333337	3.4240222222222223
H1977	E	10	threonine	amino_acid	A	0.7344973020099234	0.20875	3.6533958333333336
H1977	E	10	threonine	amino_acid	B	0.6770933592348052	0.244	4.021116666666667
H1977	E	10	threonine	amino_acid	C	0.7334418746602326	0.238	4.039066666666667
H1977	E	10	threonine	amino_acid	D	0.8278947666092774	0.23966666666666667	4.070861111111111
H1977	E	10	threonine	amino_acid	E	0.8439406913233353	0.25233333333333335	4.1281388888888895
H1977	E	10	threonine	amino_acid	F	0.7765235519863588	0.25133333333333335	4.25268888888889
H1977	E	10	threonine	amino_acid	G	0.8525933755592816	0.242	4.392166666666667
H1977	E	10	threonine	amino_acid	H	0.694428768931919	0.259	4.430533333333334
H1977	E	10	xylose	sugar	A	0.7461674740555897	0.1914	5.300977777777778
H1977	E	10	xylose	sugar	B	0.8783663338340005	0.16299999999999998	4.537833333333333
H1977	E	10	xylose	sugar	C	0.8728929262538423	0.16549999999999998	4.714533333333334
H1977	E	10	xylose	sugar	D	0.8806065690712703	0.14740000000000003	4.535044444444445
H1977	E	10	xylose	sugar	E	1.2507794530868506	0.15445	4.744566666666667
H1977	E	10	xylose	sugar	F	0.9725080615709373	0.15500000000000003	4.551394444444445
H1977	E	10	xylose	sugar	G	0.8060960447475102	0.1155	3.4642
H1977	E	10	xylose	sugar	H	0.9158067183345864	0.14375000000000002	3.734715277777778
